category,product_name,product_url,date,verified_purchase,star_rating,review_text,variant,helpful_count,language_type,sentiment_polarity,aspects,authenticity,notes
electronics,(1.5M/3M/5M/10M) 3.5 MM Male Jack to AV 2 RCA Male Stereo Music Audio Cable Cord AUX for Mp3 Pod Phone TV Sound Speakers,https://www.daraz.lk/products/15m3m5m10m-35-mm-male-jack-to-av-2-rca-male-stereo-music-audio-cable-cord-aux-for-mp3-pod-phone-tv-sound-speakers-i122935909.html,3/25/25,TRUE,5,"I bought this, you can buy it from this seller without fear. 
බය නැතුව ගන්න මේ සේලර් ගෙන් මම ගත්තා 👌 ගොඩක් කොලට්‍ යි මේක....",වර්ණ කාණ්ඩය:5M,4,,,,,
electronics,(1.5M/3M/5M/10M) 3.5 MM Male Jack to AV 2 RCA Male Stereo Music Audio Cable Cord AUX for Mp3 Pod Phone TV Sound Speakers,https://www.daraz.lk/products/15m3m5m10m-35-mm-male-jack-to-av-2-rca-male-stereo-music-audio-cable-cord-aux-for-mp3-pod-phone-tv-sound-speakers-i122935909.html,1/22/25,TRUE,5,"Item received very fast , in good Condition and as mentioned on the Advertisement. I didn’t get a chance to check if it is working yet and I believe that it will be alright too… Overall satisfied. Seller recommended as per the above mentioned details.",Color Family:3M,2,,,,,
electronics,(1.5M/3M/5M/10M) 3.5 MM Male Jack to AV 2 RCA Male Stereo Music Audio Cable Cord AUX for Mp3 Pod Phone TV Sound Speakers,https://www.daraz.lk/products/15m3m5m10m-35-mm-male-jack-to-av-2-rca-male-stereo-music-audio-cable-cord-aux-for-mp3-pod-phone-tv-sound-speakers-i122935909.html,6/6/26,TRUE,5,thankfully Oder is completely delivery successful really appreciate 👍,Color Family:10M,0,,,,,
electronics,(1.5M/3M/5M/10M) 3.5 MM Male Jack to AV 2 RCA Male Stereo Music Audio Cable Cord AUX for Mp3 Pod Phone TV Sound Speakers,https://www.daraz.lk/products/15m3m5m10m-35-mm-male-jack-to-av-2-rca-male-stereo-music-audio-cable-cord-aux-for-mp3-pod-phone-tv-sound-speakers-i122935909.html,7/27/24,TRUE,5,"works well , good product and thanks for the good seller supplying the order quickly than expected time",Color Family:1.5M,3,,,,,
electronics,(1.5M/3M/5M/10M) 3.5 MM Male Jack to AV 2 RCA Male Stereo Music Audio Cable Cord AUX for Mp3 Pod Phone TV Sound Speakers,https://www.daraz.lk/products/15m3m5m10m-35-mm-male-jack-to-av-2-rca-male-stereo-music-audio-cable-cord-aux-for-mp3-pod-phone-tv-sound-speakers-i122935909.html,10/9/24,TRUE,5,කිසිම අවුලක් නෑ දැන් අරං දවස් 3ක් විතර ඇති ඒත් කිසිම අවුලක් නැ ☺️😍,Color Family:1.5M,4,,,,,
electronics,(1.5M/3M/5M/10M) 3.5 MM Male Jack to AV 2 RCA Male Stereo Music Audio Cable Cord AUX for Mp3 Pod Phone TV Sound Speakers,https://www.daraz.lk/products/15m3m5m10m-35-mm-male-jack-to-av-2-rca-male-stereo-music-audio-cable-cord-aux-for-mp3-pod-phone-tv-sound-speakers-i122935909.html,7/27/24,TRUE,5,"works well , good product and thanks for the good seller supplying the order quickly than expected time",Color Family:1.5M,3,,,,,
electronics,(1.5M/3M/5M/10M) 3.5 MM Male Jack to AV 2 RCA Male Stereo Music Audio Cable Cord AUX for Mp3 Pod Phone TV Sound Speakers,https://www.daraz.lk/products/15m3m5m10m-35-mm-male-jack-to-av-2-rca-male-stereo-music-audio-cable-cord-aux-for-mp3-pod-phone-tv-sound-speakers-i122935909.html,10/9/24,TRUE,5,කිසිම අවුලක් නෑ දැන් අරං දවස් 3ක් විතර ඇති ඒත් කිසිම අවුලක් නැ ☺️😍,Color Family:1.5M,4,,,,,
electronics,(1.5M/3M/5M/10M) 3.5 MM Male Jack to AV 2 RCA Male Stereo Music Audio Cable Cord AUX for Mp3 Pod Phone TV Sound Speakers,https://www.daraz.lk/products/15m3m5m10m-35-mm-male-jack-to-av-2-rca-male-stereo-music-audio-cable-cord-aux-for-mp3-pod-phone-tv-sound-speakers-i122935909.html,4/11/26,TRUE,5,Good product that is really worth this price. Thank you Daraz,Color Family:5M,0,,,,,
electronics,(1.5M/3M/5M/10M) 3.5 MM Male Jack to AV 2 RCA Male Stereo Music Audio Cable Cord AUX for Mp3 Pod Phone TV Sound Speakers,https://www.daraz.lk/products/15m3m5m10m-35-mm-male-jack-to-av-2-rca-male-stereo-music-audio-cable-cord-aux-for-mp3-pod-phone-tv-sound-speakers-i122935909.html,3/18/25,TRUE,5,අව්ලක් නෑ හොදට වැඩ කරනවා..දවස් දෙකෙන් ආවා..🙂💗,Color Family:1.5M,1,,,,,
electronics,(1.5M/3M/5M/10M) 3.5 MM Male Jack to AV 2 RCA Male Stereo Music Audio Cable Cord AUX for Mp3 Pod Phone TV Sound Speakers,https://www.daraz.lk/products/15m3m5m10m-35-mm-male-jack-to-av-2-rca-male-stereo-music-audio-cable-cord-aux-for-mp3-pod-phone-tv-sound-speakers-i122935909.html,2/26/26,TRUE,5,good product worth for money thank you daraz,Color Family:1.5M,0,,,,,
electronics,(1.5M/3M/5M/10M) 3.5 MM Male Jack to AV 2 RCA Male Stereo Music Audio Cable Cord AUX for Mp3 Pod Phone TV Sound Speakers,https://www.daraz.lk/products/15m3m5m10m-35-mm-male-jack-to-av-2-rca-male-stereo-music-audio-cable-cord-aux-for-mp3-pod-phone-tv-sound-speakers-i122935909.html,4/12/25,TRUE,5,"Very good product 
Recommend 
Worth for price",Color Family:1.5M,0,,,,,
electronics,(1.5M/3M/5M/10M) 3.5 MM Male Jack to AV 2 RCA Male Stereo Music Audio Cable Cord AUX for Mp3 Pod Phone TV Sound Speakers,https://www.daraz.lk/products/15m3m5m10m-35-mm-male-jack-to-av-2-rca-male-stereo-music-audio-cable-cord-aux-for-mp3-pod-phone-tv-sound-speakers-i122935909.html,5/30/26,TRUE,5,"Good product, also delivered quickly, Thanks",Color Family:3M,0,,,,,
electronics,(1.5M/3M/5M/10M) 3.5 MM Male Jack to AV 2 RCA Male Stereo Music Audio Cable Cord AUX for Mp3 Pod Phone TV Sound Speakers,https://www.daraz.lk/products/15m3m5m10m-35-mm-male-jack-to-av-2-rca-male-stereo-music-audio-cable-cord-aux-for-mp3-pod-phone-tv-sound-speakers-i122935909.html,2/28/26,TRUE,5,goood product and fast dilivery.thank,Color Family:1.5M,0,,,,,
electronics,(1.5M/3M/5M/10M) 3.5 MM Male Jack to AV 2 RCA Male Stereo Music Audio Cable Cord AUX for Mp3 Pod Phone TV Sound Speakers,https://www.daraz.lk/products/15m3m5m10m-35-mm-male-jack-to-av-2-rca-male-stereo-music-audio-cable-cord-aux-for-mp3-pod-phone-tv-sound-speakers-i122935909.html,5/13/25,TRUE,5,Good Product and Satisfied.,Color Family:1.5M,0,,,,,
electronics,(1.5M/3M/5M/10M) 3.5 MM Male Jack to AV 2 RCA Male Stereo Music Audio Cable Cord AUX for Mp3 Pod Phone TV Sound Speakers,https://www.daraz.lk/products/15m3m5m10m-35-mm-male-jack-to-av-2-rca-male-stereo-music-audio-cable-cord-aux-for-mp3-pod-phone-tv-sound-speakers-i122935909.html,8/13/24,TRUE,5,Works like a charm. Fast delivery.,Color Family:5M,0,,,,,
electronics,(1.5M/3M/5M/10M) 3.5 MM Male Jack to AV 2 RCA Male Stereo Music Audio Cable Cord AUX for Mp3 Pod Phone TV Sound Speakers,https://www.daraz.lk/products/15m3m5m10m-35-mm-male-jack-to-av-2-rca-male-stereo-music-audio-cable-cord-aux-for-mp3-pod-phone-tv-sound-speakers-i122935909.html,4/18/26,TRUE,5,Good,Color Family:1.5M,0,,,,,
electronics,(1.5M/3M/5M/10M) 3.5 MM Male Jack to AV 2 RCA Male Stereo Music Audio Cable Cord AUX for Mp3 Pod Phone TV Sound Speakers,https://www.daraz.lk/products/15m3m5m10m-35-mm-male-jack-to-av-2-rca-male-stereo-music-audio-cable-cord-aux-for-mp3-pod-phone-tv-sound-speakers-i122935909.html,8/10/25,TRUE,5,වටිනවා!,Color Family:1.5M,0,,,,,
electronics,(1.5M/3M/5M/10M) 3.5 MM Male Jack to AV 2 RCA Male Stereo Music Audio Cable Cord AUX for Mp3 Pod Phone TV Sound Speakers,https://www.daraz.lk/products/15m3m5m10m-35-mm-male-jack-to-av-2-rca-male-stereo-music-audio-cable-cord-aux-for-mp3-pod-phone-tv-sound-speakers-i122935909.html,12/31/25,TRUE,5,Good,Color Family:1.5M,0,,,,,
electronics,(1.5M/3M/5M/10M) 3.5 MM Male Jack to AV 2 RCA Male Stereo Music Audio Cable Cord AUX for Mp3 Pod Phone TV Sound Speakers,https://www.daraz.lk/products/15m3m5m10m-35-mm-male-jack-to-av-2-rca-male-stereo-music-audio-cable-cord-aux-for-mp3-pod-phone-tv-sound-speakers-i122935909.html,8/16/23,TRUE,4,"I bought the 3 meter long cable to connect my computer to my amp which is powering 2 studio monitors with a dedicated sub. I was afraid the cable would pick up interference from other electronic stuff but audibly I hear no difference which is a good thing. No distortion/ no weird electronic noises. / No hissing. 

Apart from that. The build quality of this cable is obviously low for the price. You get what you pay form. I'll probably go with a more premium cable later. So this is more than enough for now.",Color Family:3M,0,,,,,
electronics,(1.5M/3M/5M/10M) 3.5 MM Male Jack to AV 2 RCA Male Stereo Music Audio Cable Cord AUX for Mp3 Pod Phone TV Sound Speakers,https://www.daraz.lk/products/15m3m5m10m-35-mm-male-jack-to-av-2-rca-male-stereo-music-audio-cable-cord-aux-for-mp3-pod-phone-tv-sound-speakers-i122935909.html,7/6/23,TRUE,5,10m Cable එකක් ගත්තෙ.කිසිම අවුලක් නෑ.සුපිරියටම තියනව.හොඳට Packing කරල එවල තිබුනා.Good Seller,වර්ණ කාණ්ඩය:10M,2,,,,,
electronics,(1.5M/3M/5M/10M) 3.5 MM Male Jack to AV 2 RCA Male Stereo Music Audio Cable Cord AUX for Mp3 Pod Phone TV Sound Speakers,https://www.daraz.lk/products/15m3m5m10m-35-mm-male-jack-to-av-2-rca-male-stereo-music-audio-cable-cord-aux-for-mp3-pod-phone-tv-sound-speakers-i122935909.html,5/30/22,TRUE,5,"ගෙවන මුදලට වටිනවා. sound හොඳ කොලිටි. ඩිලිවරි එකත් ඉක්මනින් ලැබුණා. i recommend this seller ,good quality products. thank you daraz 👍👍👍👍",Color Family:1.5M,4,,,,,
electronics,(1.5M/3M/5M/10M) 3.5 MM Male Jack to AV 2 RCA Male Stereo Music Audio Cable Cord AUX for Mp3 Pod Phone TV Sound Speakers,https://www.daraz.lk/products/15m3m5m10m-35-mm-male-jack-to-av-2-rca-male-stereo-music-audio-cable-cord-aux-for-mp3-pod-phone-tv-sound-speakers-i122935909.html,7/20/22,TRUE,5,"Its just legit! the quality is great, pretty decent to be honest, the black cable looks thick, overall i like it as well as recommended to others out there!! 😊",Color Family:1.5M,2,,,,,
electronics,(1.5M/3M/5M/10M) 3.5 MM Male Jack to AV 2 RCA Male Stereo Music Audio Cable Cord AUX for Mp3 Pod Phone TV Sound Speakers,https://www.daraz.lk/products/15m3m5m10m-35-mm-male-jack-to-av-2-rca-male-stereo-music-audio-cable-cord-aux-for-mp3-pod-phone-tv-sound-speakers-i122935909.html,5/17/24,TRUE,5,Supar ❤️‍🔥,Color Family:1.5M,1,,,,,
electronics,(1.5M/3M/5M/10M) 3.5 MM Male Jack to AV 2 RCA Male Stereo Music Audio Cable Cord AUX for Mp3 Pod Phone TV Sound Speakers,https://www.daraz.lk/products/15m3m5m10m-35-mm-male-jack-to-av-2-rca-male-stereo-music-audio-cable-cord-aux-for-mp3-pod-phone-tv-sound-speakers-i122935909.html,6/1/23,TRUE,5,Works really well and as described. Highly recommend! ❤️,Color Family:1.5M,1,,,,,
electronics,(1.5M/3M/5M/10M) 3.5 MM Male Jack to AV 2 RCA Male Stereo Music Audio Cable Cord AUX for Mp3 Pod Phone TV Sound Speakers,https://www.daraz.lk/products/15m3m5m10m-35-mm-male-jack-to-av-2-rca-male-stereo-music-audio-cable-cord-aux-for-mp3-pod-phone-tv-sound-speakers-i122935909.html,6/20/24,TRUE,5,Really a very good wire cord delivery very fast good seller thank you very much,Color Family:1.5M,0,,,,,
electronics,(1.5M/3M/5M/10M) 3.5 MM Male Jack to AV 2 RCA Male Stereo Music Audio Cable Cord AUX for Mp3 Pod Phone TV Sound Speakers,https://www.daraz.lk/products/15m3m5m10m-35-mm-male-jack-to-av-2-rca-male-stereo-music-audio-cable-cord-aux-for-mp3-pod-phone-tv-sound-speakers-i122935909.html,4/26/24,TRUE,5,"දවස් 3 න් ආවා...බය නැතුව ගන්න...කඩෙන් ගන්නවට වැඩිය පට්ට ලෙසියි,අනික sure මේ Daraz එකේ shop එකකින් ordor කරාම......seller and dilivery service එකත් සුපිරි....💯💯💯💯👍👍👍",Color Family:1.5M,0,,,,,
electronics,(1.5M/3M/5M/10M) 3.5 MM Male Jack to AV 2 RCA Male Stereo Music Audio Cable Cord AUX for Mp3 Pod Phone TV Sound Speakers,https://www.daraz.lk/products/15m3m5m10m-35-mm-male-jack-to-av-2-rca-male-stereo-music-audio-cable-cord-aux-for-mp3-pod-phone-tv-sound-speakers-i122935909.html,7/14/23,TRUE,5,good,Color Family:1.5M,0,,,,,
electronics,(1.5M/3M/5M/10M) 3.5 MM Male Jack to AV 2 RCA Male Stereo Music Audio Cable Cord AUX for Mp3 Pod Phone TV Sound Speakers,https://www.daraz.lk/products/15m3m5m10m-35-mm-male-jack-to-av-2-rca-male-stereo-music-audio-cable-cord-aux-for-mp3-pod-phone-tv-sound-speakers-i122935909.html,5/9/23,TRUE,5,👍,Color Family:10M,0,,,,,
electronics,(1.5M/3M/5M/10M) 3.5 MM Male Jack to AV 2 RCA Male Stereo Music Audio Cable Cord AUX for Mp3 Pod Phone TV Sound Speakers,https://www.daraz.lk/products/15m3m5m10m-35-mm-male-jack-to-av-2-rca-male-stereo-music-audio-cable-cord-aux-for-mp3-pod-phone-tv-sound-speakers-i122935909.html,2/17/24,TRUE,5,good quality product,Color Family:1.5M,0,,,,,
electronics,(1.5M/3M/5M/10M) 3.5 MM Male Jack to AV 2 RCA Male Stereo Music Audio Cable Cord AUX for Mp3 Pod Phone TV Sound Speakers,https://www.daraz.lk/products/15m3m5m10m-35-mm-male-jack-to-av-2-rca-male-stereo-music-audio-cable-cord-aux-for-mp3-pod-phone-tv-sound-speakers-i122935909.html,1/5/22,TRUE,5,නියමයි sound සුපිරියට වැඩ කරනවා... ...,Color Family:1.5M,1,,,,,
electronics,(1.5M/3M/5M/10M) 3.5 MM Male Jack to AV 2 RCA Male Stereo Music Audio Cable Cord AUX for Mp3 Pod Phone TV Sound Speakers,https://www.daraz.lk/products/15m3m5m10m-35-mm-male-jack-to-av-2-rca-male-stereo-music-audio-cable-cord-aux-for-mp3-pod-phone-tv-sound-speakers-i122935909.html,1/3/24,TRUE,5,good & fast  👍👍👍👍,Color Family:1.5M,0,,,,,
electronics,(1.5M/3M/5M/10M) 3.5 MM Male Jack to AV 2 RCA Male Stereo Music Audio Cable Cord AUX for Mp3 Pod Phone TV Sound Speakers,https://www.daraz.lk/products/15m3m5m10m-35-mm-male-jack-to-av-2-rca-male-stereo-music-audio-cable-cord-aux-for-mp3-pod-phone-tv-sound-speakers-i122935909.html,10/24/24,TRUE,5,"3.5 mm is not made to the proper scale.
discontinued time to  time and make noise.",Color Family:1.5M,0,,,,,
electronics,(1.5M/3M/5M/10M) 3.5 MM Male Jack to AV 2 RCA Male Stereo Music Audio Cable Cord AUX for Mp3 Pod Phone TV Sound Speakers,https://www.daraz.lk/products/15m3m5m10m-35-mm-male-jack-to-av-2-rca-male-stereo-music-audio-cable-cord-aux-for-mp3-pod-phone-tv-sound-speakers-i122935909.html,9/23/25,TRUE,5,"Cable ekanam hodai 
habai 1.5m kiyala genapu eke 1.2m wage thama diga thiyenne",Color Family:1.5M,0,,,,,
electronics,(1.5M/3M/5M/10M) 3.5 MM Male Jack to AV 2 RCA Male Stereo Music Audio Cable Cord AUX for Mp3 Pod Phone TV Sound Speakers,https://www.daraz.lk/products/15m3m5m10m-35-mm-male-jack-to-av-2-rca-male-stereo-music-audio-cable-cord-aux-for-mp3-pod-phone-tv-sound-speakers-i122935909.html,12/23/21,TRUE,5,Mona wunath supiri Digata ahema thiyanawa meka nisa mage PC eka speaker ekata connect kranna puluwan ☺️☺️☺️ oder kare iye package ea ada awa mara fast delivery eka,Color Family:1.5M,0,,,,,
electronics,(1.5M/3M/5M/10M) 3.5 MM Male Jack to AV 2 RCA Male Stereo Music Audio Cable Cord AUX for Mp3 Pod Phone TV Sound Speakers,https://www.daraz.lk/products/15m3m5m10m-35-mm-male-jack-to-av-2-rca-male-stereo-music-audio-cable-cord-aux-for-mp3-pod-phone-tv-sound-speakers-i122935909.html,10/6/24,TRUE,5,அவர் கூறுகையில் கடந்த ஆண்டு கொரோனா பரவல் காரணமாக பள்ளிகள் மூடப்பட்டன,Color Family:5M,0,,,,,
electronics,(1.5M/3M/5M/10M) 3.5 MM Male Jack to AV 2 RCA Male Stereo Music Audio Cable Cord AUX for Mp3 Pod Phone TV Sound Speakers,https://www.daraz.lk/products/15m3m5m10m-35-mm-male-jack-to-av-2-rca-male-stereo-music-audio-cable-cord-aux-for-mp3-pod-phone-tv-sound-speakers-i122935909.html,5/2/25,TRUE,5,Good Quality .ගෙවනගානට වඩා වටිනවා..කිසි අවූලක් නෑ..බය නැතුව ගන්න,Color Family:1.5M,0,,,,,
electronics,(1.5M/3M/5M/10M) 3.5 MM Male Jack to AV 2 RCA Male Stereo Music Audio Cable Cord AUX for Mp3 Pod Phone TV Sound Speakers,https://www.daraz.lk/products/15m3m5m10m-35-mm-male-jack-to-av-2-rca-male-stereo-music-audio-cable-cord-aux-for-mp3-pod-phone-tv-sound-speakers-i122935909.html,3/24/25,TRUE,5,this item is a best quality product and fast shipping service,Color Family:1.5M,0,,,,,
electronics,(1.5M/3M/5M/10M) 3.5 MM Male Jack to AV 2 RCA Male Stereo Music Audio Cable Cord AUX for Mp3 Pod Phone TV Sound Speakers,https://www.daraz.lk/products/15m3m5m10m-35-mm-male-jack-to-av-2-rca-male-stereo-music-audio-cable-cord-aux-for-mp3-pod-phone-tv-sound-speakers-i122935909.html,12/14/25,TRUE,5,"Product is very good quality, It's valuable to our paid money.",Color Family:1.5M,0,,,,,
electronics,(1.5M/3M/5M/10M) 3.5 MM Male Jack to AV 2 RCA Male Stereo Music Audio Cable Cord AUX for Mp3 Pod Phone TV Sound Speakers,https://www.daraz.lk/products/15m3m5m10m-35-mm-male-jack-to-av-2-rca-male-stereo-music-audio-cable-cord-aux-for-mp3-pod-phone-tv-sound-speakers-i122935909.html,1/26/25,TRUE,5,"works good working nice , fast delivery good product",Color Family:1.5M,0,,,,,
electronics,(1.5M/3M/5M/10M) 3.5 MM Male Jack to AV 2 RCA Male Stereo Music Audio Cable Cord AUX for Mp3 Pod Phone TV Sound Speakers,https://www.daraz.lk/products/15m3m5m10m-35-mm-male-jack-to-av-2-rca-male-stereo-music-audio-cable-cord-aux-for-mp3-pod-phone-tv-sound-speakers-i122935909.html,5/9/26,TRUE,5,pattto oi anivern ganim patta pakehinggammk thami,Color Family:1.5M,0,,,,,
electronics,(1.5M/3M/5M/10M) 3.5 MM Male Jack to AV 2 RCA Male Stereo Music Audio Cable Cord AUX for Mp3 Pod Phone TV Sound Speakers,https://www.daraz.lk/products/15m3m5m10m-35-mm-male-jack-to-av-2-rca-male-stereo-music-audio-cable-cord-aux-for-mp3-pod-phone-tv-sound-speakers-i122935909.html,10/7/22,TRUE,2,Good Cable But Small Sound One My 5.1 Audio System Noice,Color Family:10M,1,,,,,
electronics,(1.5M/3M/5M/10M) 3.5 MM Male Jack to AV 2 RCA Male Stereo Music Audio Cable Cord AUX for Mp3 Pod Phone TV Sound Speakers,https://www.daraz.lk/products/15m3m5m10m-35-mm-male-jack-to-av-2-rca-male-stereo-music-audio-cable-cord-aux-for-mp3-pod-phone-tv-sound-speakers-i122935909.html,1/19/26,TRUE,5,yes it is good.workinh well. recommended,Color Family:3M,0,,,,,
electronics,(1.5M/3M/5M/10M) 3.5 MM Male Jack to AV 2 RCA Male Stereo Music Audio Cable Cord AUX for Mp3 Pod Phone TV Sound Speakers,https://www.daraz.lk/products/15m3m5m10m-35-mm-male-jack-to-av-2-rca-male-stereo-music-audio-cable-cord-aux-for-mp3-pod-phone-tv-sound-speakers-i122935909.html,6/18/23,TRUE,5,iam no happy this product,වර්ණ කාණ්ඩය:1.5M,0,,,,,
electronics,(1.5M/3M/5M/10M) 3.5 MM Male Jack to AV 2 RCA Male Stereo Music Audio Cable Cord AUX for Mp3 Pod Phone TV Sound Speakers,https://www.daraz.lk/products/15m3m5m10m-35-mm-male-jack-to-av-2-rca-male-stereo-music-audio-cable-cord-aux-for-mp3-pod-phone-tv-sound-speakers-i122935909.html,6/25/25,TRUE,5,"good product 👌🏻💯
quick delivery 👌🏻",Color Family:1.5M,0,,,,,
electronics,(1.5M/3M/5M/10M) 3.5 MM Male Jack to AV 2 RCA Male Stereo Music Audio Cable Cord AUX for Mp3 Pod Phone TV Sound Speakers,https://www.daraz.lk/products/15m3m5m10m-35-mm-male-jack-to-av-2-rca-male-stereo-music-audio-cable-cord-aux-for-mp3-pod-phone-tv-sound-speakers-i122935909.html,8/17/24,TRUE,5,superb.best for the price.no complaints. highly recommend.,Color Family:1.5M,0,,,,,
electronics,(1.5M/3M/5M/10M) 3.5 MM Male Jack to AV 2 RCA Male Stereo Music Audio Cable Cord AUX for Mp3 Pod Phone TV Sound Speakers,https://www.daraz.lk/products/15m3m5m10m-35-mm-male-jack-to-av-2-rca-male-stereo-music-audio-cable-cord-aux-for-mp3-pod-phone-tv-sound-speakers-i122935909.html,10/10/25,TRUE,5,Nice. It works well. Worth for price.,Color Family:1.5M,0,,,,,
electronics,(1.5M/3M/5M/10M) 3.5 MM Male Jack to AV 2 RCA Male Stereo Music Audio Cable Cord AUX for Mp3 Pod Phone TV Sound Speakers,https://www.daraz.lk/products/15m3m5m10m-35-mm-male-jack-to-av-2-rca-male-stereo-music-audio-cable-cord-aux-for-mp3-pod-phone-tv-sound-speakers-i122935909.html,10/16/24,TRUE,5,Good product. I recommend to buy this,Color Family:1.5M,0,,,,,
electronics,(1.5M/3M/5M/10M) 3.5 MM Male Jack to AV 2 RCA Male Stereo Music Audio Cable Cord AUX for Mp3 Pod Phone TV Sound Speakers,https://www.daraz.lk/products/15m3m5m10m-35-mm-male-jack-to-av-2-rca-male-stereo-music-audio-cable-cord-aux-for-mp3-pod-phone-tv-sound-speakers-i122935909.html,7/7/25,TRUE,5,Very good product.  delivered on time,Color Family:1.5M,0,,,,,
electronics,(1.5M/3M/5M/10M) 3.5 MM Male Jack to AV 2 RCA Male Stereo Music Audio Cable Cord AUX for Mp3 Pod Phone TV Sound Speakers,https://www.daraz.lk/products/15m3m5m10m-35-mm-male-jack-to-av-2-rca-male-stereo-music-audio-cable-cord-aux-for-mp3-pod-phone-tv-sound-speakers-i122935909.html,9/15/25,TRUE,5,Good product works as described,Color Family:1.5M,0,,,,,
electronics,(1.5M/3M/5M/10M) 3.5 MM Male Jack to AV 2 RCA Male Stereo Music Audio Cable Cord AUX for Mp3 Pod Phone TV Sound Speakers,https://www.daraz.lk/products/15m3m5m10m-35-mm-male-jack-to-av-2-rca-male-stereo-music-audio-cable-cord-aux-for-mp3-pod-phone-tv-sound-speakers-i122935909.html,11/6/25,TRUE,5,"Wonderful product 
Great sound",Color Family:5M,0,,,,,
electronics,(1.5M/3M/5M/10M) 3.5 MM Male Jack to AV 2 RCA Male Stereo Music Audio Cable Cord AUX for Mp3 Pod Phone TV Sound Speakers,https://www.daraz.lk/products/15m3m5m10m-35-mm-male-jack-to-av-2-rca-male-stereo-music-audio-cable-cord-aux-for-mp3-pod-phone-tv-sound-speakers-i122935909.html,10/24/25,TRUE,5,හොදයි ඉක්මනින් අවා සෙවාව හොදයි,Color Family:1.5M,0,,,,,
electronics,(1.5M/3M/5M/10M) 3.5 MM Male Jack to AV 2 RCA Male Stereo Music Audio Cable Cord AUX for Mp3 Pod Phone TV Sound Speakers,https://www.daraz.lk/products/15m3m5m10m-35-mm-male-jack-to-av-2-rca-male-stereo-music-audio-cable-cord-aux-for-mp3-pod-phone-tv-sound-speakers-i122935909.html,5/10/26,TRUE,5,"Great product 
Fast delivery",Color Family:1.5M,0,,,,,
electronics,(1.5M/3M/5M/10M) 3.5 MM Male Jack to AV 2 RCA Male Stereo Music Audio Cable Cord AUX for Mp3 Pod Phone TV Sound Speakers,https://www.daraz.lk/products/15m3m5m10m-35-mm-male-jack-to-av-2-rca-male-stereo-music-audio-cable-cord-aux-for-mp3-pod-phone-tv-sound-speakers-i122935909.html,10/10/24,TRUE,5,"Good Quality,Fast Delivery.",Color Family:1.5M,0,,,,,
electronics,(1.5M/3M/5M/10M) 3.5 MM Male Jack to AV 2 RCA Male Stereo Music Audio Cable Cord AUX for Mp3 Pod Phone TV Sound Speakers,https://www.daraz.lk/products/15m3m5m10m-35-mm-male-jack-to-av-2-rca-male-stereo-music-audio-cable-cord-aux-for-mp3-pod-phone-tv-sound-speakers-i122935909.html,1/19/23,TRUE,5,Good product ...i recommended 😋😀,Color Family:1.5M,0,,,,,
electronics,(1.5M/3M/5M/10M) 3.5 MM Male Jack to AV 2 RCA Male Stereo Music Audio Cable Cord AUX for Mp3 Pod Phone TV Sound Speakers,https://www.daraz.lk/products/15m3m5m10m-35-mm-male-jack-to-av-2-rca-male-stereo-music-audio-cable-cord-aux-for-mp3-pod-phone-tv-sound-speakers-i122935909.html,5/19/25,TRUE,5,good product thanks you,Color Family:3M,0,,,,,
electronics,(1.5M/3M/5M/10M) 3.5 MM Male Jack to AV 2 RCA Male Stereo Music Audio Cable Cord AUX for Mp3 Pod Phone TV Sound Speakers,https://www.daraz.lk/products/15m3m5m10m-35-mm-male-jack-to-av-2-rca-male-stereo-music-audio-cable-cord-aux-for-mp3-pod-phone-tv-sound-speakers-i122935909.html,1/8/25,TRUE,5,not durable. ok for cost,Color Family:1.5M,0,,,,,
electronics,(1.5M/3M/5M/10M) 3.5 MM Male Jack to AV 2 RCA Male Stereo Music Audio Cable Cord AUX for Mp3 Pod Phone TV Sound Speakers,https://www.daraz.lk/products/15m3m5m10m-35-mm-male-jack-to-av-2-rca-male-stereo-music-audio-cable-cord-aux-for-mp3-pod-phone-tv-sound-speakers-i122935909.html,11/23/25,TRUE,5,supiriyak best quality,Color Family:1.5M,0,,,,,
electronics,(1.5M/3M/5M/10M) 3.5 MM Male Jack to AV 2 RCA Male Stereo Music Audio Cable Cord AUX for Mp3 Pod Phone TV Sound Speakers,https://www.daraz.lk/products/15m3m5m10m-35-mm-male-jack-to-av-2-rca-male-stereo-music-audio-cable-cord-aux-for-mp3-pod-phone-tv-sound-speakers-i122935909.html,4/29/26,TRUE,4,Very very bad delivery,Color Family:1.5M,0,,,,,
electronics,(1.5M/3M/5M/10M) 3.5 MM Male Jack to AV 2 RCA Male Stereo Music Audio Cable Cord AUX for Mp3 Pod Phone TV Sound Speakers,https://www.daraz.lk/products/15m3m5m10m-35-mm-male-jack-to-av-2-rca-male-stereo-music-audio-cable-cord-aux-for-mp3-pod-phone-tv-sound-speakers-i122935909.html,12/6/24,TRUE,5,great product as usual,Color Family:3M,0,,,,,
electronics,(1.5M/3M/5M/10M) 3.5 MM Male Jack to AV 2 RCA Male Stereo Music Audio Cable Cord AUX for Mp3 Pod Phone TV Sound Speakers,https://www.daraz.lk/products/15m3m5m10m-35-mm-male-jack-to-av-2-rca-male-stereo-music-audio-cable-cord-aux-for-mp3-pod-phone-tv-sound-speakers-i122935909.html,3/11/26,TRUE,5,clear and bright sounds,Color Family:1.5M,0,,,,,
electronics,(1.5M/3M/5M/10M) 3.5 MM Male Jack to AV 2 RCA Male Stereo Music Audio Cable Cord AUX for Mp3 Pod Phone TV Sound Speakers,https://www.daraz.lk/products/15m3m5m10m-35-mm-male-jack-to-av-2-rca-male-stereo-music-audio-cable-cord-aux-for-mp3-pod-phone-tv-sound-speakers-i122935909.html,8/25/24,TRUE,5,Best cable සති දෙකක් චෙක් කරා මරු 🌝,වර්ණ කාණ්ඩය:1.5M,0,,,,,
electronics,(1.5M/3M/5M/10M) 3.5 MM Male Jack to AV 2 RCA Male Stereo Music Audio Cable Cord AUX for Mp3 Pod Phone TV Sound Speakers,https://www.daraz.lk/products/15m3m5m10m-35-mm-male-jack-to-av-2-rca-male-stereo-music-audio-cable-cord-aux-for-mp3-pod-phone-tv-sound-speakers-i122935909.html,3/13/26,TRUE,5,"Its worked , Thank you",Color Family:10M,0,,,,,
electronics,(1.5M/3M/5M/10M) 3.5 MM Male Jack to AV 2 RCA Male Stereo Music Audio Cable Cord AUX for Mp3 Pod Phone TV Sound Speakers,https://www.daraz.lk/products/15m3m5m10m-35-mm-male-jack-to-av-2-rca-male-stereo-music-audio-cable-cord-aux-for-mp3-pod-phone-tv-sound-speakers-i122935909.html,1/1/26,TRUE,5,Its Working Fine!!,Color Family:1.5M,0,,,,,
electronics,(1.5M/3M/5M/10M) 3.5 MM Male Jack to AV 2 RCA Male Stereo Music Audio Cable Cord AUX for Mp3 Pod Phone TV Sound Speakers,https://www.daraz.lk/products/15m3m5m10m-35-mm-male-jack-to-av-2-rca-male-stereo-music-audio-cable-cord-aux-for-mp3-pod-phone-tv-sound-speakers-i122935909.html,2/19/25,TRUE,5,👍❤️ good thanks,වර්ණ කාණ්ඩය:5M,0,,,,,
electronics,(1.5M/3M/5M/10M) 3.5 MM Male Jack to AV 2 RCA Male Stereo Music Audio Cable Cord AUX for Mp3 Pod Phone TV Sound Speakers,https://www.daraz.lk/products/15m3m5m10m-35-mm-male-jack-to-av-2-rca-male-stereo-music-audio-cable-cord-aux-for-mp3-pod-phone-tv-sound-speakers-i122935909.html,1/8/25,TRUE,5,Highly Recommend,Color Family:1.5M,0,,,,,
electronics,(1.5M/3M/5M/10M) 3.5 MM Male Jack to AV 2 RCA Male Stereo Music Audio Cable Cord AUX for Mp3 Pod Phone TV Sound Speakers,https://www.daraz.lk/products/15m3m5m10m-35-mm-male-jack-to-av-2-rca-male-stereo-music-audio-cable-cord-aux-for-mp3-pod-phone-tv-sound-speakers-i122935909.html,9/11/23,TRUE,5,it does not give you secure fit but for the price you cant complain. good for a test or temp use.,Color Family:1.5M,0,,,,,
electronics,(1.5M/3M/5M/10M) 3.5 MM Male Jack to AV 2 RCA Male Stereo Music Audio Cable Cord AUX for Mp3 Pod Phone TV Sound Speakers,https://www.daraz.lk/products/15m3m5m10m-35-mm-male-jack-to-av-2-rca-male-stereo-music-audio-cable-cord-aux-for-mp3-pod-phone-tv-sound-speakers-i122935909.html,1/8/25,TRUE,5,worth for money,Color Family:10M,0,,,,,
electronics,(1.5M/3M/5M/10M) 3.5 MM Male Jack to AV 2 RCA Male Stereo Music Audio Cable Cord AUX for Mp3 Pod Phone TV Sound Speakers,https://www.daraz.lk/products/15m3m5m10m-35-mm-male-jack-to-av-2-rca-male-stereo-music-audio-cable-cord-aux-for-mp3-pod-phone-tv-sound-speakers-i122935909.html,1/4/25,TRUE,5,working well 👍,Color Family:1.5M,0,,,,,
electronics,(1.5M/3M/5M/10M) 3.5 MM Male Jack to AV 2 RCA Male Stereo Music Audio Cable Cord AUX for Mp3 Pod Phone TV Sound Speakers,https://www.daraz.lk/products/15m3m5m10m-35-mm-male-jack-to-av-2-rca-male-stereo-music-audio-cable-cord-aux-for-mp3-pod-phone-tv-sound-speakers-i122935909.html,8/12/25,TRUE,5,good condition,Color Family:5M,0,,,,,
electronics,(1.5M/3M/5M/10M) 3.5 MM Male Jack to AV 2 RCA Male Stereo Music Audio Cable Cord AUX for Mp3 Pod Phone TV Sound Speakers,https://www.daraz.lk/products/15m3m5m10m-35-mm-male-jack-to-av-2-rca-male-stereo-music-audio-cable-cord-aux-for-mp3-pod-phone-tv-sound-speakers-i122935909.html,10/28/25,TRUE,5,value for money,Color Family:10M,0,,,,,
electronics,(1.5M/3M/5M/10M) 3.5 MM Male Jack to AV 2 RCA Male Stereo Music Audio Cable Cord AUX for Mp3 Pod Phone TV Sound Speakers,https://www.daraz.lk/products/15m3m5m10m-35-mm-male-jack-to-av-2-rca-male-stereo-music-audio-cable-cord-aux-for-mp3-pod-phone-tv-sound-speakers-i122935909.html,2/15/25,TRUE,5,not satisfied,Color Family:5M,0,,,,,
electronics,(1.5M/3M/5M/10M) 3.5 MM Male Jack to AV 2 RCA Male Stereo Music Audio Cable Cord AUX for Mp3 Pod Phone TV Sound Speakers,https://www.daraz.lk/products/15m3m5m10m-35-mm-male-jack-to-av-2-rca-male-stereo-music-audio-cable-cord-aux-for-mp3-pod-phone-tv-sound-speakers-i122935909.html,1/15/25,TRUE,5,Works well..,Color Family:1.5M,0,,,,,
electronics,(1.5M/3M/5M/10M) 3.5 MM Male Jack to AV 2 RCA Male Stereo Music Audio Cable Cord AUX for Mp3 Pod Phone TV Sound Speakers,https://www.daraz.lk/products/15m3m5m10m-35-mm-male-jack-to-av-2-rca-male-stereo-music-audio-cable-cord-aux-for-mp3-pod-phone-tv-sound-speakers-i122935909.html,12/8/24,TRUE,5,good product,Color Family:1.5M,0,,,,,
electronics,(1.5M/3M/5M/10M) 3.5 MM Male Jack to AV 2 RCA Male Stereo Music Audio Cable Cord AUX for Mp3 Pod Phone TV Sound Speakers,https://www.daraz.lk/products/15m3m5m10m-35-mm-male-jack-to-av-2-rca-male-stereo-music-audio-cable-cord-aux-for-mp3-pod-phone-tv-sound-speakers-i122935909.html,9/19/24,TRUE,5,good product,Color Family:10M,0,,,,,
electronics,(1.5M/3M/5M/10M) 3.5 MM Male Jack to AV 2 RCA Male Stereo Music Audio Cable Cord AUX for Mp3 Pod Phone TV Sound Speakers,https://www.daraz.lk/products/15m3m5m10m-35-mm-male-jack-to-av-2-rca-male-stereo-music-audio-cable-cord-aux-for-mp3-pod-phone-tv-sound-speakers-i122935909.html,12/3/24,TRUE,5,👍👍☆☆☆☆☆☆,Color Family:10M,0,,,,,
electronics,(1.5M/3M/5M/10M) 3.5 MM Male Jack to AV 2 RCA Male Stereo Music Audio Cable Cord AUX for Mp3 Pod Phone TV Sound Speakers,https://www.daraz.lk/products/15m3m5m10m-35-mm-male-jack-to-av-2-rca-male-stereo-music-audio-cable-cord-aux-for-mp3-pod-phone-tv-sound-speakers-i122935909.html,11/21/25,TRUE,5,හොදයි 🪸💖,Color Family:1.5M,0,,,,,
electronics,(1.5M/3M/5M/10M) 3.5 MM Male Jack to AV 2 RCA Male Stereo Music Audio Cable Cord AUX for Mp3 Pod Phone TV Sound Speakers,https://www.daraz.lk/products/15m3m5m10m-35-mm-male-jack-to-av-2-rca-male-stereo-music-audio-cable-cord-aux-for-mp3-pod-phone-tv-sound-speakers-i122935909.html,1/24/25,TRUE,5,ok.,Color Family:1.5M,0,,,,,
electronics,(1.5M/3M/5M/10M) 3.5 MM Male Jack to AV 2 RCA Male Stereo Music Audio Cable Cord AUX for Mp3 Pod Phone TV Sound Speakers,https://www.daraz.lk/products/15m3m5m10m-35-mm-male-jack-to-av-2-rca-male-stereo-music-audio-cable-cord-aux-for-mp3-pod-phone-tv-sound-speakers-i122935909.html,12/17/24,TRUE,5,Good,Color Family:5M,0,,,,,
electronics,(1.5M/3M/5M/10M) 3.5 MM Male Jack to AV 2 RCA Male Stereo Music Audio Cable Cord AUX for Mp3 Pod Phone TV Sound Speakers,https://www.daraz.lk/products/15m3m5m10m-35-mm-male-jack-to-av-2-rca-male-stereo-music-audio-cable-cord-aux-for-mp3-pod-phone-tv-sound-speakers-i122935909.html,2/7/26,TRUE,5,Good,Color Family:1.5M,0,,,,,
electronics,(1.5M/3M/5M/10M) 3.5 MM Male Jack to AV 2 RCA Male Stereo Music Audio Cable Cord AUX for Mp3 Pod Phone TV Sound Speakers,https://www.daraz.lk/products/15m3m5m10m-35-mm-male-jack-to-av-2-rca-male-stereo-music-audio-cable-cord-aux-for-mp3-pod-phone-tv-sound-speakers-i122935909.html,3/12/26,TRUE,5,good,Color Family:1.5M,0,,,,,
electronics,(1.5M/3M/5M/10M) 3.5 MM Male Jack to AV 2 RCA Male Stereo Music Audio Cable Cord AUX for Mp3 Pod Phone TV Sound Speakers,https://www.daraz.lk/products/15m3m5m10m-35-mm-male-jack-to-av-2-rca-male-stereo-music-audio-cable-cord-aux-for-mp3-pod-phone-tv-sound-speakers-i122935909.html,5/19/25,TRUE,5,Good,Color Family:1.5M,0,,,,,
electronics,(1.5M/3M/5M/10M) 3.5 MM Male Jack to AV 2 RCA Male Stereo Music Audio Cable Cord AUX for Mp3 Pod Phone TV Sound Speakers,https://www.daraz.lk/products/15m3m5m10m-35-mm-male-jack-to-av-2-rca-male-stereo-music-audio-cable-cord-aux-for-mp3-pod-phone-tv-sound-speakers-i122935909.html,9/10/25,TRUE,5,සුපිරියක්,Color Family:1.5M,0,,,,,
electronics,(1.5M/3M/5M/10M) 3.5 MM Male Jack to AV 2 RCA Male Stereo Music Audio Cable Cord AUX for Mp3 Pod Phone TV Sound Speakers,https://www.daraz.lk/products/15m3m5m10m-35-mm-male-jack-to-av-2-rca-male-stereo-music-audio-cable-cord-aux-for-mp3-pod-phone-tv-sound-speakers-i122935909.html,2/27/25,TRUE,5,මරු,Color Family:1.5M,0,,,,,
electronics,(1.5M/3M/5M/10M) 3.5 MM Male Jack to AV 2 RCA Male Stereo Music Audio Cable Cord AUX for Mp3 Pod Phone TV Sound Speakers,https://www.daraz.lk/products/15m3m5m10m-35-mm-male-jack-to-av-2-rca-male-stereo-music-audio-cable-cord-aux-for-mp3-pod-phone-tv-sound-speakers-i122935909.html,2/8/25,TRUE,5,Good,Color Family:1.5M,0,,,,,
electronics,(1.5M/3M/5M/10M) 3.5 MM Male Jack to AV 2 RCA Male Stereo Music Audio Cable Cord AUX for Mp3 Pod Phone TV Sound Speakers,https://www.daraz.lk/products/15m3m5m10m-35-mm-male-jack-to-av-2-rca-male-stereo-music-audio-cable-cord-aux-for-mp3-pod-phone-tv-sound-speakers-i122935909.html,12/23/25,TRUE,5,good 👍,Color Family:1.5M,0,,,,,
electronics,(1.5M/3M/5M/10M) 3.5 MM Male Jack to AV 2 RCA Male Stereo Music Audio Cable Cord AUX for Mp3 Pod Phone TV Sound Speakers,https://www.daraz.lk/products/15m3m5m10m-35-mm-male-jack-to-av-2-rca-male-stereo-music-audio-cable-cord-aux-for-mp3-pod-phone-tv-sound-speakers-i122935909.html,11/20/24,TRUE,5,best,Color Family:10M,0,,,,,
electronics,(1.5M/3M/5M/10M) 3.5 MM Male Jack to AV 2 RCA Male Stereo Music Audio Cable Cord AUX for Mp3 Pod Phone TV Sound Speakers,https://www.daraz.lk/products/15m3m5m10m-35-mm-male-jack-to-av-2-rca-male-stereo-music-audio-cable-cord-aux-for-mp3-pod-phone-tv-sound-speakers-i122935909.html,6/20/26,TRUE,5,Super 💥,Color Family:1.5M,0,,,,,
electronics,(1.5M/3M/5M/10M) 3.5 MM Male Jack to AV 2 RCA Male Stereo Music Audio Cable Cord AUX for Mp3 Pod Phone TV Sound Speakers,https://www.daraz.lk/products/15m3m5m10m-35-mm-male-jack-to-av-2-rca-male-stereo-music-audio-cable-cord-aux-for-mp3-pod-phone-tv-sound-speakers-i122935909.html,3/24/25,TRUE,5,Good,Color Family:1.5M,0,,,,,
electronics,(1.5M/3M/5M/10M) 3.5 MM Male Jack to AV 2 RCA Male Stereo Music Audio Cable Cord AUX for Mp3 Pod Phone TV Sound Speakers,https://www.daraz.lk/products/15m3m5m10m-35-mm-male-jack-to-av-2-rca-male-stereo-music-audio-cable-cord-aux-for-mp3-pod-phone-tv-sound-speakers-i122935909.html,11/28/24,TRUE,5,good 👍,Color Family:1.5M,0,,,,,
electronics,(1.5M/3M/5M/10M) 3.5 MM Male Jack to AV 2 RCA Male Stereo Music Audio Cable Cord AUX for Mp3 Pod Phone TV Sound Speakers,https://www.daraz.lk/products/15m3m5m10m-35-mm-male-jack-to-av-2-rca-male-stereo-music-audio-cable-cord-aux-for-mp3-pod-phone-tv-sound-speakers-i122935909.html,3/18/25,TRUE,5,කොලටි මදි,Color Family:1.5M,0,,,,,
electronics,(1.5M/3M/5M/10M) 3.5 MM Male Jack to AV 2 RCA Male Stereo Music Audio Cable Cord AUX for Mp3 Pod Phone TV Sound Speakers,https://www.daraz.lk/products/15m3m5m10m-35-mm-male-jack-to-av-2-rca-male-stereo-music-audio-cable-cord-aux-for-mp3-pod-phone-tv-sound-speakers-i122935909.html,12/30/24,TRUE,5,Nice,Color Family:1.5M,0,,,,,
electronics,(1.5M/3M/5M/10M) 3.5 MM Male Jack to AV 2 RCA Male Stereo Music Audio Cable Cord AUX for Mp3 Pod Phone TV Sound Speakers,https://www.daraz.lk/products/15m3m5m10m-35-mm-male-jack-to-av-2-rca-male-stereo-music-audio-cable-cord-aux-for-mp3-pod-phone-tv-sound-speakers-i122935909.html,11/8/25,TRUE,5,good,Color Family:1.5M,0,,,,,
electronics,(1.5M/3M/5M/10M) 3.5 MM Male Jack to AV 2 RCA Male Stereo Music Audio Cable Cord AUX for Mp3 Pod Phone TV Sound Speakers,https://www.daraz.lk/products/15m3m5m10m-35-mm-male-jack-to-av-2-rca-male-stereo-music-audio-cable-cord-aux-for-mp3-pod-phone-tv-sound-speakers-i122935909.html,4/18/24,TRUE,5,"Delivery was quick the item arrived the next 
I really recommend this",Color Family:1.5M,0,,,,,
electronics,(1.5M/3M/5M/10M) 3.5 MM Male Jack to AV 2 RCA Male Stereo Music Audio Cable Cord AUX for Mp3 Pod Phone TV Sound Speakers,https://www.daraz.lk/products/15m3m5m10m-35-mm-male-jack-to-av-2-rca-male-stereo-music-audio-cable-cord-aux-for-mp3-pod-phone-tv-sound-speakers-i122935909.html,8/23/24,TRUE,5,good supiri,Color Family:1.5M,0,,,,,
electronics,(1.5M/3M/5M/10M) 3.5 MM Male Jack to AV 2 RCA Male Stereo Music Audio Cable Cord AUX for Mp3 Pod Phone TV Sound Speakers,https://www.daraz.lk/products/15m3m5m10m-35-mm-male-jack-to-av-2-rca-male-stereo-music-audio-cable-cord-aux-for-mp3-pod-phone-tv-sound-speakers-i122935909.html,6/16/23,TRUE,5,The audio cable seems to be of good quality and is fully functionable.,Color Family:3M,0,,,,,
electronics,(1.5M/3M/5M/10M) 3.5 MM Male Jack to AV 2 RCA Male Stereo Music Audio Cable Cord AUX for Mp3 Pod Phone TV Sound Speakers,https://www.daraz.lk/products/15m3m5m10m-35-mm-male-jack-to-av-2-rca-male-stereo-music-audio-cable-cord-aux-for-mp3-pod-phone-tv-sound-speakers-i122935909.html,9/8/23,TRUE,5,"Good product, and delivery is not bad either. I'm happy about that product",Color Family:10M,0,,,,,
electronics,(1.5M/3M/5M/10M) 3.5 MM Male Jack to AV 2 RCA Male Stereo Music Audio Cable Cord AUX for Mp3 Pod Phone TV Sound Speakers,https://www.daraz.lk/products/15m3m5m10m-35-mm-male-jack-to-av-2-rca-male-stereo-music-audio-cable-cord-aux-for-mp3-pod-phone-tv-sound-speakers-i122935909.html,8/6/24,TRUE,5,Good,Color Family:1.5M,0,,,,,
electronics,(1.5M/3M/5M/10M) 3.5 MM Male Jack to AV 2 RCA Male Stereo Music Audio Cable Cord AUX for Mp3 Pod Phone TV Sound Speakers,https://www.daraz.lk/products/15m3m5m10m-35-mm-male-jack-to-av-2-rca-male-stereo-music-audio-cable-cord-aux-for-mp3-pod-phone-tv-sound-speakers-i122935909.html,7/26/24,TRUE,5,Good quality!,Color Family:3M,0,,,,,
electronics,(1.5M/3M/5M/10M) 3.5 MM Male Jack to AV 2 RCA Male Stereo Music Audio Cable Cord AUX for Mp3 Pod Phone TV Sound Speakers,https://www.daraz.lk/products/15m3m5m10m-35-mm-male-jack-to-av-2-rca-male-stereo-music-audio-cable-cord-aux-for-mp3-pod-phone-tv-sound-speakers-i122935909.html,9/18/23,TRUE,5,Cable quality is good for the price. Works perfectly,Color Family:1.5M,0,,,,,
electronics,(1.5M/3M/5M/10M) 3.5 MM Male Jack to AV 2 RCA Male Stereo Music Audio Cable Cord AUX for Mp3 Pod Phone TV Sound Speakers,https://www.daraz.lk/products/15m3m5m10m-35-mm-male-jack-to-av-2-rca-male-stereo-music-audio-cable-cord-aux-for-mp3-pod-phone-tv-sound-speakers-i122935909.html,4/27/23,TRUE,5,Fast delivery.. Worth for the money and no damages,Color Family:1.5M,0,,,,,
electronics,(1.5M/3M/5M/10M) 3.5 MM Male Jack to AV 2 RCA Male Stereo Music Audio Cable Cord AUX for Mp3 Pod Phone TV Sound Speakers,https://www.daraz.lk/products/15m3m5m10m-35-mm-male-jack-to-av-2-rca-male-stereo-music-audio-cable-cord-aux-for-mp3-pod-phone-tv-sound-speakers-i122935909.html,7/20/23,TRUE,5,"Very good quality and satisfying with the product..! 
😍🔥",Color Family:1.5M,0,,,,,
electronics,(1.5M/3M/5M/10M) 3.5 MM Male Jack to AV 2 RCA Male Stereo Music Audio Cable Cord AUX for Mp3 Pod Phone TV Sound Speakers,https://www.daraz.lk/products/15m3m5m10m-35-mm-male-jack-to-av-2-rca-male-stereo-music-audio-cable-cord-aux-for-mp3-pod-phone-tv-sound-speakers-i122935909.html,4/22/24,TRUE,5,Received well before the ETA. Works as expected. Thanks,Color Family:1.5M,0,,,,,
electronics,(1.5M/3M/5M/10M) 3.5 MM Male Jack to AV 2 RCA Male Stereo Music Audio Cable Cord AUX for Mp3 Pod Phone TV Sound Speakers,https://www.daraz.lk/products/15m3m5m10m-35-mm-male-jack-to-av-2-rca-male-stereo-music-audio-cable-cord-aux-for-mp3-pod-phone-tv-sound-speakers-i122935909.html,6/29/24,TRUE,5,good,Color Family:1.5M,0,,,,,
electronics,(1.5M/3M/5M/10M) 3.5 MM Male Jack to AV 2 RCA Male Stereo Music Audio Cable Cord AUX for Mp3 Pod Phone TV Sound Speakers,https://www.daraz.lk/products/15m3m5m10m-35-mm-male-jack-to-av-2-rca-male-stereo-music-audio-cable-cord-aux-for-mp3-pod-phone-tv-sound-speakers-i122935909.html,8/8/23,TRUE,5,hodata wada karanawa Kisi awlak naha,Color Family:1.5M,0,,,,,
electronics,(1.5M/3M/5M/10M) 3.5 MM Male Jack to AV 2 RCA Male Stereo Music Audio Cable Cord AUX for Mp3 Pod Phone TV Sound Speakers,https://www.daraz.lk/products/15m3m5m10m-35-mm-male-jack-to-av-2-rca-male-stereo-music-audio-cable-cord-aux-for-mp3-pod-phone-tv-sound-speakers-i122935909.html,7/16/23,TRUE,5,හයිය මදි කඩලා ගියා 😢 white red patten,Color Family:1.5M,0,,,,,
electronics,(1.5M/3M/5M/10M) 3.5 MM Male Jack to AV 2 RCA Male Stereo Music Audio Cable Cord AUX for Mp3 Pod Phone TV Sound Speakers,https://www.daraz.lk/products/15m3m5m10m-35-mm-male-jack-to-av-2-rca-male-stereo-music-audio-cable-cord-aux-for-mp3-pod-phone-tv-sound-speakers-i122935909.html,9/28/23,TRUE,5,Good Product,Color Family:1.5M,0,,,,,
electronics,(1.5M/3M/5M/10M) 3.5 MM Male Jack to AV 2 RCA Male Stereo Music Audio Cable Cord AUX for Mp3 Pod Phone TV Sound Speakers,https://www.daraz.lk/products/15m3m5m10m-35-mm-male-jack-to-av-2-rca-male-stereo-music-audio-cable-cord-aux-for-mp3-pod-phone-tv-sound-speakers-i122935909.html,5/15/24,TRUE,5,සුපිරි,වර්ණ කාණ්ඩය:1.5M,0,,,,,
electronics,(1.5M/3M/5M/10M) 3.5 MM Male Jack to AV 2 RCA Male Stereo Music Audio Cable Cord AUX for Mp3 Pod Phone TV Sound Speakers,https://www.daraz.lk/products/15m3m5m10m-35-mm-male-jack-to-av-2-rca-male-stereo-music-audio-cable-cord-aux-for-mp3-pod-phone-tv-sound-speakers-i122935909.html,9/20/23,TRUE,5,Good item,Color Family:1.5M,0,,,,,
electronics,(1.5M/3M/5M/10M) 3.5 MM Male Jack to AV 2 RCA Male Stereo Music Audio Cable Cord AUX for Mp3 Pod Phone TV Sound Speakers,https://www.daraz.lk/products/15m3m5m10m-35-mm-male-jack-to-av-2-rca-male-stereo-music-audio-cable-cord-aux-for-mp3-pod-phone-tv-sound-speakers-i122935909.html,9/20/23,TRUE,5,good,වර්ණ කාණ්ඩය:3M,0,,,,,
electronics,(1.5M/3M/5M/10M) 3.5 MM Male Jack to AV 2 RCA Male Stereo Music Audio Cable Cord AUX for Mp3 Pod Phone TV Sound Speakers,https://www.daraz.lk/products/15m3m5m10m-35-mm-male-jack-to-av-2-rca-male-stereo-music-audio-cable-cord-aux-for-mp3-pod-phone-tv-sound-speakers-i122935909.html,9/24/23,TRUE,5,super,වර්ණ කාණ්ඩය:1.5M,0,,,,,
electronics,(1.5M/3M/5M/10M) 3.5 MM Male Jack to AV 2 RCA Male Stereo Music Audio Cable Cord AUX for Mp3 Pod Phone TV Sound Speakers,https://www.daraz.lk/products/15m3m5m10m-35-mm-male-jack-to-av-2-rca-male-stereo-music-audio-cable-cord-aux-for-mp3-pod-phone-tv-sound-speakers-i122935909.html,10/8/23,TRUE,1,"Don't buy this product! It does the job, the pin was damaged though. And the 3.5mm jack does not plug in tightly. Considering the price it's fine. Placed the order and got it within a few hours so that's good.

Edit:
Don't buy it. It's cheap. It stopped working after 2-3 months. 1 pin turned white, I dont know why. I have attached before and after pictures. I contacted the seller to claim warranty because it said it has 6 months warranty, that is why I bought it. But now the seller is saying that there is no warranty, it's an issue with the system. This is clearly a lie because there are plenty of products which mention clearly if it doesn't have warranty. The seller shouldn't mislead buyers by mentioning it in the product details like this. 
In my opinion this is a shady buyer selling cheap products and fooling buyers.",Edit:,0,,,,,
electronics,(1.5M/3M/5M/10M) 3.5 MM Male Jack to AV 2 RCA Male Stereo Music Audio Cable Cord AUX for Mp3 Pod Phone TV Sound Speakers,https://www.daraz.lk/products/15m3m5m10m-35-mm-male-jack-to-av-2-rca-male-stereo-music-audio-cable-cord-aux-for-mp3-pod-phone-tv-sound-speakers-i122935909.html,5/30/23,TRUE,5,Good 😘,Color Family:5M,0,,,,,
electronics,(1.5M/3M/5M/10M) 3.5 MM Male Jack to AV 2 RCA Male Stereo Music Audio Cable Cord AUX for Mp3 Pod Phone TV Sound Speakers,https://www.daraz.lk/products/15m3m5m10m-35-mm-male-jack-to-av-2-rca-male-stereo-music-audio-cable-cord-aux-for-mp3-pod-phone-tv-sound-speakers-i122935909.html,4/17/23,TRUE,5,Good Product,Color Family:1.5M,0,,,,,
electronics,(1.5M/3M/5M/10M) 3.5 MM Male Jack to AV 2 RCA Male Stereo Music Audio Cable Cord AUX for Mp3 Pod Phone TV Sound Speakers,https://www.daraz.lk/products/15m3m5m10m-35-mm-male-jack-to-av-2-rca-male-stereo-music-audio-cable-cord-aux-for-mp3-pod-phone-tv-sound-speakers-i122935909.html,7/2/23,TRUE,5,good product,Color Family:1.5M,0,,,,,
electronics,(1.5M/3M/5M/10M) 3.5 MM Male Jack to AV 2 RCA Male Stereo Music Audio Cable Cord AUX for Mp3 Pod Phone TV Sound Speakers,https://www.daraz.lk/products/15m3m5m10m-35-mm-male-jack-to-av-2-rca-male-stereo-music-audio-cable-cord-aux-for-mp3-pod-phone-tv-sound-speakers-i122935909.html,6/2/23,TRUE,5,Super product,Color Family:1.5M,0,,,,,
electronics,(1.5M/3M/5M/10M) 3.5 MM Male Jack to AV 2 RCA Male Stereo Music Audio Cable Cord AUX for Mp3 Pod Phone TV Sound Speakers,https://www.daraz.lk/products/15m3m5m10m-35-mm-male-jack-to-av-2-rca-male-stereo-music-audio-cable-cord-aux-for-mp3-pod-phone-tv-sound-speakers-i122935909.html,5/2/23,TRUE,5,good,Color Family:1.5M,0,,,,,
electronics,(1.5M/3M/5M/10M) 3.5 MM Male Jack to AV 2 RCA Male Stereo Music Audio Cable Cord AUX for Mp3 Pod Phone TV Sound Speakers,https://www.daraz.lk/products/15m3m5m10m-35-mm-male-jack-to-av-2-rca-male-stereo-music-audio-cable-cord-aux-for-mp3-pod-phone-tv-sound-speakers-i122935909.html,7/29/23,TRUE,5,හොදයි,වර්ණ කාණ්ඩය:10M,0,,,,,
electronics,(1.5M/3M/5M/10M) 3.5 MM Male Jack to AV 2 RCA Male Stereo Music Audio Cable Cord AUX for Mp3 Pod Phone TV Sound Speakers,https://www.daraz.lk/products/15m3m5m10m-35-mm-male-jack-to-av-2-rca-male-stereo-music-audio-cable-cord-aux-for-mp3-pod-phone-tv-sound-speakers-i122935909.html,7/29/23,TRUE,5,best quality,Color Family:1.5M,0,,,,,
electronics,(1.5M/3M/5M/10M) 3.5 MM Male Jack to AV 2 RCA Male Stereo Music Audio Cable Cord AUX for Mp3 Pod Phone TV Sound Speakers,https://www.daraz.lk/products/15m3m5m10m-35-mm-male-jack-to-av-2-rca-male-stereo-music-audio-cable-cord-aux-for-mp3-pod-phone-tv-sound-speakers-i122935909.html,5/3/23,TRUE,5,good product,Color Family:1.5M,0,,,,,
electronics,(1.5M/3M/5M/10M) 3.5 MM Male Jack to AV 2 RCA Male Stereo Music Audio Cable Cord AUX for Mp3 Pod Phone TV Sound Speakers,https://www.daraz.lk/products/15m3m5m10m-35-mm-male-jack-to-av-2-rca-male-stereo-music-audio-cable-cord-aux-for-mp3-pod-phone-tv-sound-speakers-i122935909.html,9/15/23,TRUE,3,"🔹මේකෙ Aux Port එක කනෙක්ට් කරන්න ෆෝන් එකේ බැක් කවර් එක ගලවන්න ඕනෙ නැතුව කනෙක් වෙන්නෙ නෑ.
🔹අනිත් දේ වෙලාවකට පොඩි නොයිස් එකක් එනවා",Color Family:1.5M,0,,,,,
electronics,(1.5M/3M/5M/10M) 3.5 MM Male Jack to AV 2 RCA Male Stereo Music Audio Cable Cord AUX for Mp3 Pod Phone TV Sound Speakers,https://www.daraz.lk/products/15m3m5m10m-35-mm-male-jack-to-av-2-rca-male-stereo-music-audio-cable-cord-aux-for-mp3-pod-phone-tv-sound-speakers-i122935909.html,4/18/24,TRUE,4,good product,වර්ණ කාණ්ඩය:3M,1,,,,,
electronics,(1.5M/3M/5M/10M) 3.5 MM Male Jack to AV 2 RCA Male Stereo Music Audio Cable Cord AUX for Mp3 Pod Phone TV Sound Speakers,https://www.daraz.lk/products/15m3m5m10m-35-mm-male-jack-to-av-2-rca-male-stereo-music-audio-cable-cord-aux-for-mp3-pod-phone-tv-sound-speakers-i122935909.html,4/19/24,TRUE,5,Good 👍,Color Family:1.5M,0,,,,,
electronics,(1.5M/3M/5M/10M) 3.5 MM Male Jack to AV 2 RCA Male Stereo Music Audio Cable Cord AUX for Mp3 Pod Phone TV Sound Speakers,https://www.daraz.lk/products/15m3m5m10m-35-mm-male-jack-to-av-2-rca-male-stereo-music-audio-cable-cord-aux-for-mp3-pod-phone-tv-sound-speakers-i122935909.html,3/21/24,TRUE,5,Niyamai kisi aulak naha ❤️,Color Family:1.5M,0,,,,,
electronics,(1.5M/3M/5M/10M) 3.5 MM Male Jack to AV 2 RCA Male Stereo Music Audio Cable Cord AUX for Mp3 Pod Phone TV Sound Speakers,https://www.daraz.lk/products/15m3m5m10m-35-mm-male-jack-to-av-2-rca-male-stereo-music-audio-cable-cord-aux-for-mp3-pod-phone-tv-sound-speakers-i122935909.html,8/9/23,TRUE,5,perfect condition. supiri aluthma cable. hodatama wada. thanks seller. highly recommend seller,Color Family:1.5M,0,,,,,
electronics,(1.5M/3M/5M/10M) 3.5 MM Male Jack to AV 2 RCA Male Stereo Music Audio Cable Cord AUX for Mp3 Pod Phone TV Sound Speakers,https://www.daraz.lk/products/15m3m5m10m-35-mm-male-jack-to-av-2-rca-male-stereo-music-audio-cable-cord-aux-for-mp3-pod-phone-tv-sound-speakers-i122935909.html,11/22/23,TRUE,4,product is awesome. no single damage. It worth the price.,Color Family:1.5M,1,,,,,
electronics,(1.5M/3M/5M/10M) 3.5 MM Male Jack to AV 2 RCA Male Stereo Music Audio Cable Cord AUX for Mp3 Pod Phone TV Sound Speakers,https://www.daraz.lk/products/15m3m5m10m-35-mm-male-jack-to-av-2-rca-male-stereo-music-audio-cable-cord-aux-for-mp3-pod-phone-tv-sound-speakers-i122935909.html,2/25/24,TRUE,5,Product has good.,Color Family:1.5M,0,,,,,
electronics,(1.5M/3M/5M/10M) 3.5 MM Male Jack to AV 2 RCA Male Stereo Music Audio Cable Cord AUX for Mp3 Pod Phone TV Sound Speakers,https://www.daraz.lk/products/15m3m5m10m-35-mm-male-jack-to-av-2-rca-male-stereo-music-audio-cable-cord-aux-for-mp3-pod-phone-tv-sound-speakers-i122935909.html,8/9/23,TRUE,5,,Color Family:3M,1,,,,,
electronics,(1.5M/3M/5M/10M) 3.5 MM Male Jack to AV 2 RCA Male Stereo Music Audio Cable Cord AUX for Mp3 Pod Phone TV Sound Speakers,https://www.daraz.lk/products/15m3m5m10m-35-mm-male-jack-to-av-2-rca-male-stereo-music-audio-cable-cord-aux-for-mp3-pod-phone-tv-sound-speakers-i122935909.html,11/8/23,TRUE,5,Fast delivery within 24 hours. Recomended,Color Family:1.5M,0,,,,,
electronics,(1.5M/3M/5M/10M) 3.5 MM Male Jack to AV 2 RCA Male Stereo Music Audio Cable Cord AUX for Mp3 Pod Phone TV Sound Speakers,https://www.daraz.lk/products/15m3m5m10m-35-mm-male-jack-to-av-2-rca-male-stereo-music-audio-cable-cord-aux-for-mp3-pod-phone-tv-sound-speakers-i122935909.html,9/30/21,TRUE,5,"Good product 
Great customer service",Color Family:5M,1,,,,,
electronics,(1.5M/3M/5M/10M) 3.5 MM Male Jack to AV 2 RCA Male Stereo Music Audio Cable Cord AUX for Mp3 Pod Phone TV Sound Speakers,https://www.daraz.lk/products/15m3m5m10m-35-mm-male-jack-to-av-2-rca-male-stereo-music-audio-cable-cord-aux-for-mp3-pod-phone-tv-sound-speakers-i122935909.html,12/7/23,TRUE,5,This is working recommended,Color Family:1.5M,0,,,,,
electronics,(1.5M/3M/5M/10M) 3.5 MM Male Jack to AV 2 RCA Male Stereo Music Audio Cable Cord AUX for Mp3 Pod Phone TV Sound Speakers,https://www.daraz.lk/products/15m3m5m10m-35-mm-male-jack-to-av-2-rca-male-stereo-music-audio-cable-cord-aux-for-mp3-pod-phone-tv-sound-speakers-i122935909.html,10/10/23,TRUE,5,very powerful cable....excellent product,Color Family:1.5M,0,,,,,
electronics,(1.5M/3M/5M/10M) 3.5 MM Male Jack to AV 2 RCA Male Stereo Music Audio Cable Cord AUX for Mp3 Pod Phone TV Sound Speakers,https://www.daraz.lk/products/15m3m5m10m-35-mm-male-jack-to-av-2-rca-male-stereo-music-audio-cable-cord-aux-for-mp3-pod-phone-tv-sound-speakers-i122935909.html,11/22/23,TRUE,5,Buy this it's good item,Color Family:1.5M,0,,,,,
electronics,(1.5M/3M/5M/10M) 3.5 MM Male Jack to AV 2 RCA Male Stereo Music Audio Cable Cord AUX for Mp3 Pod Phone TV Sound Speakers,https://www.daraz.lk/products/15m3m5m10m-35-mm-male-jack-to-av-2-rca-male-stereo-music-audio-cable-cord-aux-for-mp3-pod-phone-tv-sound-speakers-i122935909.html,11/7/23,TRUE,4,ගනේ හැටියම කොලිටී,Color Family:1.5M,1,,,,,
electronics,(1.5M/3M/5M/10M) 3.5 MM Male Jack to AV 2 RCA Male Stereo Music Audio Cable Cord AUX for Mp3 Pod Phone TV Sound Speakers,https://www.daraz.lk/products/15m3m5m10m-35-mm-male-jack-to-av-2-rca-male-stereo-music-audio-cable-cord-aux-for-mp3-pod-phone-tv-sound-speakers-i122935909.html,11/7/23,TRUE,5,Good Product ❤️💯,Color Family:1.5M,0,,,,,
electronics,(1.5M/3M/5M/10M) 3.5 MM Male Jack to AV 2 RCA Male Stereo Music Audio Cable Cord AUX for Mp3 Pod Phone TV Sound Speakers,https://www.daraz.lk/products/15m3m5m10m-35-mm-male-jack-to-av-2-rca-male-stereo-music-audio-cable-cord-aux-for-mp3-pod-phone-tv-sound-speakers-i122935909.html,10/16/23,TRUE,5,Good products,Color Family:1.5M,0,,,,,
electronics,(1.5M/3M/5M/10M) 3.5 MM Male Jack to AV 2 RCA Male Stereo Music Audio Cable Cord AUX for Mp3 Pod Phone TV Sound Speakers,https://www.daraz.lk/products/15m3m5m10m-35-mm-male-jack-to-av-2-rca-male-stereo-music-audio-cable-cord-aux-for-mp3-pod-phone-tv-sound-speakers-i122935909.html,9/23/23,TRUE,4,👍,Color Family:1.5M,1,,,,,
electronics,(1.5M/3M/5M/10M) 3.5 MM Male Jack to AV 2 RCA Male Stereo Music Audio Cable Cord AUX for Mp3 Pod Phone TV Sound Speakers,https://www.daraz.lk/products/15m3m5m10m-35-mm-male-jack-to-av-2-rca-male-stereo-music-audio-cable-cord-aux-for-mp3-pod-phone-tv-sound-speakers-i122935909.html,1/10/23,TRUE,2,not that good quality..  3.5mm stereo jack is loose and makes him sometimes,Color Family:3M,0,,,,,
electronics,(1.5M/3M/5M/10M) 3.5 MM Male Jack to AV 2 RCA Male Stereo Music Audio Cable Cord AUX for Mp3 Pod Phone TV Sound Speakers,https://www.daraz.lk/products/15m3m5m10m-35-mm-male-jack-to-av-2-rca-male-stereo-music-audio-cable-cord-aux-for-mp3-pod-phone-tv-sound-speakers-i122935909.html,2/18/22,TRUE,5,හොඳයි,Color Family:1.5M,1,,,,,
electronics,(1.5M/3M/5M/10M) 3.5 MM Male Jack to AV 2 RCA Male Stereo Music Audio Cable Cord AUX for Mp3 Pod Phone TV Sound Speakers,https://www.daraz.lk/products/15m3m5m10m-35-mm-male-jack-to-av-2-rca-male-stereo-music-audio-cable-cord-aux-for-mp3-pod-phone-tv-sound-speakers-i122935909.html,9/8/23,TRUE,3,"Product is good. I bought 3 cables for 5.1 connection. 
However 3.5mm plastic cover is very big and can't connect all 3 cables together since plastic coating is big and not enough space to connect cables together on PC.",Color Family:1.5M,1,,,,,
electronics,(1.5M/3M/5M/10M) 3.5 MM Male Jack to AV 2 RCA Male Stereo Music Audio Cable Cord AUX for Mp3 Pod Phone TV Sound Speakers,https://www.daraz.lk/products/15m3m5m10m-35-mm-male-jack-to-av-2-rca-male-stereo-music-audio-cable-cord-aux-for-mp3-pod-phone-tv-sound-speakers-i122935909.html,11/9/22,TRUE,5,no issue works very well. quality is as also. highly recommended,Color Family:1.5M,0,,,,,
electronics,(1.5M/3M/5M/10M) 3.5 MM Male Jack to AV 2 RCA Male Stereo Music Audio Cable Cord AUX for Mp3 Pod Phone TV Sound Speakers,https://www.daraz.lk/products/15m3m5m10m-35-mm-male-jack-to-av-2-rca-male-stereo-music-audio-cable-cord-aux-for-mp3-pod-phone-tv-sound-speakers-i122935909.html,1/10/23,TRUE,5,Excellent product. No errors. Good sounds🤘❤️,Color Family:1.5M,0,,,,,
electronics,(1.5M/3M/5M/10M) 3.5 MM Male Jack to AV 2 RCA Male Stereo Music Audio Cable Cord AUX for Mp3 Pod Phone TV Sound Speakers,https://www.daraz.lk/products/15m3m5m10m-35-mm-male-jack-to-av-2-rca-male-stereo-music-audio-cable-cord-aux-for-mp3-pod-phone-tv-sound-speakers-i122935909.html,2/10/23,TRUE,5,Standard working audio cable. Does the job.,Color Family:5M,0,,,,,
electronics,(1.5M/3M/5M/10M) 3.5 MM Male Jack to AV 2 RCA Male Stereo Music Audio Cable Cord AUX for Mp3 Pod Phone TV Sound Speakers,https://www.daraz.lk/products/15m3m5m10m-35-mm-male-jack-to-av-2-rca-male-stereo-music-audio-cable-cord-aux-for-mp3-pod-phone-tv-sound-speakers-i122935909.html,12/23/22,TRUE,5,"Good product, arrived on time. Thanks",Color Family:1.5M,0,,,,,
electronics,(1.5M/3M/5M/10M) 3.5 MM Male Jack to AV 2 RCA Male Stereo Music Audio Cable Cord AUX for Mp3 Pod Phone TV Sound Speakers,https://www.daraz.lk/products/15m3m5m10m-35-mm-male-jack-to-av-2-rca-male-stereo-music-audio-cable-cord-aux-for-mp3-pod-phone-tv-sound-speakers-i122935909.html,5/2/22,TRUE,5,working well happy with the product,Color Family:1.5M,0,,,,,
electronics,(1.5M/3M/5M/10M) 3.5 MM Male Jack to AV 2 RCA Male Stereo Music Audio Cable Cord AUX for Mp3 Pod Phone TV Sound Speakers,https://www.daraz.lk/products/15m3m5m10m-35-mm-male-jack-to-av-2-rca-male-stereo-music-audio-cable-cord-aux-for-mp3-pod-phone-tv-sound-speakers-i122935909.html,4/20/22,TRUE,5,Good seller. Delivered on time,Color Family:1.5M,0,,,,,
electronics,(1.5M/3M/5M/10M) 3.5 MM Male Jack to AV 2 RCA Male Stereo Music Audio Cable Cord AUX for Mp3 Pod Phone TV Sound Speakers,https://www.daraz.lk/products/15m3m5m10m-35-mm-male-jack-to-av-2-rca-male-stereo-music-audio-cable-cord-aux-for-mp3-pod-phone-tv-sound-speakers-i122935909.html,3/27/23,TRUE,5,"සුපිරි භාන්ඩෙ
බේස් එහෙම සුපිරි",Color Family:1.5M,0,,,,,
electronics,(1.5M/3M/5M/10M) 3.5 MM Male Jack to AV 2 RCA Male Stereo Music Audio Cable Cord AUX for Mp3 Pod Phone TV Sound Speakers,https://www.daraz.lk/products/15m3m5m10m-35-mm-male-jack-to-av-2-rca-male-stereo-music-audio-cable-cord-aux-for-mp3-pod-phone-tv-sound-speakers-i122935909.html,10/4/22,TRUE,5,Very good quality. Recommend..,Color Family:5M,0,,,,,
electronics,(1.5M/3M/5M/10M) 3.5 MM Male Jack to AV 2 RCA Male Stereo Music Audio Cable Cord AUX for Mp3 Pod Phone TV Sound Speakers,https://www.daraz.lk/products/15m3m5m10m-35-mm-male-jack-to-av-2-rca-male-stereo-music-audio-cable-cord-aux-for-mp3-pod-phone-tv-sound-speakers-i122935909.html,3/8/22,TRUE,5,works well good product,Color Family:1.5M,0,,,,,
electronics,(1.5M/3M/5M/10M) 3.5 MM Male Jack to AV 2 RCA Male Stereo Music Audio Cable Cord AUX for Mp3 Pod Phone TV Sound Speakers,https://www.daraz.lk/products/15m3m5m10m-35-mm-male-jack-to-av-2-rca-male-stereo-music-audio-cable-cord-aux-for-mp3-pod-phone-tv-sound-speakers-i122935909.html,11/15/22,TRUE,5,No problems. good item.,Color Family:1.5M,0,,,,,
electronics,(1.5M/3M/5M/10M) 3.5 MM Male Jack to AV 2 RCA Male Stereo Music Audio Cable Cord AUX for Mp3 Pod Phone TV Sound Speakers,https://www.daraz.lk/products/15m3m5m10m-35-mm-male-jack-to-av-2-rca-male-stereo-music-audio-cable-cord-aux-for-mp3-pod-phone-tv-sound-speakers-i122935909.html,2/10/22,TRUE,5,It's work super sound,Color Family:10M,0,,,,,
electronics,(1.5M/3M/5M/10M) 3.5 MM Male Jack to AV 2 RCA Male Stereo Music Audio Cable Cord AUX for Mp3 Pod Phone TV Sound Speakers,https://www.daraz.lk/products/15m3m5m10m-35-mm-male-jack-to-av-2-rca-male-stereo-music-audio-cable-cord-aux-for-mp3-pod-phone-tv-sound-speakers-i122935909.html,9/4/24,TRUE,1,Not working properly. one jack not working,Color Family:1.5M,0,,,,,
electronics,(1.5M/3M/5M/10M) 3.5 MM Male Jack to AV 2 RCA Male Stereo Music Audio Cable Cord AUX for Mp3 Pod Phone TV Sound Speakers,https://www.daraz.lk/products/15m3m5m10m-35-mm-male-jack-to-av-2-rca-male-stereo-music-audio-cable-cord-aux-for-mp3-pod-phone-tv-sound-speakers-i122935909.html,3/31/22,TRUE,5,best ❤️❤️❤️❤️❤️,Color Family:1.5M,0,,,,,
electronics,(1.5M/3M/5M/10M) 3.5 MM Male Jack to AV 2 RCA Male Stereo Music Audio Cable Cord AUX for Mp3 Pod Phone TV Sound Speakers,https://www.daraz.lk/products/15m3m5m10m-35-mm-male-jack-to-av-2-rca-male-stereo-music-audio-cable-cord-aux-for-mp3-pod-phone-tv-sound-speakers-i122935909.html,12/12/21,TRUE,5,Product is okay,Color Family:1.5M,0,,,,,
electronics,(1.5M/3M/5M/10M) 3.5 MM Male Jack to AV 2 RCA Male Stereo Music Audio Cable Cord AUX for Mp3 Pod Phone TV Sound Speakers,https://www.daraz.lk/products/15m3m5m10m-35-mm-male-jack-to-av-2-rca-male-stereo-music-audio-cable-cord-aux-for-mp3-pod-phone-tv-sound-speakers-i122935909.html,1/25/23,TRUE,5,fast Delivery,Color Family:1.5M,1,,,,,
electronics,(1.5M/3M/5M/10M) 3.5 MM Male Jack to AV 2 RCA Male Stereo Music Audio Cable Cord AUX for Mp3 Pod Phone TV Sound Speakers,https://www.daraz.lk/products/15m3m5m10m-35-mm-male-jack-to-av-2-rca-male-stereo-music-audio-cable-cord-aux-for-mp3-pod-phone-tv-sound-speakers-i122935909.html,9/16/22,TRUE,5,Good prduct !,Color Family:1.5M,0,,,,,
electronics,(1.5M/3M/5M/10M) 3.5 MM Male Jack to AV 2 RCA Male Stereo Music Audio Cable Cord AUX for Mp3 Pod Phone TV Sound Speakers,https://www.daraz.lk/products/15m3m5m10m-35-mm-male-jack-to-av-2-rca-male-stereo-music-audio-cable-cord-aux-for-mp3-pod-phone-tv-sound-speakers-i122935909.html,9/14/22,TRUE,5,Good product,Color Family:1.5M,0,,,,,
electronics,(1.5M/3M/5M/10M) 3.5 MM Male Jack to AV 2 RCA Male Stereo Music Audio Cable Cord AUX for Mp3 Pod Phone TV Sound Speakers,https://www.daraz.lk/products/15m3m5m10m-35-mm-male-jack-to-av-2-rca-male-stereo-music-audio-cable-cord-aux-for-mp3-pod-phone-tv-sound-speakers-i122935909.html,2/7/23,TRUE,5,Good product,Color Family:1.5M,0,,,,,
electronics,(1.5M/3M/5M/10M) 3.5 MM Male Jack to AV 2 RCA Male Stereo Music Audio Cable Cord AUX for Mp3 Pod Phone TV Sound Speakers,https://www.daraz.lk/products/15m3m5m10m-35-mm-male-jack-to-av-2-rca-male-stereo-music-audio-cable-cord-aux-for-mp3-pod-phone-tv-sound-speakers-i122935909.html,7/12/22,TRUE,5,Good not bad,Color Family:1.5M,0,,,,,
electronics,(1.5M/3M/5M/10M) 3.5 MM Male Jack to AV 2 RCA Male Stereo Music Audio Cable Cord AUX for Mp3 Pod Phone TV Sound Speakers,https://www.daraz.lk/products/15m3m5m10m-35-mm-male-jack-to-av-2-rca-male-stereo-music-audio-cable-cord-aux-for-mp3-pod-phone-tv-sound-speakers-i122935909.html,1/11/25,TRUE,1,කොලිටි එක අඩුයි ඉක්මනට කැඩෙනවා,Color Family:1.5M,0,,,,,
electronics,(1.5M/3M/5M/10M) 3.5 MM Male Jack to AV 2 RCA Male Stereo Music Audio Cable Cord AUX for Mp3 Pod Phone TV Sound Speakers,https://www.daraz.lk/products/15m3m5m10m-35-mm-male-jack-to-av-2-rca-male-stereo-music-audio-cable-cord-aux-for-mp3-pod-phone-tv-sound-speakers-i122935909.html,11/27/23,TRUE,3,Good product,වර්ණ කාණ්ඩය:1.5M,1,,,,,
electronics,(1.5M/3M/5M/10M) 3.5 MM Male Jack to AV 2 RCA Male Stereo Music Audio Cable Cord AUX for Mp3 Pod Phone TV Sound Speakers,https://www.daraz.lk/products/15m3m5m10m-35-mm-male-jack-to-av-2-rca-male-stereo-music-audio-cable-cord-aux-for-mp3-pod-phone-tv-sound-speakers-i122935909.html,12/17/24,TRUE,1,good Product,Color Family:1.5M,0,,,,,
electronics,(1.5M/3M/5M/10M) 3.5 MM Male Jack to AV 2 RCA Male Stereo Music Audio Cable Cord AUX for Mp3 Pod Phone TV Sound Speakers,https://www.daraz.lk/products/15m3m5m10m-35-mm-male-jack-to-av-2-rca-male-stereo-music-audio-cable-cord-aux-for-mp3-pod-phone-tv-sound-speakers-i122935909.html,6/30/24,TRUE,1,thank you,Color Family:1.5M,0,,,,,
electronics,(1.5M/3M/5M/10M) 3.5 MM Male Jack to AV 2 RCA Male Stereo Music Audio Cable Cord AUX for Mp3 Pod Phone TV Sound Speakers,https://www.daraz.lk/products/15m3m5m10m-35-mm-male-jack-to-av-2-rca-male-stereo-music-audio-cable-cord-aux-for-mp3-pod-phone-tv-sound-speakers-i122935909.html,6/27/24,TRUE,1,broke,Color Family:1.5M,0,,,,,
electronics,(1.5M/3M/5M/10M) 3.5 MM Male Jack to AV 2 RCA Male Stereo Music Audio Cable Cord AUX for Mp3 Pod Phone TV Sound Speakers,https://www.daraz.lk/products/15m3m5m10m-35-mm-male-jack-to-av-2-rca-male-stereo-music-audio-cable-cord-aux-for-mp3-pod-phone-tv-sound-speakers-i122935909.html,12/26/23,TRUE,1,dont buy this very cheap,Color Family:1.5M,0,,,,,
electronics,(1.5M/3M/5M/10M) 3.5 MM Male Jack to AV 2 RCA Male Stereo Music Audio Cable Cord AUX for Mp3 Pod Phone TV Sound Speakers,https://www.daraz.lk/products/15m3m5m10m-35-mm-male-jack-to-av-2-rca-male-stereo-music-audio-cable-cord-aux-for-mp3-pod-phone-tv-sound-speakers-i122935909.html,3/7/23,TRUE,5,Excellent,Color Family:10M,0,,,,,
electronics,(1.5M/3M/5M/10M) 3.5 MM Male Jack to AV 2 RCA Male Stereo Music Audio Cable Cord AUX for Mp3 Pod Phone TV Sound Speakers,https://www.daraz.lk/products/15m3m5m10m-35-mm-male-jack-to-av-2-rca-male-stereo-music-audio-cable-cord-aux-for-mp3-pod-phone-tv-sound-speakers-i122935909.html,3/2/23,TRUE,5,good.,Color Family:1.5M,0,,,,,
electronics,(1.5M/3M/5M/10M) 3.5 MM Male Jack to AV 2 RCA Male Stereo Music Audio Cable Cord AUX for Mp3 Pod Phone TV Sound Speakers,https://www.daraz.lk/products/15m3m5m10m-35-mm-male-jack-to-av-2-rca-male-stereo-music-audio-cable-cord-aux-for-mp3-pod-phone-tv-sound-speakers-i122935909.html,3/1/23,TRUE,5,good,Color Family:10M,0,,,,,
electronics,(1.5M/3M/5M/10M) 3.5 MM Male Jack to AV 2 RCA Male Stereo Music Audio Cable Cord AUX for Mp3 Pod Phone TV Sound Speakers,https://www.daraz.lk/products/15m3m5m10m-35-mm-male-jack-to-av-2-rca-male-stereo-music-audio-cable-cord-aux-for-mp3-pod-phone-tv-sound-speakers-i122935909.html,4/1/22,TRUE,5,OK,Color Family:1.5M,0,,,,,
electronics,(1.5M/3M/5M/10M) 3.5 MM Male Jack to AV 2 RCA Male Stereo Music Audio Cable Cord AUX for Mp3 Pod Phone TV Sound Speakers,https://www.daraz.lk/products/15m3m5m10m-35-mm-male-jack-to-av-2-rca-male-stereo-music-audio-cable-cord-aux-for-mp3-pod-phone-tv-sound-speakers-i122935909.html,8/27/24,TRUE,3,good,Color Family:1.5M,1,,,,,
electronics,Netflix 1 Month 4K UHD,https://www.daraz.lk/products/netflix-1-month-4k-uhd-i292245923.html,12/10/25,TRUE,5,Great service. Can recommend.hope I’ll buy next month also. Today I received the bill also. Seller is supportive person,Color Family:1 Month,1,,,,,
electronics,Netflix 1 Month 4K UHD,https://www.daraz.lk/products/netflix-1-month-4k-uhd-i292245923.html,4/5/25,TRUE,5,"Highly recommend මේක buy කරල විනාඩියක් ඇතුලත account username password දෙනව 
customer service 100% quality 💥👌
baya nethuwa ganna👌💥",Color Family:1 Month,4,,,,,
electronics,Netflix 1 Month 4K UHD,https://www.daraz.lk/products/netflix-1-month-4k-uhd-i292245923.html,6/16/25,TRUE,5,Not Recommended. bought it and after 14 days stopped working. too many users in one account. Seller not responding at all.,Color Family:1 Month,0,,,,,
electronics,Netflix 1 Month 4K UHD,https://www.daraz.lk/products/netflix-1-month-4k-uhd-i292245923.html,10/1/25,TRUE,5,"This is excellent value for money and provides a reliable, hassle-free way to get access to Netflix. I highly recommend this seller to anyone looking for a quick and dependable subscription. Thank you for the great, professional service!""",Color Family:1 Month,3,,,,,
electronics,Netflix 1 Month 4K UHD,https://www.daraz.lk/products/netflix-1-month-4k-uhd-i292245923.html,6/6/26,TRUE,5,"Worst experience ever! I ordered a Netflix account from this seller and paid via Cash on Delivery. They sent a paper instructions slip and asked me to WhatsApp the photo to get the password and account details. After sending the photo, they just replied 'Wait' and completely vanished. Now they are ignoring my messages and not picking up my calls. Total fraud and zero customer service. Do not buy from this seller",Color Family:1 Month,1,,,,,
electronics,Netflix 1 Month 4K UHD,https://www.daraz.lk/products/netflix-1-month-4k-uhd-i292245923.html,12/5/24,TRUE,5,I am using this now for about three weeks and it's working without issue. They have delivered the warranty as well through DEX. good responding by the seller. satisfied with my purchase,Color Family:1 Month,4,,,,,
electronics,Netflix 1 Month 4K UHD,https://www.daraz.lk/products/netflix-1-month-4k-uhd-i292245923.html,12/26/25,TRUE,5,"good product,
netflix wada aragena payakin withara account details awa 
bill ekath delivery eken awa.",Color Family:1 Month,1,,,,,
electronics,Netflix 1 Month 4K UHD,https://www.daraz.lk/products/netflix-1-month-4k-uhd-i292245923.html,1/17/26,TRUE,5,Good Seller. But Had to collect the package unnecessarily from Collection Point. Could make arrangements to aviod it.,Color Family:1 Month,1,,,,,
electronics,Netflix 1 Month 4K UHD,https://www.daraz.lk/products/netflix-1-month-4k-uhd-i292245923.html,4/22/25,TRUE,5,බය නැතුව  pay කරන්න.   රැ pay කරෙ මං  රෑ උනත්  pay කරලා පැය භාගයකින් වගෙ account  details  හම්බුනා .,Color Family:1 Month,2,,,,,
electronics,Netflix 1 Month 4K UHD,https://www.daraz.lk/products/netflix-1-month-4k-uhd-i292245923.html,1/6/25,TRUE,5,Order karala paya 1.5n badu hambuna. Ikmanata chat walatath respond karanawa. recommend karanna puluwa baya nathuwa. review eka daddi use krnn patan aran dawas 5k withara. thama awlk na.,Color Family:1 Month,8,,,,,
electronics,Netflix 1 Month 4K UHD,https://www.daraz.lk/products/netflix-1-month-4k-uhd-i292245923.html,12/7/25,TRUE,5,Meka Maru😌 .. ❤️ bya nathuva ganna .. dn arn dvs 3k vgee use kla .. Warranty ek gedrt ava..,Color Family:1 Month,0,,,,,
electronics,Netflix 1 Month 4K UHD,https://www.daraz.lk/products/netflix-1-month-4k-uhd-i292245923.html,12/27/25,TRUE,5,Great product. No any errors. Purchased this product more than 3 times no issues,Color Family:1 Month,0,,,,,
electronics,Netflix 1 Month 4K UHD,https://www.daraz.lk/products/netflix-1-month-4k-uhd-i292245923.html,12/20/24,TRUE,5,"Awesome!
can buy this without any fear 
good service from the seller",Color Family:1 Month,0,,,,,
electronics,Netflix 1 Month 4K UHD,https://www.daraz.lk/products/netflix-1-month-4k-uhd-i292245923.html,9/7/25,TRUE,5,Same account has been given to many users.,Color Family:1 Month,4,,,,,
electronics,Netflix 1 Month 4K UHD,https://www.daraz.lk/products/netflix-1-month-4k-uhd-i292245923.html,11/20/25,TRUE,5,What is the passward I received onely this,Color Family:1 Month,0,,,,,
electronics,Netflix 1 Month 4K UHD,https://www.daraz.lk/products/netflix-1-month-4k-uhd-i292245923.html,5/30/26,TRUE,5,i dont knkw why you need a delivery fee,Color Family:1 Month,2,,,,,
electronics,Netflix 1 Month 4K UHD,https://www.daraz.lk/products/netflix-1-month-4k-uhd-i292245923.html,1/2/26,TRUE,3,"Subscription is working fine. They are issuing shared profile so others also will use your profile and sometimes you will receive many users using error and you have to wait until other user release the screen. Even though the product price is 563/=, they are adding a shipping cost which is useless and they are sending an invoice of the purchase in a small piece of paper which cost 286/=",Color Family:1 Month,3,,,,,
electronics,Netflix 1 Month 4K UHD,https://www.daraz.lk/products/netflix-1-month-4k-uhd-i292245923.html,11/8/25,TRUE,5,"Highly Recommend!

The username and the password was delivered within few minutes after the purchase. Been using this for over a week now with no interruptions, and everything goes smooth.

Thanks team!",Color Family:1 Month,0,,,,,
electronics,Netflix 1 Month 4K UHD,https://www.daraz.lk/products/netflix-1-month-4k-uhd-i292245923.html,4/5/26,TRUE,1,I would recommend u buying this because it works so well and i had a problem and he solved it too highly recommend,Color Family:1 Month,0,,,,,
electronics,Netflix 1 Month 4K UHD,https://www.daraz.lk/products/netflix-1-month-4k-uhd-i292245923.html,5/14/25,TRUE,5,"NO issue.  I have been happily using this for about two weeks and all is OK upto. Can recommend the seller. 
Took more than 4 days to get",Color Family:1 Month,0,,,,,
electronics,Netflix 1 Month 4K UHD,https://www.daraz.lk/products/netflix-1-month-4k-uhd-i292245923.html,5/18/25,TRUE,5,ඉතාම හොද seller කෙනෙක්....කිසිම අවුලක් නෑ බය නැතුව ගන්න..👍👍👍ප්‍රස්නයක් ආවොත් ෆට්ටම support එකක් දෙනවා..Thanks again ❤,Color Family:1 Month,0,,,,,
electronics,Netflix 1 Month 4K UHD,https://www.daraz.lk/products/netflix-1-month-4k-uhd-i292245923.html,9/2/25,TRUE,5,"Quick and good service. Highly recommended. They will msg you connection details immediately via Daraz masseging. But I don't know why they just shipping you the invoice. They ship you a tiny slip to your address. Which is an unnecessary cost and a hassle.

Otherwise everything else working great.",Color Family:1 Month,0,,,,,
electronics,Netflix 1 Month 4K UHD,https://www.daraz.lk/products/netflix-1-month-4k-uhd-i292245923.html,1/5/26,TRUE,5,"even though the first couple days was troublesome , after that the account support was fine and it worked really nicely, so even with my mixed experience I can still give a 4.5/5",Color Family:1 Month,0,,,,,
electronics,Netflix 1 Month 4K UHD,https://www.daraz.lk/products/netflix-1-month-4k-uhd-i292245923.html,1/15/26,TRUE,1,utter waste of money... got issues with the account time to time....not recommended...it's better to purchase directly from netflix.. bit expensive but hassle free...,Color Family:1 Month,0,,,,,
electronics,Netflix 1 Month 4K UHD,https://www.daraz.lk/products/netflix-1-month-4k-uhd-i292245923.html,6/3/25,TRUE,1,Don't buy from this seller !!! One month package only worked for two weeks ! also same account seems to be used/shared by many users making it a mess for the working two weeks.  Do not recommend. Seller is not friendly and supportive 👎,Color Family:1 Month,0,,,,,
electronics,Netflix 1 Month 4K UHD,https://www.daraz.lk/products/netflix-1-month-4k-uhd-i292245923.html,11/24/25,TRUE,5,The Netflix 1-month 4K UHD worked perfectly. Activation was fast and streaming quality is excellent. Highly recommend!,Color Family:1 Month,0,,,,,
electronics,Netflix 1 Month 4K UHD,https://www.daraz.lk/products/netflix-1-month-4k-uhd-i292245923.html,9/1/25,TRUE,1,"Please check your inbox, trying to contact you for more than 30 mins, my Netflix isn't working. Even to get the code, he has to reply, just staying online without a response for more than an hour",Color Family:1 Month,5,,,,,
electronics,Netflix 1 Month 4K UHD,https://www.daraz.lk/products/netflix-1-month-4k-uhd-i292245923.html,12/20/24,TRUE,5,"The first key did not work. But when I informed it, the seller was generous enough to send another key. It works well. A genuine seller. Highly recommended.",Color Family:1 Month,0,,,,,
electronics,Netflix 1 Month 4K UHD,https://www.daraz.lk/products/netflix-1-month-4k-uhd-i292245923.html,3/20/25,TRUE,5,This first time I Oder .evening ok the seller give quick response.really I like it .thank you Daraz I wil Oder next time prime video an Netflix,Color Family:1 Month,1,,,,,
electronics,Netflix 1 Month 4K UHD,https://www.daraz.lk/products/netflix-1-month-4k-uhd-i292245923.html,3/13/26,TRUE,5,"Highly recommended! I have been using the Netflix account for 30 days. There were a few minor issues at times, but the seller provided instant support and quickly solved the problems. Very responsive and reliable service. Overall, a good experience.",Color Family:1 Month,0,,,,,
electronics,Netflix 1 Month 4K UHD,https://www.daraz.lk/products/netflix-1-month-4k-uhd-i292245923.html,6/21/26,TRUE,5,they have been mentioned 4k UHD. not working 4k clear that's like normal clear doesn't even have the 1080 p clear,Color Family:1 Month,0,,,,,
electronics,Netflix 1 Month 4K UHD,https://www.daraz.lk/products/netflix-1-month-4k-uhd-i292245923.html,12/8/25,TRUE,5,"Writing this review after using about 2 weeks. Netflix account deactivated several times but he gave new account each time. He is bit late for respond, but a trustworthy seller. Highly recommend him.",Color Family:1 Month,0,,,,,
electronics,Netflix 1 Month 4K UHD,https://www.daraz.lk/products/netflix-1-month-4k-uhd-i292245923.html,12/5/24,TRUE,5,This is a great service to buy for a cheaper price. Seller’s communication is really good and fast. Activated immediately. Also video and audio quality is good for 27inch display. I don’t know about other sizes. Thanks for the service and I’m considering to buy 6 months subscription.,Color Family:1 Month,0,,,,,
electronics,Netflix 1 Month 4K UHD,https://www.daraz.lk/products/netflix-1-month-4k-uhd-i292245923.html,6/29/25,TRUE,1,"after sales service is not good. no person to contact if any issue. only through chat. you can see the agent online but hardly reply to your matter. Have to waste a day or two without the service.

Subscription ended 10 days before the actual. Still not resolved.",Color Family:1 Month,0,,,,,
electronics,Netflix 1 Month 4K UHD,https://www.daraz.lk/products/netflix-1-month-4k-uhd-i292245923.html,1/5/26,TRUE,1,"this not working properly. 
it work 5days only. after there is an error message
do not recomend",Color Family:1 Month,0,,,,,
electronics,Netflix 1 Month 4K UHD,https://www.daraz.lk/products/netflix-1-month-4k-uhd-i292245923.html,3/5/26,TRUE,5,Fast response Netflix working without any issue I recommend who like to buy a package superb,Color Family:1 Month,0,,,,,
electronics,Netflix 1 Month 4K UHD,https://www.daraz.lk/products/netflix-1-month-4k-uhd-i292245923.html,12/26/25,TRUE,5,Amazing service and received the logging details within just a few hours. Highly recommend! 😊,Color Family:1 Month,0,,,,,
electronics,Netflix 1 Month 4K UHD,https://www.daraz.lk/products/netflix-1-month-4k-uhd-i292245923.html,5/19/25,TRUE,5,"Man mee deweni paara gaththe kiyanna kisima waradak nee supiri 
higly recommend 💎❤️‍🔥",Color Family:1 Month,0,,,,,
electronics,Netflix 1 Month 4K UHD,https://www.daraz.lk/products/netflix-1-month-4k-uhd-i292245923.html,1/15/26,TRUE,5,This worked well. Once there was a login issue and they responded within a few hours.,Color Family:1 Month,0,,,,,
electronics,Netflix 1 Month 4K UHD,https://www.daraz.lk/products/netflix-1-month-4k-uhd-i292245923.html,5/12/25,TRUE,5,wada kara.. hbi dawas 30k tibbe na eta kalinma account ek deactivate wela tibbe 👎🏻,Color Family:1 Month,0,,,,,
electronics,Netflix 1 Month 4K UHD,https://www.daraz.lk/products/netflix-1-month-4k-uhd-i292245923.html,4/18/25,TRUE,5,නියමයි seller පට්ට supportive හොදටම තියෙනවා 💪. highly recommend 🤍,Color Family:1 Month,0,,,,,
electronics,Netflix 1 Month 4K UHD,https://www.daraz.lk/products/netflix-1-month-4k-uhd-i292245923.html,1/11/26,TRUE,5,good service seller was nice parson help out for every problem,Color Family:1 Month,0,,,,,
electronics,Netflix 1 Month 4K UHD,https://www.daraz.lk/products/netflix-1-month-4k-uhd-i292245923.html,1/8/25,TRUE,5,delivered on time. easy to use. instructions inbox in minutes,Color Family:1 Month,1,,,,,
electronics,Netflix 1 Month 4K UHD,https://www.daraz.lk/products/netflix-1-month-4k-uhd-i292245923.html,10/17/25,TRUE,5,Works Well Genuine Seller And video quality well done thanks,Color Family:1 Month,0,,,,,
electronics,Netflix 1 Month 4K UHD,https://www.daraz.lk/products/netflix-1-month-4k-uhd-i292245923.html,9/10/25,TRUE,5,"works great, quick response from the seller. would recommend",Color Family:1 Month,0,,,,,
electronics,Netflix 1 Month 4K UHD,https://www.daraz.lk/products/netflix-1-month-4k-uhd-i292245923.html,5/24/26,TRUE,5,Received the details within 2hours. Seller is very helpful,Color Family:1 Month,0,,,,,
electronics,Netflix 1 Month 4K UHD,https://www.daraz.lk/products/netflix-1-month-4k-uhd-i292245923.html,6/6/26,TRUE,1,Netflix eke wedi hariyak beluwe me notification eka thama,Color Family:1 Month,0,,,,,
electronics,Netflix 1 Month 4K UHD,https://www.daraz.lk/products/netflix-1-month-4k-uhd-i292245923.html,9/30/25,TRUE,5,"excellent buy, highly Recommend 💯 Fast delivery as well",Color Family:1 Month,0,,,,,
electronics,Netflix 1 Month 4K UHD,https://www.daraz.lk/products/netflix-1-month-4k-uhd-i292245923.html,11/21/25,TRUE,5,Good!! Actually works!!really 4k and good quality!!🫶🏽,Color Family:1 Month,0,,,,,
electronics,Netflix 1 Month 4K UHD,https://www.daraz.lk/products/netflix-1-month-4k-uhd-i292245923.html,5/28/25,TRUE,5,Fast and friendly service. Highly recommended..,Color Family:1 Month,0,,,,,
electronics,Netflix 1 Month 4K UHD,https://www.daraz.lk/products/netflix-1-month-4k-uhd-i292245923.html,3/29/26,TRUE,5,"Superb service, fast response from the seller.",Color Family:1 Month,0,,,,,
electronics,Netflix 1 Month 4K UHD,https://www.daraz.lk/products/netflix-1-month-4k-uhd-i292245923.html,5/27/26,TRUE,5,Quick activation .. within an hour of ordered,Color Family:1 Month,0,,,,,
electronics,Netflix 1 Month 4K UHD,https://www.daraz.lk/products/netflix-1-month-4k-uhd-i292245923.html,1/25/26,TRUE,5,good and work very well 👌 thank you 😊 Daraz,Color Family:1 Month,0,,,,,
electronics,Netflix 1 Month 4K UHD,https://www.daraz.lk/products/netflix-1-month-4k-uhd-i292245923.html,1/1/25,TRUE,5,Best product and best seller ! Its awesome,Color Family:1 Month,0,,,,,
electronics,Netflix 1 Month 4K UHD,https://www.daraz.lk/products/netflix-1-month-4k-uhd-i292245923.html,4/13/25,TRUE,5,"Great service, can buy this without any fear",Color Family:1 Month,0,,,,,
electronics,Netflix 1 Month 4K UHD,https://www.daraz.lk/products/netflix-1-month-4k-uhd-i292245923.html,5/1/26,TRUE,5,highly recommend and trust worthy.....👌👌,Color Family:1 Month,0,,,,,
electronics,Netflix 1 Month 4K UHD,https://www.daraz.lk/products/netflix-1-month-4k-uhd-i292245923.html,4/8/26,TRUE,5,works well. No issue . Trusted service,Color Family:1 Month,0,,,,,
electronics,Netflix 1 Month 4K UHD,https://www.daraz.lk/products/netflix-1-month-4k-uhd-i292245923.html,4/13/26,TRUE,5,This works well . Don't have to worry .,Color Family:1 Month,0,,,,,
electronics,Netflix 1 Month 4K UHD,https://www.daraz.lk/products/netflix-1-month-4k-uhd-i292245923.html,10/19/25,TRUE,5,Seller is good. Thanks for good service,Color Family:1 Month,0,,,,,
electronics,Netflix 1 Month 4K UHD,https://www.daraz.lk/products/netflix-1-month-4k-uhd-i292245923.html,12/5/25,TRUE,5,Fast delivered. Quick responive seller,Color Family:1 Month,0,,,,,
electronics,Netflix 1 Month 4K UHD,https://www.daraz.lk/products/netflix-1-month-4k-uhd-i292245923.html,6/6/26,TRUE,5,"it's good, but video quality is not 4k",Color Family:1 Month,0,,,,,
electronics,Netflix 1 Month 4K UHD,https://www.daraz.lk/products/netflix-1-month-4k-uhd-i292245923.html,1/21/26,TRUE,5,"received thank you 
it's working good",Color Family:1 Month,0,,,,,
electronics,Netflix 1 Month 4K UHD,https://www.daraz.lk/products/netflix-1-month-4k-uhd-i292245923.html,11/26/25,TRUE,5,Excellent.  Very fast.  Working fine.,Color Family:1 Month,0,,,,,
electronics,Netflix 1 Month 4K UHD,https://www.daraz.lk/products/netflix-1-month-4k-uhd-i292245923.html,12/5/24,TRUE,5,highly recommend and customer service,Color Family:1 Month,1,,,,,
electronics,Netflix 1 Month 4K UHD,https://www.daraz.lk/products/netflix-1-month-4k-uhd-i292245923.html,8/27/25,TRUE,5,Great Service and Highly recommend,Color Family:1 Month,0,,,,,
electronics,Netflix 1 Month 4K UHD,https://www.daraz.lk/products/netflix-1-month-4k-uhd-i292245923.html,7/18/25,TRUE,5,fast service and very ezey to use,Color Family:1 Month,0,,,,,
electronics,Netflix 1 Month 4K UHD,https://www.daraz.lk/products/netflix-1-month-4k-uhd-i292245923.html,3/24/26,TRUE,5,"Recommended seller, good service.",Color Family:1 Month,0,,,,,
electronics,Netflix 1 Month 4K UHD,https://www.daraz.lk/products/netflix-1-month-4k-uhd-i292245923.html,11/15/25,TRUE,5,received and quick service 😍,Color Family:1 Month,0,,,,,
electronics,Netflix 1 Month 4K UHD,https://www.daraz.lk/products/netflix-1-month-4k-uhd-i292245923.html,6/4/25,TRUE,5,Good service.  Good quality.,Color Family:1 Month,0,,,,,
electronics,Netflix 1 Month 4K UHD,https://www.daraz.lk/products/netflix-1-month-4k-uhd-i292245923.html,12/19/25,TRUE,5,Best place to get Nflix.,Color Family:1 Month,0,,,,,
electronics,Netflix 1 Month 4K UHD,https://www.daraz.lk/products/netflix-1-month-4k-uhd-i292245923.html,11/27/25,TRUE,5,A very supportive seller,Color Family:1 Month,0,,,,,
electronics,Netflix 1 Month 4K UHD,https://www.daraz.lk/products/netflix-1-month-4k-uhd-i292245923.html,12/26/25,TRUE,5,All is working perfect.,Color Family:1 Month,0,,,,,
electronics,Netflix 1 Month 4K UHD,https://www.daraz.lk/products/netflix-1-month-4k-uhd-i292245923.html,12/21/25,TRUE,5,Highly recommended 👍🏽,Color Family:1 Month,0,,,,,
electronics,Netflix 1 Month 4K UHD,https://www.daraz.lk/products/netflix-1-month-4k-uhd-i292245923.html,12/3/25,TRUE,5,good working i love it,Color Family:1 Month,0,,,,,
electronics,Netflix 1 Month 4K UHD,https://www.daraz.lk/products/netflix-1-month-4k-uhd-i292245923.html,4/26/26,TRUE,5,nice customer service,Color Family:1 Month,0,,,,,
electronics,Netflix 1 Month 4K UHD,https://www.daraz.lk/products/netflix-1-month-4k-uhd-i292245923.html,3/10/26,TRUE,5,Good netflix service,Color Family:1 Month,0,,,,,
electronics,Netflix 1 Month 4K UHD,https://www.daraz.lk/products/netflix-1-month-4k-uhd-i292245923.html,5/30/26,TRUE,5,"Great service, fast",Color Family:1 Month,0,,,,,
electronics,Netflix 1 Month 4K UHD,https://www.daraz.lk/products/netflix-1-month-4k-uhd-i292245923.html,7/2/25,TRUE,5,excellent service,Color Family:1 Month,0,,,,,
electronics,Netflix 1 Month 4K UHD,https://www.daraz.lk/products/netflix-1-month-4k-uhd-i292245923.html,2/5/26,TRUE,5,original account,Color Family:1 Month,0,,,,,
electronics,Netflix 1 Month 4K UHD,https://www.daraz.lk/products/netflix-1-month-4k-uhd-i292245923.html,1/1/26,TRUE,5,good Service ♥️🥰,Color Family:1 Month,0,,,,,
electronics,Netflix 1 Month 4K UHD,https://www.daraz.lk/products/netflix-1-month-4k-uhd-i292245923.html,11/30/25,TRUE,5,Thanks works fine,Color Family:1 Month,0,,,,,
electronics,Netflix 1 Month 4K UHD,https://www.daraz.lk/products/netflix-1-month-4k-uhd-i292245923.html,8/12/25,TRUE,5,reliable product,Color Family:1 Month,0,,,,,
electronics,Netflix 1 Month 4K UHD,https://www.daraz.lk/products/netflix-1-month-4k-uhd-i292245923.html,8/13/25,TRUE,5,superb service,Color Family:1 Month,0,,,,,
electronics,Netflix 1 Month 4K UHD,https://www.daraz.lk/products/netflix-1-month-4k-uhd-i292245923.html,12/31/24,TRUE,5,Fast and great,Color Family:1 Month,0,,,,,
electronics,Netflix 1 Month 4K UHD,https://www.daraz.lk/products/netflix-1-month-4k-uhd-i292245923.html,12/22/24,TRUE,5,good working ❤,Color Family:1 Month,0,,,,,
electronics,Netflix 1 Month 4K UHD,https://www.daraz.lk/products/netflix-1-month-4k-uhd-i292245923.html,2/28/25,TRUE,5,Great service,Color Family:1 Month,0,,,,,
electronics,Netflix 1 Month 4K UHD,https://www.daraz.lk/products/netflix-1-month-4k-uhd-i292245923.html,9/30/25,TRUE,5,fast delivery.,Color Family:1 Month,0,,,,,
electronics,Netflix 1 Month 4K UHD,https://www.daraz.lk/products/netflix-1-month-4k-uhd-i292245923.html,8/31/25,TRUE,5,Good product,Color Family:1 Month,0,,,,,
electronics,Netflix 1 Month 4K UHD,https://www.daraz.lk/products/netflix-1-month-4k-uhd-i292245923.html,3/6/26,TRUE,5,good service,Color Family:1 Month,0,,,,,
electronics,Netflix 1 Month 4K UHD,https://www.daraz.lk/products/netflix-1-month-4k-uhd-i292245923.html,6/1/25,TRUE,5,Great service,Color Family:1 Month,0,,,,,
electronics,Netflix 1 Month 4K UHD,https://www.daraz.lk/products/netflix-1-month-4k-uhd-i292245923.html,3/28/26,TRUE,5,good service,Color Family:1 Month,0,,,,,
electronics,Netflix 1 Month 4K UHD,https://www.daraz.lk/products/netflix-1-month-4k-uhd-i292245923.html,4/30/26,TRUE,5,Good service,Color Family:1 Month,0,,,,,
electronics,Netflix 1 Month 4K UHD,https://www.daraz.lk/products/netflix-1-month-4k-uhd-i292245923.html,4/25/25,TRUE,5,good service,Color Family:1 Month,0,,,,,
electronics,Netflix 1 Month 4K UHD,https://www.daraz.lk/products/netflix-1-month-4k-uhd-i292245923.html,4/8/26,TRUE,5,recommend 👍,Color Family:1 Month,0,,,,,
electronics,Netflix 1 Month 4K UHD,https://www.daraz.lk/products/netflix-1-month-4k-uhd-i292245923.html,1/26/25,TRUE,4,Reliable ✔️,Color Family:1 Month,0,,,,,
electronics,Netflix 1 Month 4K UHD,https://www.daraz.lk/products/netflix-1-month-4k-uhd-i292245923.html,11/15/25,TRUE,5,🙏🙏🙏good,Color Family:1 Month,0,,,,,
electronics,Netflix 1 Month 4K UHD,https://www.daraz.lk/products/netflix-1-month-4k-uhd-i292245923.html,5/14/26,TRUE,5,good seller,Color Family:1 Month,0,,,,,
electronics,Netflix 1 Month 4K UHD,https://www.daraz.lk/products/netflix-1-month-4k-uhd-i292245923.html,9/6/25,TRUE,5,good,Color Family:1 Month,0,,,,,
electronics,Netflix 1 Month 4K UHD,https://www.daraz.lk/products/netflix-1-month-4k-uhd-i292245923.html,6/20/26,TRUE,5,Good,Color Family:1 Month,0,,,,,
electronics,Netflix 1 Month 4K UHD,https://www.daraz.lk/products/netflix-1-month-4k-uhd-i292245923.html,4/1/26,TRUE,5,good,Color Family:1 Month,0,,,,,
electronics,Netflix 1 Month 4K UHD,https://www.daraz.lk/products/netflix-1-month-4k-uhd-i292245923.html,1/5/25,TRUE,5,Good,Color Family:1 Month,0,,,,,
electronics,Netflix 1 Month 4K UHD,https://www.daraz.lk/products/netflix-1-month-4k-uhd-i292245923.html,5/27/25,TRUE,5,great 👍,Color Family:1 Month,0,,,,,
electronics,Netflix 1 Month 4K UHD,https://www.daraz.lk/products/netflix-1-month-4k-uhd-i292245923.html,4/5/26,TRUE,5,good,Color Family:1 Month,0,,,,,
electronics,Netflix 1 Month 4K UHD,https://www.daraz.lk/products/netflix-1-month-4k-uhd-i292245923.html,4/6/26,TRUE,4,it's ok,Color Family:1 Month,0,,,,,
electronics,Netflix 1 Month 4K UHD,https://www.daraz.lk/products/netflix-1-month-4k-uhd-i292245923.html,1/6/26,TRUE,5,Good,Color Family:1 Month,0,,,,,
electronics,Netflix 1 Month 4K UHD,https://www.daraz.lk/products/netflix-1-month-4k-uhd-i292245923.html,3/18/26,TRUE,5,Good,Color Family:1 Month,0,,,,,
electronics,Netflix 1 Month 4K UHD,https://www.daraz.lk/products/netflix-1-month-4k-uhd-i292245923.html,4/30/26,TRUE,5,Best,Color Family:1 Month,0,,,,,
electronics,Netflix 1 Month 4K UHD,https://www.daraz.lk/products/netflix-1-month-4k-uhd-i292245923.html,2/3/25,TRUE,5,Good,Color Family:1 Month,0,,,,,
electronics,Netflix 1 Month 4K UHD,https://www.daraz.lk/products/netflix-1-month-4k-uhd-i292245923.html,2/2/25,TRUE,5,❤️❤️❤️,Color Family:1 Month,0,,,,,
electronics,Netflix 1 Month 4K UHD,https://www.daraz.lk/products/netflix-1-month-4k-uhd-i292245923.html,6/13/26,TRUE,5,Good,Color Family:1 Month,0,,,,,
electronics,Netflix 1 Month 4K UHD,https://www.daraz.lk/products/netflix-1-month-4k-uhd-i292245923.html,1/16/26,TRUE,5,Great.,Color Family:1 Month,0,,,,,
electronics,Netflix 1 Month 4K UHD,https://www.daraz.lk/products/netflix-1-month-4k-uhd-i292245923.html,6/20/26,TRUE,5,Good,Color Family:1 Month,0,,,,,
electronics,Netflix 1 Month 4K UHD,https://www.daraz.lk/products/netflix-1-month-4k-uhd-i292245923.html,2/14/25,TRUE,5,Good,Color Family:1 Month,0,,,,,
electronics,Netflix 1 Month 4K UHD,https://www.daraz.lk/products/netflix-1-month-4k-uhd-i292245923.html,9/17/25,TRUE,5,👌 super,Color Family:1 Month,0,,,,,
electronics,Netflix 1 Month 4K UHD,https://www.daraz.lk/products/netflix-1-month-4k-uhd-i292245923.html,6/12/25,TRUE,5,good,Color Family:1 Month,0,,,,,
electronics,Netflix 1 Month 4K UHD,https://www.daraz.lk/products/netflix-1-month-4k-uhd-i292245923.html,8/12/25,TRUE,5,Nice,Color Family:1 Month,0,,,,,
electronics,Netflix 1 Month 4K UHD,https://www.daraz.lk/products/netflix-1-month-4k-uhd-i292245923.html,4/23/25,TRUE,5,,Color Family:1 Month,1,,,,,
electronics,Netflix 1 Month 4K UHD,https://www.daraz.lk/products/netflix-1-month-4k-uhd-i292245923.html,12/7/25,TRUE,5,,Color Family:1 Month,0,,,,,
electronics,Netflix 1 Month 4K UHD,https://www.daraz.lk/products/netflix-1-month-4k-uhd-i292245923.html,1/15/26,TRUE,3,Stopped working after 14 days.,Color Family:1 Month,0,,,,,
electronics,Netflix 1 Month 4K UHD,https://www.daraz.lk/products/netflix-1-month-4k-uhd-i292245923.html,4/1/26,TRUE,1,"these mfs prolly scam you through the days 
i purchased at 31/3 11.45 pm but the mf told the plan ends on 29/4 like i argued that's 29 days but the motherfuckers told 31/3 is totally calculated as a full day even though it's 15 mins only and even the plan cancels at 29 beginning that's 28days 
motherfuckers and the invoice is unnecessary and very small which is unnecessary like their scamming fake accounts which makes fake payments and your device will be blocked sometimes and should ask these seller fucker to unlock by a big procedure of sending code to the seller scammers fake account mails",Color Family:1 Month,2,,,,,
electronics,Netflix 1 Month 4K UHD,https://www.daraz.lk/products/netflix-1-month-4k-uhd-i292245923.html,4/7/26,TRUE,1,"these motherfckers keep logging out many times
and fckers give an account which forginers use, those mufvkers keep changing the app language always and this scamming fckers are lame",Color Family:1 Month,0,,,,,
electronics,Netflix 1 Month 4K UHD,https://www.daraz.lk/products/netflix-1-month-4k-uhd-i292245923.html,3/12/26,TRUE,2,"They were busy, so I had to wait for a while because of a password issue, but they resolved it. Everything is working perfectly now. However, it expires earlier than the full time period.",Color Family:1 Month,1,,,,,
electronics,Netflix 1 Month 4K UHD,https://www.daraz.lk/products/netflix-1-month-4k-uhd-i292245923.html,6/13/26,TRUE,1,ganna epa. mala jarawak. service eka anthimai. message walata reply dannah dawasak withara yanawa. me account eka aragena sathiyak athulatha dawas dekai balanna pluwan une anith dawas hemadama errors.,Color Family:1 Month,0,,,,,
electronics,Netflix 1 Month 4K UHD,https://www.daraz.lk/products/netflix-1-month-4k-uhd-i292245923.html,6 hours ago,TRUE,2,"Order damamma o login dunna.. order gedarata invoice eka labuna dawase account rka expire una. 
Dawas 4 i baluwe. Eelangata aluth account is kak dunna eth email verification ganna support eka nam dunne na… mata nam bad experience ekak thamai thiyenne…",Color Family:1 Month,0,,,,,
electronics,Netflix 1 Month 4K UHD,https://www.daraz.lk/products/netflix-1-month-4k-uhd-i292245923.html,1/16/26,TRUE,2,Someone view the same profile. Viewing history changes continuasly. Can't keep viewing history.,Color Family:1 Month,0,,,,,
electronics,Netflix 1 Month 4K UHD,https://www.daraz.lk/products/netflix-1-month-4k-uhd-i292245923.html,4/12/26,TRUE,1,"never replies to messages.
keeps us waitinf until he finish his quests.
not recommended.",Color Family:1 Month,0,,,,,
electronics,Netflix 1 Month 4K UHD,https://www.daraz.lk/products/netflix-1-month-4k-uhd-i292245923.html,5/16/26,TRUE,1,really garbage service. highly not recommended,Color Family:1 Month,1,,,,,
electronics,Netflix 1 Month 4K UHD,https://www.daraz.lk/products/netflix-1-month-4k-uhd-i292245923.html,5/1/26,TRUE,1,the seller is really slow to reply. very poor,Color Family:1 Month,1,,,,,
electronics,Netflix 1 Month 4K UHD,https://www.daraz.lk/products/netflix-1-month-4k-uhd-i292245923.html,5/1/26,TRUE,1,the seller is really slow to reply. very poor,Color Family:1 Month,1,,,,,
electronics,Netflix 1 Month 4K UHD,https://www.daraz.lk/products/netflix-1-month-4k-uhd-i292245923.html,11/28/25,TRUE,2,Account was uneccessible after 20 days.,Color Family:1 Month,1,,,,,
electronics,Netflix 1 Month 4K UHD,https://www.daraz.lk/products/netflix-1-month-4k-uhd-i292245923.html,3/10/26,TRUE,1,Scammer don’t buy from him,Color Family:1 Month,0,,,,,
electronics,Netflix 1 Month 4K UHD,https://www.daraz.lk/products/netflix-1-month-4k-uhd-i292245923.html,1/8/26,TRUE,1,it's only HD quality.,Color Family:1 Month,0,,,,,
electronics,3D View Virtual Reality VR Box Glasses Headset Gear Theater Panorama For Smartphones,https://www.daraz.lk/products/3d-view-virtual-reality-vr-glasses-gear-theater-panorama-smartphones-i114312651.html,6/19/24,TRUE,5,so nice,Color Family:White,25,,,,,
electronics,3D View Virtual Reality VR Box Glasses Headset Gear Theater Panorama For Smartphones,https://www.daraz.lk/products/3d-view-virtual-reality-vr-glasses-gear-theater-panorama-smartphones-i114312651.html,9/14/25,TRUE,5,best quality product 😄😄 I recommend this product,Color Family:White,0,,,,,
electronics,3D View Virtual Reality VR Box Glasses Headset Gear Theater Panorama For Smartphones,https://www.daraz.lk/products/3d-view-virtual-reality-vr-glasses-gear-theater-panorama-smartphones-i114312651.html,10/10/25,TRUE,5,සුපිරි බයනැතුව ගන්න නියමයි👍👍👍👍👍❤️❤️❤️❤️,Color Family:White,0,,,,,
electronics,3D View Virtual Reality VR Box Glasses Headset Gear Theater Panorama For Smartphones,https://www.daraz.lk/products/3d-view-virtual-reality-vr-glasses-gear-theater-panorama-smartphones-i114312651.html,5/15/26,TRUE,5,good,Color Family:White,1,,,,,
electronics,3D View Virtual Reality VR Box Glasses Headset Gear Theater Panorama For Smartphones,https://www.daraz.lk/products/3d-view-virtual-reality-vr-glasses-gear-theater-panorama-smartphones-i114312651.html,4/8/24,TRUE,5,Patteme pattai 🔥🔥🔥 spire baduvak Good quality and maru this price ekete hontheteme vatineva👍🌹🌹🌹🌹 tnx daraz,Color Family:White,7,,,,,
electronics,3D View Virtual Reality VR Box Glasses Headset Gear Theater Panorama For Smartphones,https://www.daraz.lk/products/3d-view-virtual-reality-vr-glasses-gear-theater-panorama-smartphones-i114312651.html,6/26/24,TRUE,4,හොඳට wada කරනවා සුපිරි baduwak,Color Family:White,4,,,,,
electronics,3D View Virtual Reality VR Box Glasses Headset Gear Theater Panorama For Smartphones,https://www.daraz.lk/products/3d-view-virtual-reality-vr-glasses-gear-theater-panorama-smartphones-i114312651.html,4/24/24,TRUE,5,Fantastic,Color Family:White,8,,,,,
electronics,3D View Virtual Reality VR Box Glasses Headset Gear Theater Panorama For Smartphones,https://www.daraz.lk/products/3d-view-virtual-reality-vr-glasses-gear-theater-panorama-smartphones-i114312651.html,10/29/25,TRUE,5,Good but its not fix for head to heavy for head. Vision is 50/50 not good quality. Bud its 1st tike vr user to ok. But I think price will be to heavy for this. Need to low price,Color Family:White,0,,,,,
electronics,3D View Virtual Reality VR Box Glasses Headset Gear Theater Panorama For Smartphones,https://www.daraz.lk/products/3d-view-virtual-reality-vr-glasses-gear-theater-panorama-smartphones-i114312651.html,4/28/25,TRUE,5,"ගන්න එපා. මූනට සෙට් වෙනව පංච් කෑල්ල නැතුව තමයි මට ආවේ රිටන් කරා ඒත් ආපහු ඒකමයි ආවේ.
Don't buy it. It came without the five pieces that fit the face. I returned it but it came back the same.
වැඩක්ම නෑ, ගන්න නම් එපා 
අරන් රිටන් කරත් එන්නේ ආපහු ඒකමයි  
Don't buy this.",Color Family:White,0,,,,,
electronics,3D View Virtual Reality VR Box Glasses Headset Gear Theater Panorama For Smartphones,https://www.daraz.lk/products/3d-view-virtual-reality-vr-glasses-gear-theater-panorama-smartphones-i114312651.html,5/2/25,TRUE,5,"good
   ❤️‍🔥❤️‍🔥❤️‍🔥❤️‍🔥❤️‍🔥❤️‍🔥❤️‍🔥❤️‍🔥❤️‍🔥           

බය  නැටූඋව   ගන්න  කිසි  අඋලක්  na
supiri  daras ekata istuti",Color Family:White,0,,,,,
electronics,3D View Virtual Reality VR Box Glasses Headset Gear Theater Panorama For Smartphones,https://www.daraz.lk/products/3d-view-virtual-reality-vr-glasses-gear-theater-panorama-smartphones-i114312651.html,9/3/25,TRUE,5,Meka hari yanne  poru karanne kattiya  revettana vaa hello phone eka thamma vitharai kedunaa aiyyo phone eka thannavath pe,Color Family:White,3,,,,,
electronics,3D View Virtual Reality VR Box Glasses Headset Gear Theater Panorama For Smartphones,https://www.daraz.lk/products/3d-view-virtual-reality-vr-glasses-gear-theater-panorama-smartphones-i114312651.html,12/16/25,TRUE,5,කිසිම වැඩක් නැ හොද කොලිටියක් ගන්න බැහැ මගේ පොන් එක redmi note 12 ඒක දාන්න බැ මෙකට ලොකු පෝන් දාන්න බැ පෝන් එකෙ ආලොකය වැඩි කරත් කිසිම කොලිටියකින් බලන්න බැ විඩියො අනික මෙකෙ ඇහැ වටේට එන ස්පන්ච් එක වගේ නැ ටක වෙලාවක් දාන් ඉද්දි රිදෙනවා,Color Family:White,0,,,,,
electronics,3D View Virtual Reality VR Box Glasses Headset Gear Theater Panorama For Smartphones,https://www.daraz.lk/products/3d-view-virtual-reality-vr-glasses-gear-theater-panorama-smartphones-i114312651.html,9/18/25,TRUE,5,Excellent item for the cheap price. Lens bit blurry and I can't focus one side. anyway it works overall. Thanks seller♥️,Color Family:White,3,,,,,
electronics,3D View Virtual Reality VR Box Glasses Headset Gear Theater Panorama For Smartphones,https://www.daraz.lk/products/3d-view-virtual-reality-vr-glasses-gear-theater-panorama-smartphones-i114312651.html,11/7/25,TRUE,5,Great VR box. It is absolutely amazing. It's good for those who didn't experience the  VR experience  and those who need a cheap one. So don't be afraid guys buy this product now..! 😁,Color Family:White,0,,,,,
electronics,3D View Virtual Reality VR Box Glasses Headset Gear Theater Panorama For Smartphones,https://www.daraz.lk/products/3d-view-virtual-reality-vr-glasses-gear-theater-panorama-smartphones-i114312651.html,9/23/25,TRUE,5,"Dear daraz, I'm not really happy with your product because it's no matching your image and descriptions Because it's to blur and not good for eye, Thank you.",Color Family:White,6,,,,,
electronics,3D View Virtual Reality VR Box Glasses Headset Gear Theater Panorama For Smartphones,https://www.daraz.lk/products/3d-view-virtual-reality-vr-glasses-gear-theater-panorama-smartphones-i114312651.html,11/25/25,TRUE,5,"this product is good but one a problem
2iye to 1pic not fully mobile senter part missing 
I try to adjust and you tube tricks but not use this 
this is my lose order😢",Color Family:White,1,,,,,
electronics,3D View Virtual Reality VR Box Glasses Headset Gear Theater Panorama For Smartphones,https://www.daraz.lk/products/3d-view-virtual-reality-vr-glasses-gear-theater-panorama-smartphones-i114312651.html,12/2/25,TRUE,4,good. worth for the price.  can't get a luxury feeling. i used it a for a month and no any issues.,Color Family:White,0,,,,,
electronics,3D View Virtual Reality VR Box Glasses Headset Gear Theater Panorama For Smartphones,https://www.daraz.lk/products/3d-view-virtual-reality-vr-glasses-gear-theater-panorama-smartphones-i114312651.html,12/4/25,TRUE,5,very nice product but box little damage but product is in very good condition,Color Family:White,0,,,,,
electronics,3D View Virtual Reality VR Box Glasses Headset Gear Theater Panorama For Smartphones,https://www.daraz.lk/products/3d-view-virtual-reality-vr-glasses-gear-theater-panorama-smartphones-i114312651.html,9/29/25,TRUE,5,ගනටනම් ගොඩක් හොදයි.බය නැතුව ගන්න.packing එකත් හොදට එවල තිබ්බ.මරු 👌♥️😁,Color Family:White,0,,,,,
electronics,3D View Virtual Reality VR Box Glasses Headset Gear Theater Panorama For Smartphones,https://www.daraz.lk/products/3d-view-virtual-reality-vr-glasses-gear-theater-panorama-smartphones-i114312651.html,11/18/25,TRUE,5,ගානට හොදයි.ඒත් කාච ටිකක් සීරිල. මේකෙ හැබැයි රූප එච්චර කොලිටිම නෑ😭😭,Color Family:White,0,,,,,
electronics,3D View Virtual Reality VR Box Glasses Headset Gear Theater Panorama For Smartphones,https://www.daraz.lk/products/3d-view-virtual-reality-vr-glasses-gear-theater-panorama-smartphones-i114312651.html,3/13/26,TRUE,5,gewana ganata shape ekatama hariyana videos hoygnna thma amaru,Color Family:White,0,,,,,
electronics,3D View Virtual Reality VR Box Glasses Headset Gear Theater Panorama For Smartphones,https://www.daraz.lk/products/3d-view-virtual-reality-vr-glasses-gear-theater-panorama-smartphones-i114312651.html,9/18/25,TRUE,5,vr box  ඉතමත්  හොදයි  මේගනට  පාඩුත්  නැ  ඉමත්  ඉමනට  ලැබුනා,Color Family:White,0,,,,,
electronics,3D View Virtual Reality VR Box Glasses Headset Gear Theater Panorama For Smartphones,https://www.daraz.lk/products/3d-view-virtual-reality-vr-glasses-gear-theater-panorama-smartphones-i114312651.html,5/14/26,TRUE,5,Meke sponch ekj nh munt set wen then...ek nis dgn inn amrui,Color Family:White,0,,,,,
electronics,3D View Virtual Reality VR Box Glasses Headset Gear Theater Panorama For Smartphones,https://www.daraz.lk/products/3d-view-virtual-reality-vr-glasses-gear-theater-panorama-smartphones-i114312651.html,11/18/25,TRUE,5,hariyata adjust venne na bodai mage phone eka dannath madi,Color Family:White,0,,,,,
electronics,3D View Virtual Reality VR Box Glasses Headset Gear Theater Panorama For Smartphones,https://www.daraz.lk/products/3d-view-virtual-reality-vr-glasses-gear-theater-panorama-smartphones-i114312651.html,4/28/25,TRUE,5,adoo patta bande බීම ටිකක් දාල දුම කටේ දාගන්නත් පුලුවන්,Color Family:White,0,,,,,
electronics,3D View Virtual Reality VR Box Glasses Headset Gear Theater Panorama For Smartphones,https://www.daraz.lk/products/3d-view-virtual-reality-vr-glasses-gear-theater-panorama-smartphones-i114312651.html,10/24/25,TRUE,5,හිතුවට වඩා හොදට තිබුනා පැකින් එකත් සුපිරියටම කරලා තිබුනා,Color Family:White,0,,,,,
electronics,3D View Virtual Reality VR Box Glasses Headset Gear Theater Panorama For Smartphones,https://www.daraz.lk/products/3d-view-virtual-reality-vr-glasses-gear-theater-panorama-smartphones-i114312651.html,5/1/25,TRUE,5,Good product and (fast delivery) best quality,Color Family:White,0,,,,,
electronics,3D View Virtual Reality VR Box Glasses Headset Gear Theater Panorama For Smartphones,https://www.daraz.lk/products/3d-view-virtual-reality-vr-glasses-gear-theater-panorama-smartphones-i114312651.html,5/6/26,TRUE,5,it's good but no sponch in this product,Color Family:White,0,,,,,
electronics,3D View Virtual Reality VR Box Glasses Headset Gear Theater Panorama For Smartphones,https://www.daraz.lk/products/3d-view-virtual-reality-vr-glasses-gear-theater-panorama-smartphones-i114312651.html,1/16/26,TRUE,5,very nice and good product. I'm so happy,Color Family:White,0,,,,,
electronics,3D View Virtual Reality VR Box Glasses Headset Gear Theater Panorama For Smartphones,https://www.daraz.lk/products/3d-view-virtual-reality-vr-glasses-gear-theater-panorama-smartphones-i114312651.html,4/18/25,TRUE,5,hadak ne Gabba epa Meka hugak hayiya ne,වර්ණ කාණ්ඩය:සුදු,0,,,,,
electronics,3D View Virtual Reality VR Box Glasses Headset Gear Theater Panorama For Smartphones,https://www.daraz.lk/products/3d-view-virtual-reality-vr-glasses-gear-theater-panorama-smartphones-i114312651.html,11/16/25,TRUE,5,it is walking cinema hall it's  good.,Color Family:White,0,,,,,
electronics,3D View Virtual Reality VR Box Glasses Headset Gear Theater Panorama For Smartphones,https://www.daraz.lk/products/3d-view-virtual-reality-vr-glasses-gear-theater-panorama-smartphones-i114312651.html,10/6/25,TRUE,5,superb best quality product 😍😍😍😍,Color Family:White,0,,,,,
electronics,3D View Virtual Reality VR Box Glasses Headset Gear Theater Panorama For Smartphones,https://www.daraz.lk/products/3d-view-virtual-reality-vr-glasses-gear-theater-panorama-smartphones-i114312651.html,4/11/26,TRUE,5,good product fast delivery thank you,Color Family:White,0,,,,,
electronics,3D View Virtual Reality VR Box Glasses Headset Gear Theater Panorama For Smartphones,https://www.daraz.lk/products/3d-view-virtual-reality-vr-glasses-gear-theater-panorama-smartphones-i114312651.html,7/28/25,TRUE,5,good godak hodata pak karala tebuna,Color Family:White,0,,,,,
electronics,3D View Virtual Reality VR Box Glasses Headset Gear Theater Panorama For Smartphones,https://www.daraz.lk/products/3d-view-virtual-reality-vr-glasses-gear-theater-panorama-smartphones-i114312651.html,10/14/25,TRUE,5,"supiri product ekk, ganata paadu na",Color Family:White,0,,,,,
electronics,3D View Virtual Reality VR Box Glasses Headset Gear Theater Panorama For Smartphones,https://www.daraz.lk/products/3d-view-virtual-reality-vr-glasses-gear-theater-panorama-smartphones-i114312651.html,3/17/25,TRUE,5,Supiri product ekak delivery good♥️,Color Family:White,2,,,,,
electronics,3D View Virtual Reality VR Box Glasses Headset Gear Theater Panorama For Smartphones,https://www.daraz.lk/products/3d-view-virtual-reality-vr-glasses-gear-theater-panorama-smartphones-i114312651.html,10/31/25,TRUE,5,Price එකෙ හැටියට ගොඩක් වටිනවා ❤️,Color Family:White,0,,,,,
electronics,3D View Virtual Reality VR Box Glasses Headset Gear Theater Panorama For Smartphones,https://www.daraz.lk/products/3d-view-virtual-reality-vr-glasses-gear-theater-panorama-smartphones-i114312651.html,10/6/25,TRUE,5,සුපිරි භාණ්ඩෙ. 😁😁 Thanks daraz,Color Family:සුදු,0,,,,,
electronics,3D View Virtual Reality VR Box Glasses Headset Gear Theater Panorama For Smartphones,https://www.daraz.lk/products/3d-view-virtual-reality-vr-glasses-gear-theater-panorama-smartphones-i114312651.html,10/16/24,TRUE,5,valuable for money .recommend ❤️,Color Family:White,1,,,,,
electronics,3D View Virtual Reality VR Box Glasses Headset Gear Theater Panorama For Smartphones,https://www.daraz.lk/products/3d-view-virtual-reality-vr-glasses-gear-theater-panorama-smartphones-i114312651.html,11/7/25,TRUE,5,"ගොඩක් හොදයි 
බය නැතුව ගන්න .",වර්ණ කාණ්ඩය:සුදු,0,,,,,
electronics,3D View Virtual Reality VR Box Glasses Headset Gear Theater Panorama For Smartphones,https://www.daraz.lk/products/3d-view-virtual-reality-vr-glasses-gear-theater-panorama-smartphones-i114312651.html,10/20/25,TRUE,5,හොඳයි😎 නියමයි super ❤️❤️❤️🥰,Color Family:White,0,,,,,
electronics,3D View Virtual Reality VR Box Glasses Headset Gear Theater Panorama For Smartphones,https://www.daraz.lk/products/3d-view-virtual-reality-vr-glasses-gear-theater-panorama-smartphones-i114312651.html,11/17/25,TRUE,5,.මේක වැඩක් නෑ.punch එකක් නෑ,වර්ණ කාණ්ඩය:සුදු,0,,,,,
electronics,3D View Virtual Reality VR Box Glasses Headset Gear Theater Panorama For Smartphones,https://www.daraz.lk/products/3d-view-virtual-reality-vr-glasses-gear-theater-panorama-smartphones-i114312651.html,11/16/25,TRUE,5,අවුලක්‌ නෑ. හොදයි. but.... ❗,Color Family:White,0,,,,,
electronics,3D View Virtual Reality VR Box Glasses Headset Gear Theater Panorama For Smartphones,https://www.daraz.lk/products/3d-view-virtual-reality-vr-glasses-gear-theater-panorama-smartphones-i114312651.html,9/16/25,TRUE,5,Really satisfied thank you,Color Family:White,0,,,,,
electronics,3D View Virtual Reality VR Box Glasses Headset Gear Theater Panorama For Smartphones,https://www.daraz.lk/products/3d-view-virtual-reality-vr-glasses-gear-theater-panorama-smartphones-i114312651.html,9/15/25,TRUE,5,හොදයි . අවුල්ක් නෑ ..,Color Family:White,0,,,,,
electronics,3D View Virtual Reality VR Box Glasses Headset Gear Theater Panorama For Smartphones,https://www.daraz.lk/products/3d-view-virtual-reality-vr-glasses-gear-theater-panorama-smartphones-i114312651.html,3/2/26,TRUE,5,කෑලි දෙකක් ආවේ නෑ 😢😢,Color Family:White,0,,,,,
electronics,3D View Virtual Reality VR Box Glasses Headset Gear Theater Panorama For Smartphones,https://www.daraz.lk/products/3d-view-virtual-reality-vr-glasses-gear-theater-panorama-smartphones-i114312651.html,10/4/25,TRUE,5,#1 Best product #win,Color Family:White,0,,,,,
electronics,3D View Virtual Reality VR Box Glasses Headset Gear Theater Panorama For Smartphones,https://www.daraz.lk/products/3d-view-virtual-reality-vr-glasses-gear-theater-panorama-smartphones-i114312651.html,12/23/25,TRUE,5,Hodai awlak ne ♥,Color Family:White,0,,,,,
electronics,3D View Virtual Reality VR Box Glasses Headset Gear Theater Panorama For Smartphones,https://www.daraz.lk/products/3d-view-virtual-reality-vr-glasses-gear-theater-panorama-smartphones-i114312651.html,11/14/25,TRUE,5,Good Product ♥️,Color Family:White,0,,,,,
electronics,3D View Virtual Reality VR Box Glasses Headset Gear Theater Panorama For Smartphones,https://www.daraz.lk/products/3d-view-virtual-reality-vr-glasses-gear-theater-panorama-smartphones-i114312651.html,11/14/25,TRUE,5,good product,Color Family:White,0,,,,,
electronics,3D View Virtual Reality VR Box Glasses Headset Gear Theater Panorama For Smartphones,https://www.daraz.lk/products/3d-view-virtual-reality-vr-glasses-gear-theater-panorama-smartphones-i114312651.html,11/9/25,TRUE,5,good  item,Color Family:White,0,,,,,
electronics,3D View Virtual Reality VR Box Glasses Headset Gear Theater Panorama For Smartphones,https://www.daraz.lk/products/3d-view-virtual-reality-vr-glasses-gear-theater-panorama-smartphones-i114312651.html,9/30/25,TRUE,5,super,Color Family:White,0,,,,,
electronics,3D View Virtual Reality VR Box Glasses Headset Gear Theater Panorama For Smartphones,https://www.daraz.lk/products/3d-view-virtual-reality-vr-glasses-gear-theater-panorama-smartphones-i114312651.html,1/2/25,TRUE,5,awesome,Color Family:White,1,,,,,
electronics,3D View Virtual Reality VR Box Glasses Headset Gear Theater Panorama For Smartphones,https://www.daraz.lk/products/3d-view-virtual-reality-vr-glasses-gear-theater-panorama-smartphones-i114312651.html,12/12/25,TRUE,3,"DO NOT BUY THIS! This product doesn't fit properly. It has no punch around . It's not that good vision is kinda blurry 😕 
and also it's too heavy and loose I'm not happy with this product. DON'T BUY IT!",Color Family:White,0,,,,,
electronics,3D View Virtual Reality VR Box Glasses Headset Gear Theater Panorama For Smartphones,https://www.daraz.lk/products/3d-view-virtual-reality-vr-glasses-gear-theater-panorama-smartphones-i114312651.html,11/14/25,TRUE,3,"Hodata pack karala thibba.
munata set wena thana punch eka nm thibbe na😒💔samahara than poddak witahra hirila ehenath thibba. wena nm aulak na❤.dawas 2ken awa",Color Family:White,0,,,,,
electronics,3D View Virtual Reality VR Box Glasses Headset Gear Theater Panorama For Smartphones,https://www.daraz.lk/products/3d-view-virtual-reality-vr-glasses-gear-theater-panorama-smartphones-i114312651.html,10/25/25,TRUE,3,"iterm ekanam aulak na supiri 
eth podi seen ekakata thiyenne meke eka paththaka glass eka poddak hirila thiyenawa 
habai eka aulak na 
video ekak balanakota eka penne na eka nisa aulak na 
shep ithin 
podi seen ekakata thiyenne eka thama",Color Family:White,0,,,,,
electronics,3D View Virtual Reality VR Box Glasses Headset Gear Theater Panorama For Smartphones,https://www.daraz.lk/products/3d-view-virtual-reality-vr-glasses-gear-theater-panorama-smartphones-i114312651.html,8/28/25,TRUE,3,හොදයි අවුලක් නැහැ මගේ පෝන් එකනම් දාන්න බැහැ . ඒ වුනාට ගෙව්ව ගානට වටිනවා . පොඩ්ඩක් දැම්මම හැබැයි ඔලුව රිදෙනවා quality එක ටිකක් මදි හැබැයි මගෙ එක එනකොට පෝන් එක රදවන කෑල්ල ගැලවිලා තිබ්බෙ,Color Family:White,0,,,,,
electronics,3D View Virtual Reality VR Box Glasses Headset Gear Theater Panorama For Smartphones,https://www.daraz.lk/products/3d-view-virtual-reality-vr-glasses-gear-theater-panorama-smartphones-i114312651.html,11/24/25,TRUE,3,Metrials are supper cheap and it got broke. Be aware about your phone dimensions because not every phone has the same dimensions. Anyway worth the price. Gets the job done,Color Family:White,0,,,,,
electronics,3D View Virtual Reality VR Box Glasses Headset Gear Theater Panorama For Smartphones,https://www.daraz.lk/products/3d-view-virtual-reality-vr-glasses-gear-theater-panorama-smartphones-i114312651.html,6/12/24,TRUE,5,Excellent product.thanks daraz,Color Family:White,1,,,,,
electronics,3D View Virtual Reality VR Box Glasses Headset Gear Theater Panorama For Smartphones,https://www.daraz.lk/products/3d-view-virtual-reality-vr-glasses-gear-theater-panorama-smartphones-i114312651.html,6/6/24,TRUE,5,නියමයි හැමොම ගන්න,Color Family:White,2,,,,,
electronics,3D View Virtual Reality VR Box Glasses Headset Gear Theater Panorama For Smartphones,https://www.daraz.lk/products/3d-view-virtual-reality-vr-glasses-gear-theater-panorama-smartphones-i114312651.html,2/11/24,TRUE,4,Meka gane hatiyatanm kisima waradak na.Godak hoda experience ekak ganna ahaki.💗🤟,Color Family:White,2,,,,,
electronics,3D View Virtual Reality VR Box Glasses Headset Gear Theater Panorama For Smartphones,https://www.daraz.lk/products/3d-view-virtual-reality-vr-glasses-gear-theater-panorama-smartphones-i114312651.html,1/1/24,TRUE,5,Daraz eka කිව්ව දවසටම ගෙනත් දුන්නා. බයවෙන්නැතුව ගන්න යාලුවනේ😍😍😍💯💯😊☺️😎🎁🛺,Color Family:White,1,,,,,
electronics,3D View Virtual Reality VR Box Glasses Headset Gear Theater Panorama For Smartphones,https://www.daraz.lk/products/3d-view-virtual-reality-vr-glasses-gear-theater-panorama-smartphones-i114312651.html,2/1/24,TRUE,5,සුපිරි වටිනවා එ ගානට එක.....☺️ දවසින් මට ආවා ....☺️☺️,වර්ණ කාණ්ඩය:සුදු,1,,,,,
electronics,3D View Virtual Reality VR Box Glasses Headset Gear Theater Panorama For Smartphones,https://www.daraz.lk/products/3d-view-virtual-reality-vr-glasses-gear-theater-panorama-smartphones-i114312651.html,11/26/21,TRUE,4,"ගෙවන ගානට වටිනවා. Phone trey එකට දාද්දී Phone එක Off වෙන එකට Rubber pad එකක් Set කරන්න පුළුවන්. Paper guide එක  පාවිච්චි කරොත්
සුපිරි Experience එකක් ගන්න පුළුවන්.👍👍👍",Color Family:White,1,,,,,
electronics,3D View Virtual Reality VR Box Glasses Headset Gear Theater Panorama For Smartphones,https://www.daraz.lk/products/3d-view-virtual-reality-vr-glasses-gear-theater-panorama-smartphones-i114312651.html,3/1/24,TRUE,5,This one is good❤️,වර්ණ කාණ්ඩය:සුදු,0,,,,,
electronics,3D View Virtual Reality VR Box Glasses Headset Gear Theater Panorama For Smartphones,https://www.daraz.lk/products/3d-view-virtual-reality-vr-glasses-gear-theater-panorama-smartphones-i114312651.html,5/19/22,TRUE,3,not bad for a beginner experience. but sadly my phone does not fit in 🤔,Color Family:White,2,,,,,
electronics,3D View Virtual Reality VR Box Glasses Headset Gear Theater Panorama For Smartphones,https://www.daraz.lk/products/3d-view-virtual-reality-vr-glasses-gear-theater-panorama-smartphones-i114312651.html,2/21/24,TRUE,5,good,Color Family:White,1,,,,,
electronics,3D View Virtual Reality VR Box Glasses Headset Gear Theater Panorama For Smartphones,https://www.daraz.lk/products/3d-view-virtual-reality-vr-glasses-gear-theater-panorama-smartphones-i114312651.html,12/20/25,TRUE,5,ඇත්තටම මේ භාන්ඩය මිලදී ගැනීම් ගැන මම දුක් දෙනවා.අඩුම තරමෙ මගෙ ෆෝන් එකව්ත් මෙව්කට සම්බන්ද්ද් කරර්න් න බෑ,වර්ණ කාණ්ඩය:සුදු,0,,,,,
electronics,3D View Virtual Reality VR Box Glasses Headset Gear Theater Panorama For Smartphones,https://www.daraz.lk/products/3d-view-virtual-reality-vr-glasses-gear-theater-panorama-smartphones-i114312651.html,11/16/25,TRUE,5,packing හොදයි.ඉක්මනටම දුන්නා❤️.quality එක ටිකක් අඩුයි.ඇස් දෙකට නලලට නහයට ටිකක් අමාරුයි වටේට පන්ච් එකක් නැති නිසා.නමුත් ගෙවන ගානට මාරම වටිනවා.😍,Color Family:White,0,,,,,
electronics,3D View Virtual Reality VR Box Glasses Headset Gear Theater Panorama For Smartphones,https://www.daraz.lk/products/3d-view-virtual-reality-vr-glasses-gear-theater-panorama-smartphones-i114312651.html,11/27/25,TRUE,5,oder එක හොදට තිබ්බ කාච දෙක ඇස් දෙකට සෙට් වෙන්නෙ නෑ හරියටම.. ටිකක් අමාරුයි දාගෙන ඉන්න. ස්පොන්ච් එක ආවෙත් නෑ.. ගෙවපු ගානට වඩා සතයක්වත් වටින් නෑ 😊,Color Family:White,0,,,,,
electronics,3D View Virtual Reality VR Box Glasses Headset Gear Theater Panorama For Smartphones,https://www.daraz.lk/products/3d-view-virtual-reality-vr-glasses-gear-theater-panorama-smartphones-i114312651.html,3/19/26,TRUE,1,"Don't buy this garbage. you can't even fit a normal modern phone into this. you will only be able to fit an old, small smart phone. and the other thing is when you're wearing it for like 5 minutes, it feels so uncomfortable, feels like wearing a brick on your eyes since there are no cushions around it. poorly satisfied.",Color Family:White,0,,,,,
electronics,3D View Virtual Reality VR Box Glasses Headset Gear Theater Panorama For Smartphones,https://www.daraz.lk/products/3d-view-virtual-reality-vr-glasses-gear-theater-panorama-smartphones-i114312651.html,11/10/25,TRUE,4,"quality 7.5 (all are cheap plastic thats why im giving this rating)
worth for the price 10/10
you can get a good expireance from this vr by using not 360 videos but vr videos.",Color Family:White,0,,,,,
electronics,3D View Virtual Reality VR Box Glasses Headset Gear Theater Panorama For Smartphones,https://www.daraz.lk/products/3d-view-virtual-reality-vr-glasses-gear-theater-panorama-smartphones-i114312651.html,9/25/25,TRUE,5,අවුලක් නැ හොදට තියෙනවා හැබො ඉට්ජිම් මහා දෙයක් නැ 3D Vr විඩියොස් විතරක් play කරලා බලන්න පුලුවන්,Color Family:White,0,,,,,
electronics,3D View Virtual Reality VR Box Glasses Headset Gear Theater Panorama For Smartphones,https://www.daraz.lk/products/3d-view-virtual-reality-vr-glasses-gear-theater-panorama-smartphones-i114312651.html,4/11/25,TRUE,5,Habai kiyanna tharam varadak ne .hodai.namuth phone eka danna amarui power button eka ebenawa,වර්ණ කාණ්ඩය:සුදු,0,,,,,
electronics,3D View Virtual Reality VR Box Glasses Headset Gear Theater Panorama For Smartphones,https://www.daraz.lk/products/3d-view-virtual-reality-vr-glasses-gear-theater-panorama-smartphones-i114312651.html,12/11/25,TRUE,5,"good product to use
and  quickly I received this vr so daraz is very fastest online shopping",Color Family:White,0,,,,,
electronics,3D View Virtual Reality VR Box Glasses Headset Gear Theater Panorama For Smartphones,https://www.daraz.lk/products/3d-view-virtual-reality-vr-glasses-gear-theater-panorama-smartphones-i114312651.html,5/28/22,TRUE,1,it's no good friends,Color Family:White,4,,,,,
electronics,3D View Virtual Reality VR Box Glasses Headset Gear Theater Panorama For Smartphones,https://www.daraz.lk/products/3d-view-virtual-reality-vr-glasses-gear-theater-panorama-smartphones-i114312651.html,3/27/25,TRUE,5,this is very best 3d vr box.i really enjoyed. the best wonderful experience 🥰🥰🥰,Color Family:White,0,,,,,
electronics,3D View Virtual Reality VR Box Glasses Headset Gear Theater Panorama For Smartphones,https://www.daraz.lk/products/3d-view-virtual-reality-vr-glasses-gear-theater-panorama-smartphones-i114312651.html,9/10/25,TRUE,5,shipping service supiri....VR Eka hodai...godakma Hoda biginner kenek ta,Color Family:White,0,,,,,
electronics,3D View Virtual Reality VR Box Glasses Headset Gear Theater Panorama For Smartphones,https://www.daraz.lk/products/3d-view-virtual-reality-vr-glasses-gear-theater-panorama-smartphones-i114312651.html,1/3/25,TRUE,1,එක ලෙන්ස් එකයි තිබ්බේ. Return කරන්න sellerට text කරාට reply කරන්නේ නෑ.,Color Family:White,4,,,,,
electronics,3D View Virtual Reality VR Box Glasses Headset Gear Theater Panorama For Smartphones,https://www.daraz.lk/products/3d-view-virtual-reality-vr-glasses-gear-theater-panorama-smartphones-i114312651.html,5/15/25,TRUE,5,Do not buy. The software for this game does not work. Dissapointing,Color Family:White,0,,,,,
electronics,3D View Virtual Reality VR Box Glasses Headset Gear Theater Panorama For Smartphones,https://www.daraz.lk/products/3d-view-virtual-reality-vr-glasses-gear-theater-panorama-smartphones-i114312651.html,5/13/26,TRUE,5,කිසිම ප්‍රශ්නයක් නැතුව ඇවිත් තිබුනා. සීරීමක්වත් නැ. Recommend 🔥,Color Family:White,0,,,,,
electronics,3D View Virtual Reality VR Box Glasses Headset Gear Theater Panorama For Smartphones,https://www.daraz.lk/products/3d-view-virtual-reality-vr-glasses-gear-theater-panorama-smartphones-i114312651.html,9/2/25,TRUE,5,"It gets too much day for deliver, but its good product",Color Family:White,0,,,,,
electronics,3D View Virtual Reality VR Box Glasses Headset Gear Theater Panorama For Smartphones,https://www.daraz.lk/products/3d-view-virtual-reality-vr-glasses-gear-theater-panorama-smartphones-i114312651.html,11/27/25,TRUE,5,Supiriyak...deliver man mara friendly... Recommended 😍,Color Family:White,0,,,,,
electronics,3D View Virtual Reality VR Box Glasses Headset Gear Theater Panorama For Smartphones,https://www.daraz.lk/products/3d-view-virtual-reality-vr-glasses-gear-theater-panorama-smartphones-i114312651.html,12/13/25,TRUE,5,"good product,but there is no sponge for the nose keeper",Color Family:White,0,,,,,
electronics,3D View Virtual Reality VR Box Glasses Headset Gear Theater Panorama For Smartphones,https://www.daraz.lk/products/3d-view-virtual-reality-vr-glasses-gear-theater-panorama-smartphones-i114312651.html,9/9/25,TRUE,5,මට ආපු එකනම් කිසිම අවුලක් නැ..ගෙවන ගානට ගොඩක් වටිනවා👍,Color Family:White,0,,,,,
electronics,3D View Virtual Reality VR Box Glasses Headset Gear Theater Panorama For Smartphones,https://www.daraz.lk/products/3d-view-virtual-reality-vr-glasses-gear-theater-panorama-smartphones-i114312651.html,4/2/25,TRUE,4,"Worth for the price, but not much clear as we expect",Color Family:White,0,,,,,
electronics,3D View Virtual Reality VR Box Glasses Headset Gear Theater Panorama For Smartphones,https://www.daraz.lk/products/3d-view-virtual-reality-vr-glasses-gear-theater-panorama-smartphones-i114312651.html,11/5/25,TRUE,5,"Great product, Very fast delivery, Good quality 👍",Color Family:White,0,,,,,
electronics,3D View Virtual Reality VR Box Glasses Headset Gear Theater Panorama For Smartphones,https://www.daraz.lk/products/3d-view-virtual-reality-vr-glasses-gear-theater-panorama-smartphones-i114312651.html,1/28/26,TRUE,5,gewana mudala sapekshawa hodai. good product akak.,Color Family:White,0,,,,,
electronics,3D View Virtual Reality VR Box Glasses Headset Gear Theater Panorama For Smartphones,https://www.daraz.lk/products/3d-view-virtual-reality-vr-glasses-gear-theater-panorama-smartphones-i114312651.html,3/22/26,TRUE,5,"Good 
Worth for price ❤️‍🔥
Fast delivery ❤️‍🔥",Color Family:White,0,,,,,
electronics,3D View Virtual Reality VR Box Glasses Headset Gear Theater Panorama For Smartphones,https://www.daraz.lk/products/3d-view-virtual-reality-vr-glasses-gear-theater-panorama-smartphones-i114312651.html,10/25/25,TRUE,5,පොඩ්ඩක් බොද වෙලා වගේ පේන්නෙ මේ ගානට ශෙප් ඉතින්,Color Family:White,0,,,,,
electronics,3D View Virtual Reality VR Box Glasses Headset Gear Theater Panorama For Smartphones,https://www.daraz.lk/products/3d-view-virtual-reality-vr-glasses-gear-theater-panorama-smartphones-i114312651.html,11/16/25,TRUE,5,"හොඳ ප්‍රඩක්ට් එකක්, අඩුපාඩු මොකුත් නෑ, සුපිරි.",Color Family:White,0,,,,,
electronics,3D View Virtual Reality VR Box Glasses Headset Gear Theater Panorama For Smartphones,https://www.daraz.lk/products/3d-view-virtual-reality-vr-glasses-gear-theater-panorama-smartphones-i114312651.html,10/18/25,TRUE,4,"හොදයි..ලෙන්ස් නන් ටිකක් පැහැදිලි මදි,,ඒත් මරු",Color Family:White,0,,,,,
electronics,3D View Virtual Reality VR Box Glasses Headset Gear Theater Panorama For Smartphones,https://www.daraz.lk/products/3d-view-virtual-reality-vr-glasses-gear-theater-panorama-smartphones-i114312651.html,12/17/25,TRUE,4,supiri qlity nm na eth e ganata awlk na hodai,Color Family:White,0,,,,,
electronics,3D View Virtual Reality VR Box Glasses Headset Gear Theater Panorama For Smartphones,https://www.daraz.lk/products/3d-view-virtual-reality-vr-glasses-gear-theater-panorama-smartphones-i114312651.html,7/25/25,TRUE,5,this product is very nice and good product,Color Family:White,0,,,,,
electronics,3D View Virtual Reality VR Box Glasses Headset Gear Theater Panorama For Smartphones,https://www.daraz.lk/products/3d-view-virtual-reality-vr-glasses-gear-theater-panorama-smartphones-i114312651.html,10/15/25,TRUE,5,top බඩු top බඩු බල බල ඉන්න එපා ගන්න මේක. 😙😙,Color Family:White,0,,,,,
electronics,3D View Virtual Reality VR Box Glasses Headset Gear Theater Panorama For Smartphones,https://www.daraz.lk/products/3d-view-virtual-reality-vr-glasses-gear-theater-panorama-smartphones-i114312651.html,9/21/23,TRUE,4,"Not bad for beginners 
#WIN",Color Family:White,1,,,,,
electronics,3D View Virtual Reality VR Box Glasses Headset Gear Theater Panorama For Smartphones,https://www.daraz.lk/products/3d-view-virtual-reality-vr-glasses-gear-theater-panorama-smartphones-i114312651.html,10/18/25,TRUE,5,මේක තියලා වාඩි වෙයන් hutta 🤣 aprde slli 👍,Color Family:White,0,,,,,
electronics,3D View Virtual Reality VR Box Glasses Headset Gear Theater Panorama For Smartphones,https://www.daraz.lk/products/3d-view-virtual-reality-vr-glasses-gear-theater-panorama-smartphones-i114312651.html,3/14/25,TRUE,5,Superb suoerb superb🔥 highly recommended,Color Family:White,1,,,,,
electronics,3D View Virtual Reality VR Box Glasses Headset Gear Theater Panorama For Smartphones,https://www.daraz.lk/products/3d-view-virtual-reality-vr-glasses-gear-theater-panorama-smartphones-i114312651.html,2/6/26,TRUE,5,බය නැතුව ගන්න  මට දවස් 3නෙන්  order එක ආවා,Color Family:සුදු,0,,,,,
electronics,3D View Virtual Reality VR Box Glasses Headset Gear Theater Panorama For Smartphones,https://www.daraz.lk/products/3d-view-virtual-reality-vr-glasses-gear-theater-panorama-smartphones-i114312651.html,10/13/25,TRUE,5,Very good quality thanks really enjoyed it,Color Family:White,0,English,Positive,Product Quality:Positive,Genuine,
electronics,3D View Virtual Reality VR Box Glasses Headset Gear Theater Panorama For Smartphones,https://www.daraz.lk/products/3d-view-virtual-reality-vr-glasses-gear-theater-panorama-smartphones-i114312651.html,4/25/25,TRUE,5,"Good product 
highly recommended seller",Color Family:White,0,English,Positive,Product Quality:Positive; Seller Service:Positive,Genuine,
electronics,3D View Virtual Reality VR Box Glasses Headset Gear Theater Panorama For Smartphones,https://www.daraz.lk/products/3d-view-virtual-reality-vr-glasses-gear-theater-panorama-smartphones-i114312651.html,10/23/25,TRUE,5,නියමයි වෙලවටත් කලින් හම්බවුනා සුපිරියක්,Color Family:White,0,Sinhala,Positive,Delivery/Shipping:Positive,Genuine,
electronics,3D View Virtual Reality VR Box Glasses Headset Gear Theater Panorama For Smartphones,https://www.daraz.lk/products/3d-view-virtual-reality-vr-glasses-gear-theater-panorama-smartphones-i114312651.html,11/6/25,TRUE,5,hitana tarammanam koliti ne awulakuth ne,වර්ණ කාණ්ඩය:සුදු,0,Singlish,Neutral,Product Quality:Neutral,Genuine,
electronics,3D View Virtual Reality VR Box Glasses Headset Gear Theater Panorama For Smartphones,https://www.daraz.lk/products/3d-view-virtual-reality-vr-glasses-gear-theater-panorama-smartphones-i114312651.html,5/22/26,TRUE,5,ගන්න එපා තේරුමක් නෑ.... අපරාදේ සල්ලි.,Color Family:White,0,Sinhala,Negative,Price/Value:Negative,Genuine,
electronics,3D View Virtual Reality VR Box Glasses Headset Gear Theater Panorama For Smartphones,https://www.daraz.lk/products/3d-view-virtual-reality-vr-glasses-gear-theater-panorama-smartphones-i114312651.html,2/17/25,TRUE,5,worry bad product. but my mistake mm,Color Family:White,0,English,Negative,Product Quality:Negative,Genuine,
electronics,3D View Virtual Reality VR Box Glasses Headset Gear Theater Panorama For Smartphones,https://www.daraz.lk/products/3d-view-virtual-reality-vr-glasses-gear-theater-panorama-smartphones-i114312651.html,6/11/22,TRUE,5,echchra koliti ekak nam na gevana ganata vatinava,Color Family:White,3,Singlish,Neutral,Price/Value:Neutral; Product Quality:Negative,Genuine,
electronics,3D View Virtual Reality VR Box Glasses Headset Gear Theater Panorama For Smartphones,https://www.daraz.lk/products/3d-view-virtual-reality-vr-glasses-gear-theater-panorama-smartphones-i114312651.html,4/3/26,TRUE,5,good product and highly requirement,Color Family:සුදු,0,English,Positive,Product Quality:Positive,Genuine,
electronics,3D View Virtual Reality VR Box Glasses Headset Gear Theater Panorama For Smartphones,https://www.daraz.lk/products/3d-view-virtual-reality-vr-glasses-gear-theater-panorama-smartphones-i114312651.html,6/15/22,TRUE,5,Good Product.,Color Family:White,5,English,Positive,Product Quality:Positive,Genuine,
electronics,3D View Virtual Reality VR Box Glasses Headset Gear Theater Panorama For Smartphones,https://www.daraz.lk/products/3d-view-virtual-reality-vr-glasses-gear-theater-panorama-smartphones-i114312651.html,11/16/22,TRUE,3,"Good Product for get 1st experience.
#Daraz.lk",Color Family:White,0,English,Positive,Product Quality:Positive,Suspicious,
electronics,3D View Virtual Reality VR Box Glasses Headset Gear Theater Panorama For Smartphones,https://www.daraz.lk/products/3d-view-virtual-reality-vr-glasses-gear-theater-panorama-smartphones-i114312651.html,12/16/21,TRUE,4,අවුලක් නම් නෑ හැබැයි😊😜.ගානට වටිනවා🙂,Color Family:White,2,Sinhala,Neutral,Price/Value:Neutral,Genuine,
electronics,3D View Virtual Reality VR Box Glasses Headset Gear Theater Panorama For Smartphones,https://www.daraz.lk/products/3d-view-virtual-reality-vr-glasses-gear-theater-panorama-smartphones-i114312651.html,10/26/25,TRUE,5,ගොඩක් හොදයි කියලා හිතෙනවා,Color Family:White,0,Sinhala,Positive,,Genuine,
electronics,3D View Virtual Reality VR Box Glasses Headset Gear Theater Panorama For Smartphones,https://www.daraz.lk/products/3d-view-virtual-reality-vr-glasses-gear-theater-panorama-smartphones-i114312651.html,12/24/25,TRUE,5,This is verry Bad product,Color Family:White,0,English,Negative,Product Quality:Negative,Genuine,
electronics,3D View Virtual Reality VR Box Glasses Headset Gear Theater Panorama For Smartphones,https://www.daraz.lk/products/3d-view-virtual-reality-vr-glasses-gear-theater-panorama-smartphones-i114312651.html,12/20/25,TRUE,5,aulak ne .superiyak daraz,Color Family:White,0,English,Positive,,Genuine,
electronics,3D View Virtual Reality VR Box Glasses Headset Gear Theater Panorama For Smartphones,https://www.daraz.lk/products/3d-view-virtual-reality-vr-glasses-gear-theater-panorama-smartphones-i114312651.html,10/26/25,TRUE,5,Great can see everything,Color Family:White,0,English,Positive,Product Quality:Positive,Genuine,
electronics,3D View Virtual Reality VR Box Glasses Headset Gear Theater Panorama For Smartphones,https://www.daraz.lk/products/3d-view-virtual-reality-vr-glasses-gear-theater-panorama-smartphones-i114312651.html,11/10/25,TRUE,5,This is a good product,Color Family:White,0,English,Positive,Product Quality:Positive,Genuine,
electronics,3D View Virtual Reality VR Box Glasses Headset Gear Theater Panorama For Smartphones,https://www.daraz.lk/products/3d-view-virtual-reality-vr-glasses-gear-theater-panorama-smartphones-i114312651.html,9/6/25,TRUE,5,ගානට ෂේප්. අවුලක් නෑ.,Color Family:White,0,English,Positive,Price/Value:Positive,Genuine,
electronics,3D View Virtual Reality VR Box Glasses Headset Gear Theater Panorama For Smartphones,https://www.daraz.lk/products/3d-view-virtual-reality-vr-glasses-gear-theater-panorama-smartphones-i114312651.html,5/23/25,TRUE,5,fake one..🤬🤬🤮🤮🤮,Color Family:White,0,English,Negative,,Genuine,
electronics,3D View Virtual Reality VR Box Glasses Headset Gear Theater Panorama For Smartphones,https://www.daraz.lk/products/3d-view-virtual-reality-vr-glasses-gear-theater-panorama-smartphones-i114312651.html,10/30/24,TRUE,5,# Good glass 👌👌👌,Color Family:White,0,English,Positive,Product Quality:Positive,Genuine,
electronics,3D View Virtual Reality VR Box Glasses Headset Gear Theater Panorama For Smartphones,https://www.daraz.lk/products/3d-view-virtual-reality-vr-glasses-gear-theater-panorama-smartphones-i114312651.html,10/26/25,TRUE,5,good for watching,Color Family:White,0,English,Positive,Product Quality:Positive,Genuine,
electronics,3D View Virtual Reality VR Box Glasses Headset Gear Theater Panorama For Smartphones,https://www.daraz.lk/products/3d-view-virtual-reality-vr-glasses-gear-theater-panorama-smartphones-i114312651.html,5/26/26,TRUE,5,wadak Na ganna epa,Color Family:White,0,Singlish,Negative,Product Quality:Negative,Genuine,
electronics,3D View Virtual Reality VR Box Glasses Headset Gear Theater Panorama For Smartphones,https://www.daraz.lk/products/3d-view-virtual-reality-vr-glasses-gear-theater-panorama-smartphones-i114312651.html,10/10/24,TRUE,1,මෙක වැඩක් නෑ..😡😡,Color Family:White,0,Sinhala,Negative,Product Quality:Negative,Genuine,
electronics,3D View Virtual Reality VR Box Glasses Headset Gear Theater Panorama For Smartphones,https://www.daraz.lk/products/3d-view-virtual-reality-vr-glasses-gear-theater-panorama-smartphones-i114312651.html,5/14/26,TRUE,5,❤️good product,Color Family:White,0,English,Positive,Product Quality:Positive,Suspicious,
electronics,3D View Virtual Reality VR Box Glasses Headset Gear Theater Panorama For Smartphones,https://www.daraz.lk/products/3d-view-virtual-reality-vr-glasses-gear-theater-panorama-smartphones-i114312651.html,10/1/25,TRUE,5,good product 👍,Color Family:White,0,English,Positive,Product Quality:Positive,Suspicious,
electronics,3D View Virtual Reality VR Box Glasses Headset Gear Theater Panorama For Smartphones,https://www.daraz.lk/products/3d-view-virtual-reality-vr-glasses-gear-theater-panorama-smartphones-i114312651.html,3/29/26,TRUE,5,best product,Color Family:White,0,English,Positive,Product Quality:Positive,Suspicious,
electronics,3D View Virtual Reality VR Box Glasses Headset Gear Theater Panorama For Smartphones,https://www.daraz.lk/products/3d-view-virtual-reality-vr-glasses-gear-theater-panorama-smartphones-i114312651.html,2/19/25,TRUE,2,good product,Color Family:White,0,English,Positive,Product Quality:Positive,Suspicious,
electronics,3D View Virtual Reality VR Box Glasses Headset Gear Theater Panorama For Smartphones,https://www.daraz.lk/products/3d-view-virtual-reality-vr-glasses-gear-theater-panorama-smartphones-i114312651.html,3/9/25,TRUE,5,Good product.,Color Family:White,0,English,Positive,Product Quality:Positive,Suspicious,
electronics,3D View Virtual Reality VR Box Glasses Headset Gear Theater Panorama For Smartphones,https://www.daraz.lk/products/3d-view-virtual-reality-vr-glasses-gear-theater-panorama-smartphones-i114312651.html,12/25/25,TRUE,5,good product,Color Family:White,0,English,Positive,Product Quality:Positive,Suspicious,
electronics,3D View Virtual Reality VR Box Glasses Headset Gear Theater Panorama For Smartphones,https://www.daraz.lk/products/3d-view-virtual-reality-vr-glasses-gear-theater-panorama-smartphones-i114312651.html,12/7/25,TRUE,5,good product,Color Family:White,0,English,Positive,Product Quality:Positive,Suspicious,
electronics,3D View Virtual Reality VR Box Glasses Headset Gear Theater Panorama For Smartphones,https://www.daraz.lk/products/3d-view-virtual-reality-vr-glasses-gear-theater-panorama-smartphones-i114312651.html,3/21/26,TRUE,5,godak hodai,Color Family:White,0,Singlish,Positive,Product Quality:Positive,Genuine,
electronics,3D View Virtual Reality VR Box Glasses Headset Gear Theater Panorama For Smartphones,https://www.daraz.lk/products/3d-view-virtual-reality-vr-glasses-gear-theater-panorama-smartphones-i114312651.html,11/5/25,TRUE,5,Nice device,Color Family:White,0,English,Positive,Product Quality:Positive,Suspicious,
electronics,3D View Virtual Reality VR Box Glasses Headset Gear Theater Panorama For Smartphones,https://www.daraz.lk/products/3d-view-virtual-reality-vr-glasses-gear-theater-panorama-smartphones-i114312651.html,3/17/26,TRUE,5,yah good one,Color Family:White,0,English,Positive,Product Quality:Positive,Genuine,
electronics,3D View Virtual Reality VR Box Glasses Headset Gear Theater Panorama For Smartphones,https://www.daraz.lk/products/3d-view-virtual-reality-vr-glasses-gear-theater-panorama-smartphones-i114312651.html,2/8/24,TRUE,3,medium quality....,Color Family:White,1,English,Neutral,Product Quality:Neutral,Genuine,
electronics,3D View Virtual Reality VR Box Glasses Headset Gear Theater Panorama For Smartphones,https://www.daraz.lk/products/3d-view-virtual-reality-vr-glasses-gear-theater-panorama-smartphones-i114312651.html,1/16/26,TRUE,5,it's good,Color Family:White,0,English,Positive,Product Quality:Positive,Suspicious,
electronics,3D View Virtual Reality VR Box Glasses Headset Gear Theater Panorama For Smartphones,https://www.daraz.lk/products/3d-view-virtual-reality-vr-glasses-gear-theater-panorama-smartphones-i114312651.html,10/5/25,TRUE,5,no good,වර්ණ කාණ්ඩය:සුදු,0,English,Negative,Product Quality:Negative,Suspicious,
electronics,3D View Virtual Reality VR Box Glasses Headset Gear Theater Panorama For Smartphones,https://www.daraz.lk/products/3d-view-virtual-reality-vr-glasses-gear-theater-panorama-smartphones-i114312651.html,3/7/25,TRUE,4,not bad,Color Family:White,0,English,Neutral,Product Quality:Neutral,Suspicious,
electronics,3D View Virtual Reality VR Box Glasses Headset Gear Theater Panorama For Smartphones,https://www.daraz.lk/products/3d-view-virtual-reality-vr-glasses-gear-theater-panorama-smartphones-i114312651.html,4/8/26,TRUE,5,nice,Color Family:White,0,English,Positive,,Suspicious,
electronics,3D View Virtual Reality VR Box Glasses Headset Gear Theater Panorama For Smartphones,https://www.daraz.lk/products/3d-view-virtual-reality-vr-glasses-gear-theater-panorama-smartphones-i114312651.html,7/29/25,TRUE,5,good item,Color Family:White,0,English,Positive,Product Quality:Positive,Suspicious,
electronics,3D View Virtual Reality VR Box Glasses Headset Gear Theater Panorama For Smartphones,https://www.daraz.lk/products/3d-view-virtual-reality-vr-glasses-gear-theater-panorama-smartphones-i114312651.html,4/22/25,TRUE,5,working,Color Family:White,0,English,Positive,Product Quality:Positive,Genuine,
electronics,3D View Virtual Reality VR Box Glasses Headset Gear Theater Panorama For Smartphones,https://www.daraz.lk/products/3d-view-virtual-reality-vr-glasses-gear-theater-panorama-smartphones-i114312651.html,4/9/25,TRUE,5,goood,Color Family:White,0,English,Positive,,Suspicious,
electronics,3D View Virtual Reality VR Box Glasses Headset Gear Theater Panorama For Smartphones,https://www.daraz.lk/products/3d-view-virtual-reality-vr-glasses-gear-theater-panorama-smartphones-i114312651.html,11/12/25,TRUE,5,good ❤️,Color Family:White,0,English,Positive,,Suspicious,
electronics,3D View Virtual Reality VR Box Glasses Headset Gear Theater Panorama For Smartphones,https://www.daraz.lk/products/3d-view-virtual-reality-vr-glasses-gear-theater-panorama-smartphones-i114312651.html,11/13/25,TRUE,5,good,Color Family:White,0,English,Positive,,Suspicious,
electronics,3D View Virtual Reality VR Box Glasses Headset Gear Theater Panorama For Smartphones,https://www.daraz.lk/products/3d-view-virtual-reality-vr-glasses-gear-theater-panorama-smartphones-i114312651.html,12/15/25,TRUE,5,good,Color Family:White,0,English,Positive,,Suspicious,
electronics,3D View Virtual Reality VR Box Glasses Headset Gear Theater Panorama For Smartphones,https://www.daraz.lk/products/3d-view-virtual-reality-vr-glasses-gear-theater-panorama-smartphones-i114312651.html,12/24/25,TRUE,5,not bad,Color Family:White,0,English,Neutral,,Suspicious,
electronics,3D View Virtual Reality VR Box Glasses Headset Gear Theater Panorama For Smartphones,https://www.daraz.lk/products/3d-view-virtual-reality-vr-glasses-gear-theater-panorama-smartphones-i114312651.html,11/13/25,TRUE,5,good,Color Family:White,0,English,Positive,,Suspicious,
electronics,3D View Virtual Reality VR Box Glasses Headset Gear Theater Panorama For Smartphones,https://www.daraz.lk/products/3d-view-virtual-reality-vr-glasses-gear-theater-panorama-smartphones-i114312651.html,10/22/25,TRUE,5,හොදයි,Color Family:White,0,Sinhala,Positive,,Genuine,
electronics,3D View Virtual Reality VR Box Glasses Headset Gear Theater Panorama For Smartphones,https://www.daraz.lk/products/3d-view-virtual-reality-vr-glasses-gear-theater-panorama-smartphones-i114312651.html,11/12/25,TRUE,5,super,Color Family:White,0,English,Positive,,Suspicious,
electronics,3D View Virtual Reality VR Box Glasses Headset Gear Theater Panorama For Smartphones,https://www.daraz.lk/products/3d-view-virtual-reality-vr-glasses-gear-theater-panorama-smartphones-i114312651.html,12/5/25,TRUE,5,good,Color Family:White,0,English,Positive,,Suspicious,
electronics,3D View Virtual Reality VR Box Glasses Headset Gear Theater Panorama For Smartphones,https://www.daraz.lk/products/3d-view-virtual-reality-vr-glasses-gear-theater-panorama-smartphones-i114312651.html,5/9/26,TRUE,5,rettan,Color Family:සුදු,0,English,Negative,,Suspicious,
electronics,3D View Virtual Reality VR Box Glasses Headset Gear Theater Panorama For Smartphones,https://www.daraz.lk/products/3d-view-virtual-reality-vr-glasses-gear-theater-panorama-smartphones-i114312651.html,11/25/25,TRUE,5,Shape,Color Family:White,0,Singlish,Neutral,,Genuine,
electronics,3D View Virtual Reality VR Box Glasses Headset Gear Theater Panorama For Smartphones,https://www.daraz.lk/products/3d-view-virtual-reality-vr-glasses-gear-theater-panorama-smartphones-i114312651.html,11/26/25,TRUE,5,good,Color Family:White,0,English,Positive,,Suspicious,
electronics,3D View Virtual Reality VR Box Glasses Headset Gear Theater Panorama For Smartphones,https://www.daraz.lk/products/3d-view-virtual-reality-vr-glasses-gear-theater-panorama-smartphones-i114312651.html,9/12/25,TRUE,5,return,Color Family:White,0,English,Negative,,Suspicious,
electronics,3D View Virtual Reality VR Box Glasses Headset Gear Theater Panorama For Smartphones,https://www.daraz.lk/products/3d-view-virtual-reality-vr-glasses-gear-theater-panorama-smartphones-i114312651.html,11/20/25,TRUE,5,good,Color Family:White,0,English,Positive,,Suspicious,
electronics,3D View Virtual Reality VR Box Glasses Headset Gear Theater Panorama For Smartphones,https://www.daraz.lk/products/3d-view-virtual-reality-vr-glasses-gear-theater-panorama-smartphones-i114312651.html,8/28/25,TRUE,5,Amazon,Color Family:White,0,English,,,Suspicious,
electronics,3D View Virtual Reality VR Box Glasses Headset Gear Theater Panorama For Smartphones,https://www.daraz.lk/products/3d-view-virtual-reality-vr-glasses-gear-theater-panorama-smartphones-i114312651.html,2/2/26,TRUE,5,සුපිරියි,Color Family:White,0,Sinhala,Positive,,Suspicious,
electronics,3D View Virtual Reality VR Box Glasses Headset Gear Theater Panorama For Smartphones,https://www.daraz.lk/products/3d-view-virtual-reality-vr-glasses-gear-theater-panorama-smartphones-i114312651.html,4/18/25,TRUE,5,not good,Color Family:White,0,English,Negative,,Suspicious,
electronics,3D View Virtual Reality VR Box Glasses Headset Gear Theater Panorama For Smartphones,https://www.daraz.lk/products/3d-view-virtual-reality-vr-glasses-gear-theater-panorama-smartphones-i114312651.html,3/18/26,TRUE,5,not bad,Color Family:White,0,English,Neutral,,Suspicious,
electronics,3D View Virtual Reality VR Box Glasses Headset Gear Theater Panorama For Smartphones,https://www.daraz.lk/products/3d-view-virtual-reality-vr-glasses-gear-theater-panorama-smartphones-i114312651.html,9/26/25,TRUE,5,very good,Color Family:සුදු,0,English,Positive,,Suspicious,
electronics,3D View Virtual Reality VR Box Glasses Headset Gear Theater Panorama For Smartphones,https://www.daraz.lk/products/3d-view-virtual-reality-vr-glasses-gear-theater-panorama-smartphones-i114312651.html,8/23/24,TRUE,5,good,වර්ණ කාණ්ඩය:සුදු,0,English,Positive,,Suspicious,
electronics,3D View Virtual Reality VR Box Glasses Headset Gear Theater Panorama For Smartphones,https://www.daraz.lk/products/3d-view-virtual-reality-vr-glasses-gear-theater-panorama-smartphones-i114312651.html,6/5/24,TRUE,4,phone holder doesn't hold the phone tighter,Color Family:White,0,English,Negative,Product Quality:Negative,Genuine,
electronics,3D View Virtual Reality VR Box Glasses Headset Gear Theater Panorama For Smartphones,https://www.daraz.lk/products/3d-view-virtual-reality-vr-glasses-gear-theater-panorama-smartphones-i114312651.html,6/12/24,TRUE,5,Superb I LOVE YOU DARAZ,Color Family:White,0,English,Positive,,Genuine,
electronics,3D View Virtual Reality VR Box Glasses Headset Gear Theater Panorama For Smartphones,https://www.daraz.lk/products/3d-view-virtual-reality-vr-glasses-gear-theater-panorama-smartphones-i114312651.html,9/21/23,TRUE,3,this is a good price and good product,Color Family:White,1,English,Positive,Product Quality:Positive; Price/Value:Positive,Genuine,
electronics,3D View Virtual Reality VR Box Glasses Headset Gear Theater Panorama For Smartphones,https://www.daraz.lk/products/3d-view-virtual-reality-vr-glasses-gear-theater-panorama-smartphones-i114312651.html,5/1/24,TRUE,5,good product,Color Family:White,0,English,Positive,Product Quality:Positive,Genuine,
electronics,3D View Virtual Reality VR Box Glasses Headset Gear Theater Panorama For Smartphones,https://www.daraz.lk/products/3d-view-virtual-reality-vr-glasses-gear-theater-panorama-smartphones-i114312651.html,9/19/23,TRUE,4,the quality is good but my phone won't fit in by 1 cm. it would be better if the phone tray was bigger,Color Family:White,0,English,Neutral,Product Quality:Neutral,Genuine,
electronics,3D View Virtual Reality VR Box Glasses Headset Gear Theater Panorama For Smartphones,https://www.daraz.lk/products/3d-view-virtual-reality-vr-glasses-gear-theater-panorama-smartphones-i114312651.html,11/15/25,TRUE,5,,Color Family:White,0,,,,,
electronics,3D View Virtual Reality VR Box Glasses Headset Gear Theater Panorama For Smartphones,https://www.daraz.lk/products/3d-view-virtual-reality-vr-glasses-gear-theater-panorama-smartphones-i114312651.html,4/9/24,TRUE,5,අවුලක් නැ සුපිරියි,Color Family:White,0,Sinhala,Positive,,Genuine,
electronics,3D View Virtual Reality VR Box Glasses Headset Gear Theater Panorama For Smartphones,https://www.daraz.lk/products/3d-view-virtual-reality-vr-glasses-gear-theater-panorama-smartphones-i114312651.html,10/9/25,TRUE,3,it's okay does the job fair for the price,Color Family:White,0,English,Neutral,Product Quality:Neutral; Price/Value:Positive,Genuine,
electronics,3D View Virtual Reality VR Box Glasses Headset Gear Theater Panorama For Smartphones,https://www.daraz.lk/products/3d-view-virtual-reality-vr-glasses-gear-theater-panorama-smartphones-i114312651.html,3/8/24,TRUE,5,not bad,Color Family:White,0,English,Positive,,Suspicious,
electronics,3D View Virtual Reality VR Box Glasses Headset Gear Theater Panorama For Smartphones,https://www.daraz.lk/products/3d-view-virtual-reality-vr-glasses-gear-theater-panorama-smartphones-i114312651.html,3/6/24,TRUE,5,"Good product 
#WIN",Color Family:White,0,English,Positive,Product Quality:Positive,Suspicious,
electronics,3D View Virtual Reality VR Box Glasses Headset Gear Theater Panorama For Smartphones,https://www.daraz.lk/products/3d-view-virtual-reality-vr-glasses-gear-theater-panorama-smartphones-i114312651.html,8/22/21,TRUE,5,Good Product I’ll recommended And Order Shipped Quickly,Color Family:White,9,English,Positive,Product Quality:Positive; Delivery/Shipping:Positive,Genuine,
electronics,3D View Virtual Reality VR Box Glasses Headset Gear Theater Panorama For Smartphones,https://www.daraz.lk/products/3d-view-virtual-reality-vr-glasses-gear-theater-panorama-smartphones-i114312651.html,2/16/24,TRUE,5,👍👍👍👍👍,Color Family:White,0,,,,Suspicious,
electronics,3D View Virtual Reality VR Box Glasses Headset Gear Theater Panorama For Smartphones,https://www.daraz.lk/products/3d-view-virtual-reality-vr-glasses-gear-theater-panorama-smartphones-i114312651.html,6/25/21,TRUE,5,verry good item,Color Family:White,1,English,Positive,Product Quality:Positive,Genuine,
electronics,3D View Virtual Reality VR Box Glasses Headset Gear Theater Panorama For Smartphones,https://www.daraz.lk/products/3d-view-virtual-reality-vr-glasses-gear-theater-panorama-smartphones-i114312651.html,12/11/21,TRUE,5,Good,Color Family:White,0,English,Positive,,Suspicious,
electronics,3D View Virtual Reality VR Box Glasses Headset Gear Theater Panorama For Smartphones,https://www.daraz.lk/products/3d-view-virtual-reality-vr-glasses-gear-theater-panorama-smartphones-i114312651.html,2/8/24,TRUE,4,Its value for ll,Color Family:White,0,English,,,Suspicious,
electronics,3D View Virtual Reality VR Box Glasses Headset Gear Theater Panorama For Smartphones,https://www.daraz.lk/products/3d-view-virtual-reality-vr-glasses-gear-theater-panorama-smartphones-i114312651.html,9/23/23,TRUE,1,"Damaged and broken...........
But I ordered another one again 😁",Color Family:White,2,English,Negative,Product Quality:Negative,Genuine,
electronics,3D View Virtual Reality VR Box Glasses Headset Gear Theater Panorama For Smartphones,https://www.daraz.lk/products/3d-view-virtual-reality-vr-glasses-gear-theater-panorama-smartphones-i114312651.html,1/1/24,TRUE,5,super product,වර්ණ කාණ්ඩය:සුදු,0,English,Positive,Product Quality:Positive,Genuine,
electronics,3D View Virtual Reality VR Box Glasses Headset Gear Theater Panorama For Smartphones,https://www.daraz.lk/products/3d-view-virtual-reality-vr-glasses-gear-theater-panorama-smartphones-i114312651.html,9/15/25,TRUE,3,Good❤️‍🔥,Color Family:White,0,English,Positive,,Suspicious,
electronics,3D View Virtual Reality VR Box Glasses Headset Gear Theater Panorama For Smartphones,https://www.daraz.lk/products/3d-view-virtual-reality-vr-glasses-gear-theater-panorama-smartphones-i114312651.html,12/2/23,TRUE,5,good,Color Family:White,0,English,Positive,,Suspicious,
electronics,3D View Virtual Reality VR Box Glasses Headset Gear Theater Panorama For Smartphones,https://www.daraz.lk/products/3d-view-virtual-reality-vr-glasses-gear-theater-panorama-smartphones-i114312651.html,11/17/23,TRUE,4,ගෙවන ගානට වටිනවා,Color Family:White,0,English,Positive,Price/Value:Positive,Genuine,
electronics,3D View Virtual Reality VR Box Glasses Headset Gear Theater Panorama For Smartphones,https://www.daraz.lk/products/3d-view-virtual-reality-vr-glasses-gear-theater-panorama-smartphones-i114312651.html,4/1/26,TRUE,1,Low quality product. No return accepted once delivered. Unable to insert mobile in to the VR box due to spin broken ( while delivery or before ).,Color Family:White,0,English,Negative,Product Quality:Negative; Seller Service:Negative,Genuine,
electronics,3D View Virtual Reality VR Box Glasses Headset Gear Theater Panorama For Smartphones,https://www.daraz.lk/products/3d-view-virtual-reality-vr-glasses-gear-theater-panorama-smartphones-i114312651.html,5/27/22,TRUE,5,ගෙවන මුදල අනුව සසඳන විට මෙය ඉතාමත්ම වටිනවා. හොද build quality එකක් බලාගන්න පුලුවන්. මෙය මිලදි ගැනිමට පෙර gyroscope sensor   තිබෙදැයි සොයා බලන්න නැත්නන් අරගෙන වැඩක් නෑ vr experience එකක් ගන්න බැහැ එත්කොට.ගෙවන මුදල අනුව සසඳන විට මෙය ඉතාමත්ම වටිනවා. හොද build quality එකක් බලාගන්න පුලුවන්. මෙය මිලදි ගැනිමට පෙර gyroscope sensor   තිබෙදැයි සොයා බලන්න නැත්නන් අරගෙන වැඩක් නෑ vr experience එකක් ගන්න බැහැ එත්කොට.ගෙවන මුදල අනුව සසඳන විට මෙය ඉතාමත්ම වටිනවා. හොද build quality එකක් බලාගන්න පුලුවන්. මෙය මිලදි ගැනිමට පෙර gyroscope sensor   තිබෙදැයි සොයා බලන්න නැත්නන් අරගෙන වැඩක් නෑ vr experience එකක් ගන්න බැහැ එත්කොට.,Color Family:White,14,Sinhala,Positive,Product Quality:Positive,Genuine,
electronics,3D View Virtual Reality VR Box Glasses Headset Gear Theater Panorama For Smartphones,https://www.daraz.lk/products/3d-view-virtual-reality-vr-glasses-gear-theater-panorama-smartphones-i114312651.html,11/15/25,TRUE,1,"මෙලෝ වැඩක් නෑ.ඇහැට සෙට් වෙන ස්පොන්ච් එක නැතුව ආවේ. 👎 
ප්ලාස්ටික් කෑලි ගොඩකුයි ප්ලාස්ටික් කාච දෙකකුයි විතරයි තියෙන්නේ. ගාන හොඳටම වැඩි. ගන්න එපා",Color Family:White,0,Sinhala,Negative,Product Quality:Negative; Price/Value:Negative,Genuine,
electronics,3D View Virtual Reality VR Box Glasses Headset Gear Theater Panorama For Smartphones,https://www.daraz.lk/products/3d-view-virtual-reality-vr-glasses-gear-theater-panorama-smartphones-i114312651.html,10/25/23,TRUE,5,good 👍,Color Family:White,0,English,Positive,,Suspicious,
electronics,3D View Virtual Reality VR Box Glasses Headset Gear Theater Panorama For Smartphones,https://www.daraz.lk/products/3d-view-virtual-reality-vr-glasses-gear-theater-panorama-smartphones-i114312651.html,10/22/23,TRUE,5,Supper,Color Family:White,0,English,Positive,,Suspicious,
electronics,3D View Virtual Reality VR Box Glasses Headset Gear Theater Panorama For Smartphones,https://www.daraz.lk/products/3d-view-virtual-reality-vr-glasses-gear-theater-panorama-smartphones-i114312651.html,10/21/23,TRUE,5,Good,වර්ණ කාණ්ඩය:සුදු,0,English,Positive,,Suspicious,
electronics,3D View Virtual Reality VR Box Glasses Headset Gear Theater Panorama For Smartphones,https://www.daraz.lk/products/3d-view-virtual-reality-vr-glasses-gear-theater-panorama-smartphones-i114312651.html,7/26/22,TRUE,5,Arrived even before the estimated date. Quality product. Thank you seller. Thank you Daraz!,Color Family:White,0,English,Positive,Delivery/Shipping:Positive; Product Quality:Positive,Genuine,
electronics,3D View Virtual Reality VR Box Glasses Headset Gear Theater Panorama For Smartphones,https://www.daraz.lk/products/3d-view-virtual-reality-vr-glasses-gear-theater-panorama-smartphones-i114312651.html,6/20/24,TRUE,3,අව්ලක් නෑ සුපිරි 👀😁,Color Family:White,0,Sinhala,Positive,,Genuine,
electronics,3D View Virtual Reality VR Box Glasses Headset Gear Theater Panorama For Smartphones,https://www.daraz.lk/products/3d-view-virtual-reality-vr-glasses-gear-theater-panorama-smartphones-i114312651.html,12/8/24,TRUE,1,very bad quality the strap was damaged i request a return but the seller doesnot accept it,Color Family:White,1,English,Negative,Product Quality:Negative; Seller Service:Negative,Genuine,
electronics,3D View Virtual Reality VR Box Glasses Headset Gear Theater Panorama For Smartphones,https://www.daraz.lk/products/3d-view-virtual-reality-vr-glasses-gear-theater-panorama-smartphones-i114312651.html,10/4/23,TRUE,5,very good 👍,Color Family:White,0,English,Positive,,Suspicious,
electronics,3D View Virtual Reality VR Box Glasses Headset Gear Theater Panorama For Smartphones,https://www.daraz.lk/products/3d-view-virtual-reality-vr-glasses-gear-theater-panorama-smartphones-i114312651.html,10/1/23,TRUE,5,super,වර්ණ කාණ්ඩය:සුදු,0,English,Positive,,Suspicious,
electronics,3D View Virtual Reality VR Box Glasses Headset Gear Theater Panorama For Smartphones,https://www.daraz.lk/products/3d-view-virtual-reality-vr-glasses-gear-theater-panorama-smartphones-i114312651.html,9/17/23,TRUE,5,good,Color Family:White,0,English,Positive,,Suspicious,
electronics,3D View Virtual Reality VR Box Glasses Headset Gear Theater Panorama For Smartphones,https://www.daraz.lk/products/3d-view-virtual-reality-vr-glasses-gear-theater-panorama-smartphones-i114312651.html,7/2/22,TRUE,3,ගෙවන ගාණට හොදයි 🙂❤ ඒත් ලොකු Virtual Reality Experience එකක් ගන්න බැ හැබැයි 🥲,Color Family:White,0,Sinhala,Neutral,Product Quality:Neutral; Price/Value:Positive,Genuine,
electronics,3D View Virtual Reality VR Box Glasses Headset Gear Theater Panorama For Smartphones,https://www.daraz.lk/products/3d-view-virtual-reality-vr-glasses-gear-theater-panorama-smartphones-i114312651.html,8/27/23,TRUE,5,dont buy this item.,Color Family:White,0,English,Negative,Product Quality:Negative,Genuine,
electronics,3D View Virtual Reality VR Box Glasses Headset Gear Theater Panorama For Smartphones,https://www.daraz.lk/products/3d-view-virtual-reality-vr-glasses-gear-theater-panorama-smartphones-i114312651.html,11/15/22,TRUE,5,it's nice. can get a little experience. But I haven't received a q r code,Color Family:White,0,English,Neutral,Product Quality:Neutral,Genuine,
electronics,3D View Virtual Reality VR Box Glasses Headset Gear Theater Panorama For Smartphones,https://www.daraz.lk/products/3d-view-virtual-reality-vr-glasses-gear-theater-panorama-smartphones-i114312651.html,5/26/22,TRUE,5,it's kinda ok.The part which fit the nose is little bit uncomfortable,Color Family:White,0,English,Neutral,Product Quality:Neutral,Genuine,
electronics,3D View Virtual Reality VR Box Glasses Headset Gear Theater Panorama For Smartphones,https://www.daraz.lk/products/3d-view-virtual-reality-vr-glasses-gear-theater-panorama-smartphones-i114312651.html,10/3/25,TRUE,1,"pone ek daanna be worst product , volume button idn thda wel dn wed krn ne ✋",වර්ණ කාණ්ඩය:සුදු,0,Singlish,Negative,Product Quality:Negative,Genuine,
electronics,3D View Virtual Reality VR Box Glasses Headset Gear Theater Panorama For Smartphones,https://www.daraz.lk/products/3d-view-virtual-reality-vr-glasses-gear-theater-panorama-smartphones-i114312651.html,5/30/22,TRUE,5,don't buy this item not fit phone size. after cannot return fake item,Color Family:White,1,English,Negative,Product Quality:Negative,Genuine,
electronics,3D View Virtual Reality VR Box Glasses Headset Gear Theater Panorama For Smartphones,https://www.daraz.lk/products/3d-view-virtual-reality-vr-glasses-gear-theater-panorama-smartphones-i114312651.html,12/22/21,TRUE,4,හොදයි..phone එක දාන්න තියන holder එක තමයි අවුල.ඒක පොඩි වැඩී.මගේ phone එක holder එකේ ගානටමයි තියෙන්නේ....ඊට වැඩිය ලොකු ඒව දාන්න බෑ..ඒත් හොදයි.හොදට පේනවා.❤️,Color Family:White,3,Sinhala,Neutral,Product Quality:Neutral,Genuine,
electronics,3D View Virtual Reality VR Box Glasses Headset Gear Theater Panorama For Smartphones,https://www.daraz.lk/products/3d-view-virtual-reality-vr-glasses-gear-theater-panorama-smartphones-i114312651.html,2/14/22,TRUE,1,bad product lenses are very blurry can see anything,Color Family:White,1,English,Negative,Product Quality:Negative,Genuine,
electronics,3D View Virtual Reality VR Box Glasses Headset Gear Theater Panorama For Smartphones,https://www.daraz.lk/products/3d-view-virtual-reality-vr-glasses-gear-theater-panorama-smartphones-i114312651.html,6/9/22,TRUE,4,material quality is very low.but worth the price,Color Family:White,0,English,Neutral,Product Quality:Negative; Price/Value:Positive,Genuine,
electronics,3D View Virtual Reality VR Box Glasses Headset Gear Theater Panorama For Smartphones,https://www.daraz.lk/products/3d-view-virtual-reality-vr-glasses-gear-theater-panorama-smartphones-i114312651.html,9/20/22,TRUE,5,"ලොකු කොලිටියක් නෑ බොද ගතියක් තියනවා 
ඒත් හොදයි",Color Family:White,0,Sinhala,Neutral,Product Quality:Neutral,Genuine,
electronics,Car Wireless Bluetooth AUX Music Receiver Adapter with in-built Microphone USB Dongle For Home Speaker 192332231 TecMall,https://www.daraz.lk/products/car-wireless-bluetooth-aux-music-receiver-adapter-with-in-built-microphone-usb-dongle-for-home-speaker-192332231-tecmall-i192332231.html,4/25/25,TRUE,5,"sound එක නම් සුපිරියක්.... අවුලක් නෑ ගානට වටිනවා... ඩිලිවරි එක කියපු දවසට කලින් දවසේ ආවා.. පොඩි අවුලකට තියෙන්නේ බැට්රි ටිකක් බහිනවා.....
අවුල් නෑ බඩුව සුපිරි ගන්න...",Color Family:Not Specified,14,Sinhala,Positive,Product Quality:Positive; Price/Value:Positive; Delivery/Shipping:Positive; Battery/Performance:Neutral,Genuine,
electronics,Car Wireless Bluetooth AUX Music Receiver Adapter with in-built Microphone USB Dongle For Home Speaker 192332231 TecMall,https://www.daraz.lk/products/car-wireless-bluetooth-aux-music-receiver-adapter-with-in-built-microphone-usb-dongle-for-home-speaker-192332231-tecmall-i192332231.html,5/26/24,TRUE,5,"super quality 
and just wow product 
l use daily truly amazing 
I'm suggesting to buy",Color Family:Not Specified,6,English,Positive,Product Quality:Positive,Genuine,
electronics,Car Wireless Bluetooth AUX Music Receiver Adapter with in-built Microphone USB Dongle For Home Speaker 192332231 TecMall,https://www.daraz.lk/products/car-wireless-bluetooth-aux-music-receiver-adapter-with-in-built-microphone-usb-dongle-for-home-speaker-192332231-tecmall-i192332231.html,5/19/24,TRUE,5,good. but sound is lightly low.. but ok..,Color Family:Not Specified,7,English,Neutral,Product Quality:Neutral,Genuine,
electronics,Car Wireless Bluetooth AUX Music Receiver Adapter with in-built Microphone USB Dongle For Home Speaker 192332231 TecMall,https://www.daraz.lk/products/car-wireless-bluetooth-aux-music-receiver-adapter-with-in-built-microphone-usb-dongle-for-home-speaker-192332231-tecmall-i192332231.html,2/10/24,TRUE,5,l'm very very happy.. good .. thank daraz,Color Family:Not Specified,10,English,Positive,,Genuine,
electronics,Car Wireless Bluetooth AUX Music Receiver Adapter with in-built Microphone USB Dongle For Home Speaker 192332231 TecMall,https://www.daraz.lk/products/car-wireless-bluetooth-aux-music-receiver-adapter-with-in-built-microphone-usb-dongle-for-home-speaker-192332231-tecmall-i192332231.html,11/22/25,TRUE,5,warddak danata na.kochchara kalayk use karathakida kiyala prshnayak?,Color Family:#1,1,Singlish,Neutral,Product Quality:Neutral,Genuine,
electronics,Car Wireless Bluetooth AUX Music Receiver Adapter with in-built Microphone USB Dongle For Home Speaker 192332231 TecMall,https://www.daraz.lk/products/car-wireless-bluetooth-aux-music-receiver-adapter-with-in-built-microphone-usb-dongle-for-home-speaker-192332231-tecmall-i192332231.html,5/5/25,TRUE,5,සුපිරි මෙකනම් ගානට වටිනවා සැහෙන්න බය නැතුව ගන්න ඔයාලාත්,Color Family:Not Specified,1,Sinhala,Positive,Price/Value:Positive,Genuine,
electronics,Car Wireless Bluetooth AUX Music Receiver Adapter with in-built Microphone USB Dongle For Home Speaker 192332231 TecMall,https://www.daraz.lk/products/car-wireless-bluetooth-aux-music-receiver-adapter-with-in-built-microphone-usb-dongle-for-home-speaker-192332231-tecmall-i192332231.html,7/20/25,TRUE,5,ji9ii😵‍💫😵‍💫😵‍💫😵‍💫😵‍💫🗿🗿🗿🗿😵‍💫😵‍💫8,Color Family:Not Specified,0,,,,Suspicious,
electronics,Car Wireless Bluetooth AUX Music Receiver Adapter with in-built Microphone USB Dongle For Home Speaker 192332231 TecMall,https://www.daraz.lk/products/car-wireless-bluetooth-aux-music-receiver-adapter-with-in-built-microphone-usb-dongle-for-home-speaker-192332231-tecmall-i192332231.html,10/15/25,TRUE,5,This product is good produt & fast delevery,Color Family:#2,1,English,Positive,Product Quality:Positive; Delivery/Shipping:Positive,Genuine,
electronics,Car Wireless Bluetooth AUX Music Receiver Adapter with in-built Microphone USB Dongle For Home Speaker 192332231 TecMall,https://www.daraz.lk/products/car-wireless-bluetooth-aux-music-receiver-adapter-with-in-built-microphone-usb-dongle-for-home-speaker-192332231-tecmall-i192332231.html,7/15/25,TRUE,5,හොදට තිබ්බා. 👍👍👍👍👍👍👍👍👍👍👍👍,වර්ණ කාණ්ඩය:#2,1,Sinhala,Positive,,Suspicious,
electronics,Car Wireless Bluetooth AUX Music Receiver Adapter with in-built Microphone USB Dongle For Home Speaker 192332231 TecMall,https://www.daraz.lk/products/car-wireless-bluetooth-aux-music-receiver-adapter-with-in-built-microphone-usb-dongle-for-home-speaker-192332231-tecmall-i192332231.html,8/25/25,TRUE,5,"good quality , good product",Color Family:Not Specified,1,English,Positive,Product Quality:Positive,Genuine,
electronics,Car Wireless Bluetooth AUX Music Receiver Adapter with in-built Microphone USB Dongle For Home Speaker 192332231 TecMall,https://www.daraz.lk/products/car-wireless-bluetooth-aux-music-receiver-adapter-with-in-built-microphone-usb-dongle-for-home-speaker-192332231-tecmall-i192332231.html,4/19/25,TRUE,5,Its working ✌️Recommend 💥,Color Family:Not Specified,0,English,Positive,Product Quality:Positive,Genuine,
electronics,Car Wireless Bluetooth AUX Music Receiver Adapter with in-built Microphone USB Dongle For Home Speaker 192332231 TecMall,https://www.daraz.lk/products/car-wireless-bluetooth-aux-music-receiver-adapter-with-in-built-microphone-usb-dongle-for-home-speaker-192332231-tecmall-i192332231.html,6/25/25,TRUE,5,සුපිරියක් ගානට වටින්වවා,Color Family:#2,1,Sinhala,Positive,Price/Value:Positive,Genuine,
electronics,Car Wireless Bluetooth AUX Music Receiver Adapter with in-built Microphone USB Dongle For Home Speaker 192332231 TecMall,https://www.daraz.lk/products/car-wireless-bluetooth-aux-music-receiver-adapter-with-in-built-microphone-usb-dongle-for-home-speaker-192332231-tecmall-i192332231.html,6/28/25,TRUE,5,it packed safety,Color Family:#2,0,English,Positive,Packaging:Positive,Genuine,
electronics,Car Wireless Bluetooth AUX Music Receiver Adapter with in-built Microphone USB Dongle For Home Speaker 192332231 TecMall,https://www.daraz.lk/products/car-wireless-bluetooth-aux-music-receiver-adapter-with-in-built-microphone-usb-dongle-for-home-speaker-192332231-tecmall-i192332231.html,5/2/25,TRUE,5,Nice product,Color Family:Not Specified,0,English,Positive,,Suspicious,
electronics,Car Wireless Bluetooth AUX Music Receiver Adapter with in-built Microphone USB Dongle For Home Speaker 192332231 TecMall,https://www.daraz.lk/products/car-wireless-bluetooth-aux-music-receiver-adapter-with-in-built-microphone-usb-dongle-for-home-speaker-192332231-tecmall-i192332231.html,1/3/25,TRUE,5,Good,Color Family:Not Specified,2,English,Positive,,Suspicious,
electronics,Car Wireless Bluetooth AUX Music Receiver Adapter with in-built Microphone USB Dongle For Home Speaker 192332231 TecMall,https://www.daraz.lk/products/car-wireless-bluetooth-aux-music-receiver-adapter-with-in-built-microphone-usb-dongle-for-home-speaker-192332231-tecmall-i192332231.html,5/8/24,TRUE,1,The wireless device‘s battery was died already and i can replace that worst,Color Family:Not Specified,4,English,Negative,Product Quality:Negative; Battery/Performance:Negative,Genuine,
electronics,Car Wireless Bluetooth AUX Music Receiver Adapter with in-built Microphone USB Dongle For Home Speaker 192332231 TecMall,https://www.daraz.lk/products/car-wireless-bluetooth-aux-music-receiver-adapter-with-in-built-microphone-usb-dongle-for-home-speaker-192332231-tecmall-i192332231.html,5/17/25,TRUE,3,"Bluetooth range or strength is not enough, room to other room couldn't signal pass properly",Color Family:#2,1,English,Neutral,Product Quality:Neutral,Genuine,
electronics,Car Wireless Bluetooth AUX Music Receiver Adapter with in-built Microphone USB Dongle For Home Speaker 192332231 TecMall,https://www.daraz.lk/products/car-wireless-bluetooth-aux-music-receiver-adapter-with-in-built-microphone-usb-dongle-for-home-speaker-192332231-tecmall-i192332231.html,8/11/24,TRUE,5,meka weda ne,Color Family:#2,1,Singlish,Negative,Product Quality:Negative,Genuine,
electronics,Car Wireless Bluetooth AUX Music Receiver Adapter with in-built Microphone USB Dongle For Home Speaker 192332231 TecMall,https://www.daraz.lk/products/car-wireless-bluetooth-aux-music-receiver-adapter-with-in-built-microphone-usb-dongle-for-home-speaker-192332231-tecmall-i192332231.html,4/30/24,TRUE,4,ගොඩක් හොදයි ඉක්මනින් ලැබුනා හොඳ ප්‍රොඩක්ට් එකක් බය නැතුව ගන්න,Color Family:Not Specified,1,Sinhala,Positive,Delivery/Shipping:Positive; Product Quality:Positive,Genuine,
electronics,Car Wireless Bluetooth AUX Music Receiver Adapter with in-built Microphone USB Dongle For Home Speaker 192332231 TecMall,https://www.daraz.lk/products/car-wireless-bluetooth-aux-music-receiver-adapter-with-in-built-microphone-usb-dongle-for-home-speaker-192332231-tecmall-i192332231.html,3/15/24,TRUE,1,නිකන් බොරුවට සල්ලි වියදම් කරන්න එපා ගත්ත දවසේම මෙක කැඩිලා ගියා අනික මෙක හරියට වැඩ කරන් නැ,Color Family:Not Specified,10,Sinhala,Negative,Product Quality:Negative; Price/Value:Negative,Genuine,
electronics,Car Wireless Bluetooth AUX Music Receiver Adapter with in-built Microphone USB Dongle For Home Speaker 192332231 TecMall,https://www.daraz.lk/products/car-wireless-bluetooth-aux-music-receiver-adapter-with-in-built-microphone-usb-dongle-for-home-speaker-192332231-tecmall-i192332231.html,6/14/24,TRUE,5,Not working . No power on,Color Family:Not Specified,1,English,Negative,Product Quality:Negative,Genuine,
electronics,Car Wireless Bluetooth AUX Music Receiver Adapter with in-built Microphone USB Dongle For Home Speaker 192332231 TecMall,https://www.daraz.lk/products/car-wireless-bluetooth-aux-music-receiver-adapter-with-in-built-microphone-usb-dongle-for-home-speaker-192332231-tecmall-i192332231.html,2/21/24,TRUE,5,Great and quality product. works well 👍,Color Family:Not Specified,1,English,Positive,Product Quality:Positive,Genuine,
electronics,Car Wireless Bluetooth AUX Music Receiver Adapter with in-built Microphone USB Dongle For Home Speaker 192332231 TecMall,https://www.daraz.lk/products/car-wireless-bluetooth-aux-music-receiver-adapter-with-in-built-microphone-usb-dongle-for-home-speaker-192332231-tecmall-i192332231.html,2/21/24,TRUE,5,works well but volume levels are very low,Color Family:Not Specified,1,English,Neutral,Product Quality:Neutral,Genuine,
electronics,Car Wireless Bluetooth AUX Music Receiver Adapter with in-built Microphone USB Dongle For Home Speaker 192332231 TecMall,https://www.daraz.lk/products/car-wireless-bluetooth-aux-music-receiver-adapter-with-in-built-microphone-usb-dongle-for-home-speaker-192332231-tecmall-i192332231.html,3/6/24,TRUE,5,good,වර්ණ කාණ්ඩය:විශේෂකොට දක්වා නොමැත,0,English,Positive,,Suspicious,
electronics,Car Wireless Bluetooth AUX Music Receiver Adapter with in-built Microphone USB Dongle For Home Speaker 192332231 TecMall,https://www.daraz.lk/products/car-wireless-bluetooth-aux-music-receiver-adapter-with-in-built-microphone-usb-dongle-for-home-speaker-192332231-tecmall-i192332231.html,5/11/26,TRUE,5,ඇත්තටම මෙක් මේ ගානට පාඩු නෑ.මම දෙපාරක්ම ඔර්ඩර් කරා...sound එකත් පැහැදිලියි.....bass එක පවා හොදට වැඩ කරනවා....🥰🥰🥰,Color Family:#1,0,Sinhala,Positive,Price/Value:Positive; Product Quality:Positive,Genuine,
electronics,Car Wireless Bluetooth AUX Music Receiver Adapter with in-built Microphone USB Dongle For Home Speaker 192332231 TecMall,https://www.daraz.lk/products/car-wireless-bluetooth-aux-music-receiver-adapter-with-in-built-microphone-usb-dongle-for-home-speaker-192332231-tecmall-i192332231.html,4/21/25,TRUE,5,අවුලක් නහ මෙ බන්ඩෙ හොදයි මම කියන්නෙ ඩරස් එකෙන් බය නතුව ගෙන්නන කියල සුපිරිම කොලිටි බඩු තියෙන්නෙ,Color Family:Not Specified,0,Sinhala,Positive,Product Quality:Positive,Genuine,
electronics,Car Wireless Bluetooth AUX Music Receiver Adapter with in-built Microphone USB Dongle For Home Speaker 192332231 TecMall,https://www.daraz.lk/products/car-wireless-bluetooth-aux-music-receiver-adapter-with-in-built-microphone-usb-dongle-for-home-speaker-192332231-tecmall-i192332231.html,9/11/24,TRUE,5,Superb Product But Delivery Is Too slow 😒 worth for money valueble 100%.Recomended,Color Family:Not Specified,0,English,Positive,Product Quality:Positive; Delivery/Shipping:Neutral; Price/Value:Positive,Genuine,
electronics,Car Wireless Bluetooth AUX Music Receiver Adapter with in-built Microphone USB Dongle For Home Speaker 192332231 TecMall,https://www.daraz.lk/products/car-wireless-bluetooth-aux-music-receiver-adapter-with-in-built-microphone-usb-dongle-for-home-speaker-192332231-tecmall-i192332231.html,11/17/24,TRUE,1,stopped working after some time. The device keeps connecting and disconnecting.,Color Family:Not Specified,0,English,Negative,Product Quality:Negative,Genuine,
electronics,Car Wireless Bluetooth AUX Music Receiver Adapter with in-built Microphone USB Dongle For Home Speaker 192332231 TecMall,https://www.daraz.lk/products/car-wireless-bluetooth-aux-music-receiver-adapter-with-in-built-microphone-usb-dongle-for-home-speaker-192332231-tecmall-i192332231.html,9/5/24,TRUE,4,Item is working as expected. Battery doesn't last long. Output volume is a bit low.,Color Family:Not Specified,0,English,Neutral,Battery/Performance:Neutral; Product Quality:Neutral,Genuine,
electronics,Car Wireless Bluetooth AUX Music Receiver Adapter with in-built Microphone USB Dongle For Home Speaker 192332231 TecMall,https://www.daraz.lk/products/car-wireless-bluetooth-aux-music-receiver-adapter-with-in-built-microphone-usb-dongle-for-home-speaker-192332231-tecmall-i192332231.html,11/19/25,TRUE,1,DON’T but this Garbage its Automatic Disconnecting NOT WORKING PROPERLY,Color Family:#1,0,English,Negative,Product Quality:Negative,Genuine,
electronics,Car Wireless Bluetooth AUX Music Receiver Adapter with in-built Microphone USB Dongle For Home Speaker 192332231 TecMall,https://www.daraz.lk/products/car-wireless-bluetooth-aux-music-receiver-adapter-with-in-built-microphone-usb-dongle-for-home-speaker-192332231-tecmall-i192332231.html,6/19/25,TRUE,5,Aththatama meka hodayi .. Normal ekee sinduwak ahan inna puluwan 💞👍👊,Color Family:#2,0,Singlish,Positive,Product Quality:Positive,Genuine,
electronics,Car Wireless Bluetooth AUX Music Receiver Adapter with in-built Microphone USB Dongle For Home Speaker 192332231 TecMall,https://www.daraz.lk/products/car-wireless-bluetooth-aux-music-receiver-adapter-with-in-built-microphone-usb-dongle-for-home-speaker-192332231-tecmall-i192332231.html,12/19/25,TRUE,5,Price ekata nam aulak na. Paya 1.30k wage thami use krnn puluwn... 👍,Color Family:#1,0,Singlish,Positive,Price/Value:Positive; Product Quality:Neutral,Genuine,
electronics,Car Wireless Bluetooth AUX Music Receiver Adapter with in-built Microphone USB Dongle For Home Speaker 192332231 TecMall,https://www.daraz.lk/products/car-wireless-bluetooth-aux-music-receiver-adapter-with-in-built-microphone-usb-dongle-for-home-speaker-192332231-tecmall-i192332231.html,12/19/25,TRUE,2,"Product is good, but the cover is coming off. Doesn't easily connect.",Color Family:#2,0,English,Neutral,Product Quality:Neutral,Genuine,
electronics,Car Wireless Bluetooth AUX Music Receiver Adapter with in-built Microphone USB Dongle For Home Speaker 192332231 TecMall,https://www.daraz.lk/products/car-wireless-bluetooth-aux-music-receiver-adapter-with-in-built-microphone-usb-dongle-for-home-speaker-192332231-tecmall-i192332231.html,5/15/26,TRUE,5,Good recommended but the signal is unstable and the product is good,Color Family:#1,0,English,Neutral,Product Quality:Neutral,Genuine,
electronics,Car Wireless Bluetooth AUX Music Receiver Adapter with in-built Microphone USB Dongle For Home Speaker 192332231 TecMall,https://www.daraz.lk/products/car-wireless-bluetooth-aux-music-receiver-adapter-with-in-built-microphone-usb-dongle-for-home-speaker-192332231-tecmall-i192332231.html,7/5/25,TRUE,5,Good Product I got a new wired speakers and plugged it in works well,Color Family:Not Specified,0,English,Positive,Product Quality:Positive,Genuine,
electronics,Car Wireless Bluetooth AUX Music Receiver Adapter with in-built Microphone USB Dongle For Home Speaker 192332231 TecMall,https://www.daraz.lk/products/car-wireless-bluetooth-aux-music-receiver-adapter-with-in-built-microphone-usb-dongle-for-home-speaker-192332231-tecmall-i192332231.html,7/8/25,TRUE,1,very cheap product. Don't waste your money for this and not working,Color Family:Not Specified,0,English,Negative,Product Quality:Negative,Genuine,
electronics,Car Wireless Bluetooth AUX Music Receiver Adapter with in-built Microphone USB Dongle For Home Speaker 192332231 TecMall,https://www.daraz.lk/products/car-wireless-bluetooth-aux-music-receiver-adapter-with-in-built-microphone-usb-dongle-for-home-speaker-192332231-tecmall-i192332231.html,9/17/24,TRUE,5,worth the money paid.but input jack not support properly.thanks.,Color Family:Not Specified,0,English,Neutral,Price/Value:Positive; Product Quality:Negative,Genuine,
electronics,Car Wireless Bluetooth AUX Music Receiver Adapter with in-built Microphone USB Dongle For Home Speaker 192332231 TecMall,https://www.daraz.lk/products/car-wireless-bluetooth-aux-music-receiver-adapter-with-in-built-microphone-usb-dongle-for-home-speaker-192332231-tecmall-i192332231.html,5/14/25,TRUE,5,supiri   hodai mage ekanam awlak na supiri  yata wada karanawa,වර්ණ කාණ්ඩය:Not Specified,0,Singlish,Positive,Product Quality:Positive,Genuine,
electronics,Car Wireless Bluetooth AUX Music Receiver Adapter with in-built Microphone USB Dongle For Home Speaker 192332231 TecMall,https://www.daraz.lk/products/car-wireless-bluetooth-aux-music-receiver-adapter-with-in-built-microphone-usb-dongle-for-home-speaker-192332231-tecmall-i192332231.html,8/15/24,TRUE,5,මට මේක රිටන් කරන්න ඔනෙ මෙක වඩකරන්නෙ නෙ එ වවෙනුවට වැඩ කරන එකක් එවන්න ඉක්මනට,Color Family:Not Specified,0,Sinhala,Negative,Product Quality:Negative,Genuine,
electronics,Car Wireless Bluetooth AUX Music Receiver Adapter with in-built Microphone USB Dongle For Home Speaker 192332231 TecMall,https://www.daraz.lk/products/car-wireless-bluetooth-aux-music-receiver-adapter-with-in-built-microphone-usb-dongle-for-home-speaker-192332231-tecmall-i192332231.html,1/1/25,TRUE,5,Broke very easily. Could not plug it in at least 3 times.,Color Family:Not Specified,0,English,Negative,Product Quality:Negative,Genuine,
electronics,Car Wireless Bluetooth AUX Music Receiver Adapter with in-built Microphone USB Dongle For Home Speaker 192332231 TecMall,https://www.daraz.lk/products/car-wireless-bluetooth-aux-music-receiver-adapter-with-in-built-microphone-usb-dongle-for-home-speaker-192332231-tecmall-i192332231.html,7/24/25,TRUE,5,"Cool product, trustworthy seller working perfectly fine",Color Family:Not Specified,0,English,Positive,Product Quality:Positive; Seller Service:Positive,Genuine,
electronics,Car Wireless Bluetooth AUX Music Receiver Adapter with in-built Microphone USB Dongle For Home Speaker 192332231 TecMall,https://www.daraz.lk/products/car-wireless-bluetooth-aux-music-receiver-adapter-with-in-built-microphone-usb-dongle-for-home-speaker-192332231-tecmall-i192332231.html,7/14/25,TRUE,5,one time only connected after no power on and charging,Color Family:Not Specified,0,English,Negative,Product Quality:Negative,Genuine,
electronics,Car Wireless Bluetooth AUX Music Receiver Adapter with in-built Microphone USB Dongle For Home Speaker 192332231 TecMall,https://www.daraz.lk/products/car-wireless-bluetooth-aux-music-receiver-adapter-with-in-built-microphone-usb-dongle-for-home-speaker-192332231-tecmall-i192332231.html,12/26/25,TRUE,5,It is not working. Really Disappointed. Waste of Money,Color Family:#1,0,English,Negative,Product Quality:Negative; Price/Value:Negative,Genuine,
electronics,Car Wireless Bluetooth AUX Music Receiver Adapter with in-built Microphone USB Dongle For Home Speaker 192332231 TecMall,https://www.daraz.lk/products/car-wireless-bluetooth-aux-music-receiver-adapter-with-in-built-microphone-usb-dongle-for-home-speaker-192332231-tecmall-i192332231.html,4/29/26,TRUE,5,bande hodai habai gahuwata passe sound adu wenwa,Color Family:#2,0,Singlish,Neutral,Product Quality:Neutral,Genuine,
electronics,Car Wireless Bluetooth AUX Music Receiver Adapter with in-built Microphone USB Dongle For Home Speaker 192332231 TecMall,https://www.daraz.lk/products/car-wireless-bluetooth-aux-music-receiver-adapter-with-in-built-microphone-usb-dongle-for-home-speaker-192332231-tecmall-i192332231.html,12/21/24,TRUE,5,Nice product.But Battery eka thama poddak madi,Color Family:Not Specified,1,Singlish,Neutral,Product Quality:Positive; Battery/Performance:Neutral,Genuine,
electronics,Car Wireless Bluetooth AUX Music Receiver Adapter with in-built Microphone USB Dongle For Home Speaker 192332231 TecMall,https://www.daraz.lk/products/car-wireless-bluetooth-aux-music-receiver-adapter-with-in-built-microphone-usb-dongle-for-home-speaker-192332231-tecmall-i192332231.html,6/3/25,TRUE,1,"wow it is Nice and supper 
this is recommended",Color Family:#2,0,English,Positive,Product Quality:Positive,Genuine,
electronics,Car Wireless Bluetooth AUX Music Receiver Adapter with in-built Microphone USB Dongle For Home Speaker 192332231 TecMall,https://www.daraz.lk/products/car-wireless-bluetooth-aux-music-receiver-adapter-with-in-built-microphone-usb-dongle-for-home-speaker-192332231-tecmall-i192332231.html,4/3/26,TRUE,5,Good product. This works for my car stereo 👍,Color Family:#1,0,English,Positive,Product Quality:Positive,Genuine,
electronics,Car Wireless Bluetooth AUX Music Receiver Adapter with in-built Microphone USB Dongle For Home Speaker 192332231 TecMall,https://www.daraz.lk/products/car-wireless-bluetooth-aux-music-receiver-adapter-with-in-built-microphone-usb-dongle-for-home-speaker-192332231-tecmall-i192332231.html,1/6/25,TRUE,4,හොඳයි..එත් කනෙක්ටින් ජැක් එක වැඩ කරන්නේ නෑ,Color Family:Not Specified,0,Sinhala,Neutral,Product Quality:Neutral,Genuine,
electronics,Car Wireless Bluetooth AUX Music Receiver Adapter with in-built Microphone USB Dongle For Home Speaker 192332231 TecMall,https://www.daraz.lk/products/car-wireless-bluetooth-aux-music-receiver-adapter-with-in-built-microphone-usb-dongle-for-home-speaker-192332231-tecmall-i192332231.html,2/4/26,TRUE,5,"Not working properly . 
Not satisfied .",Color Family:#1,0,English,Negative,Product Quality:Negative,Genuine,
electronics,Car Wireless Bluetooth AUX Music Receiver Adapter with in-built Microphone USB Dongle For Home Speaker 192332231 TecMall,https://www.daraz.lk/products/car-wireless-bluetooth-aux-music-receiver-adapter-with-in-built-microphone-usb-dongle-for-home-speaker-192332231-tecmall-i192332231.html,4/5/25,TRUE,5,තවම කිසිදු ප්‍රශ්නයක් නොමැතිව වැඩ කරනවා,Color Family:Not Specified,0,Sinhala,Positive,Product Quality:Positive,Genuine,
electronics,Car Wireless Bluetooth AUX Music Receiver Adapter with in-built Microphone USB Dongle For Home Speaker 192332231 TecMall,https://www.daraz.lk/products/car-wireless-bluetooth-aux-music-receiver-adapter-with-in-built-microphone-usb-dongle-for-home-speaker-192332231-tecmall-i192332231.html,5/22/26,TRUE,5,"good product, but less battery life.",Color Family:#1,0,English,Neutral,Product Quality:Positive; Battery/Performance:Neutral,Genuine,
electronics,Car Wireless Bluetooth AUX Music Receiver Adapter with in-built Microphone USB Dongle For Home Speaker 192332231 TecMall,https://www.daraz.lk/products/car-wireless-bluetooth-aux-music-receiver-adapter-with-in-built-microphone-usb-dongle-for-home-speaker-192332231-tecmall-i192332231.html,2/5/25,TRUE,5,Apooo ganna apa base eka anne na 😒,Color Family:Not Specified,1,Singlish,Negative,Product Quality:Negative,Genuine,
electronics,Car Wireless Bluetooth AUX Music Receiver Adapter with in-built Microphone USB Dongle For Home Speaker 192332231 TecMall,https://www.daraz.lk/products/car-wireless-bluetooth-aux-music-receiver-adapter-with-in-built-microphone-usb-dongle-for-home-speaker-192332231-tecmall-i192332231.html,4/8/25,TRUE,1,meka wada karn na. aprade salli,Color Family:#2,1,Singlish,Negative,Product Quality:Negative; Price/Value:Negative,Genuine,
electronics,Car Wireless Bluetooth AUX Music Receiver Adapter with in-built Microphone USB Dongle For Home Speaker 192332231 TecMall,https://www.daraz.lk/products/car-wireless-bluetooth-aux-music-receiver-adapter-with-in-built-microphone-usb-dongle-for-home-speaker-192332231-tecmall-i192332231.html,9/24/24,TRUE,5,Great product it’s working well,Color Family:Not Specified,0,English,Positive,Product Quality:Positive,Genuine,
electronics,Car Wireless Bluetooth AUX Music Receiver Adapter with in-built Microphone USB Dongle For Home Speaker 192332231 TecMall,https://www.daraz.lk/products/car-wireless-bluetooth-aux-music-receiver-adapter-with-in-built-microphone-usb-dongle-for-home-speaker-192332231-tecmall-i192332231.html,3/15/25,TRUE,5,"Not work 
Please i want change",Color Family:Not Specified,0,English,Negative,Product Quality:Negative,Genuine,
electronics,Car Wireless Bluetooth AUX Music Receiver Adapter with in-built Microphone USB Dongle For Home Speaker 192332231 TecMall,https://www.daraz.lk/products/car-wireless-bluetooth-aux-music-receiver-adapter-with-in-built-microphone-usb-dongle-for-home-speaker-192332231-tecmall-i192332231.html,6/4/25,TRUE,5,Good quality and clear sound!,Color Family:Not Specified,0,English,Positive,Product Quality:Positive,Genuine,
electronics,Car Wireless Bluetooth AUX Music Receiver Adapter with in-built Microphone USB Dongle For Home Speaker 192332231 TecMall,https://www.daraz.lk/products/car-wireless-bluetooth-aux-music-receiver-adapter-with-in-built-microphone-usb-dongle-for-home-speaker-192332231-tecmall-i192332231.html,5/26/25,TRUE,5,diliwari is 🐌  disappointing,Color Family:Not Specified,0,English,Negative,Delivery/Shipping:Negative,Genuine,
electronics,Car Wireless Bluetooth AUX Music Receiver Adapter with in-built Microphone USB Dongle For Home Speaker 192332231 TecMall,https://www.daraz.lk/products/car-wireless-bluetooth-aux-music-receiver-adapter-with-in-built-microphone-usb-dongle-for-home-speaker-192332231-tecmall-i192332231.html,5/5/26,TRUE,5,Wow ❤️❤️❤️❤️❤️❤️❤️❤️❤️ nice,Color Family:#1,0,English,Positive,,Suspicious,
electronics,Car Wireless Bluetooth AUX Music Receiver Adapter with in-built Microphone USB Dongle For Home Speaker 192332231 TecMall,https://www.daraz.lk/products/car-wireless-bluetooth-aux-music-receiver-adapter-with-in-built-microphone-usb-dongle-for-home-speaker-192332231-tecmall-i192332231.html,9/7/25,TRUE,5,වැඩ කරන්නේ නැත not working,Color Family:Not Specified,0,Mixed,Negative,Product Quality:Negative,Genuine,
electronics,Car Wireless Bluetooth AUX Music Receiver Adapter with in-built Microphone USB Dongle For Home Speaker 192332231 TecMall,https://www.daraz.lk/products/car-wireless-bluetooth-aux-music-receiver-adapter-with-in-built-microphone-usb-dongle-for-home-speaker-192332231-tecmall-i192332231.html,11/9/25,TRUE,5,good item .fast delivery,Color Family:Not Specified,0,English,Positive,Product Quality:Positive; Delivery/Shipping:Positive,Genuine,
electronics,Car Wireless Bluetooth AUX Music Receiver Adapter with in-built Microphone USB Dongle For Home Speaker 192332231 TecMall,https://www.daraz.lk/products/car-wireless-bluetooth-aux-music-receiver-adapter-with-in-built-microphone-usb-dongle-for-home-speaker-192332231-tecmall-i192332231.html,2/20/25,TRUE,5,no working no woofer aut,Color Family:#2,0,English,Negative,Product Quality:Negative,Genuine,
electronics,Car Wireless Bluetooth AUX Music Receiver Adapter with in-built Microphone USB Dongle For Home Speaker 192332231 TecMall,https://www.daraz.lk/products/car-wireless-bluetooth-aux-music-receiver-adapter-with-in-built-microphone-usb-dongle-for-home-speaker-192332231-tecmall-i192332231.html,9/14/24,TRUE,5,nice item work perfect,Color Family:Not Specified,0,English,Positive,Product Quality:Positive,Genuine,
electronics,Car Wireless Bluetooth AUX Music Receiver Adapter with in-built Microphone USB Dongle For Home Speaker 192332231 TecMall,https://www.daraz.lk/products/car-wireless-bluetooth-aux-music-receiver-adapter-with-in-built-microphone-usb-dongle-for-home-speaker-192332231-tecmall-i192332231.html,12/31/24,TRUE,5,අවුලක් නෑ..මේක හොදයි.,Color Family:#2,0,Sinhala,Positive,Product Quality:Positive,Genuine,
electronics,Car Wireless Bluetooth AUX Music Receiver Adapter with in-built Microphone USB Dongle For Home Speaker 192332231 TecMall,https://www.daraz.lk/products/car-wireless-bluetooth-aux-music-receiver-adapter-with-in-built-microphone-usb-dongle-for-home-speaker-192332231-tecmall-i192332231.html,12/5/24,TRUE,5,cant play with phone,Color Family:#2,0,English,Negative,Product Quality:Negative,Genuine,
electronics,Car Wireless Bluetooth AUX Music Receiver Adapter with in-built Microphone USB Dongle For Home Speaker 192332231 TecMall,https://www.daraz.lk/products/car-wireless-bluetooth-aux-music-receiver-adapter-with-in-built-microphone-usb-dongle-for-home-speaker-192332231-tecmall-i192332231.html,11/22/25,TRUE,5,ganata awlak ne vasi,Color Family:Not Specified,0,Singlish,Neutral,Price/Value:Positive,Genuine,
electronics,Car Wireless Bluetooth AUX Music Receiver Adapter with in-built Microphone USB Dongle For Home Speaker 192332231 TecMall,https://www.daraz.lk/products/car-wireless-bluetooth-aux-music-receiver-adapter-with-in-built-microphone-usb-dongle-for-home-speaker-192332231-tecmall-i192332231.html,6/16/24,TRUE,5,"sound is low 
but ok 
recomended 
battery life is good 👍",Color Family:Not Specified,0,English,Neutral,Battery/Performance:Positive; Product Quality:Neutral,Genuine,
electronics,Car Wireless Bluetooth AUX Music Receiver Adapter with in-built Microphone USB Dongle For Home Speaker 192332231 TecMall,https://www.daraz.lk/products/car-wireless-bluetooth-aux-music-receiver-adapter-with-in-built-microphone-usb-dongle-for-home-speaker-192332231-tecmall-i192332231.html,6/3/25,TRUE,5,Good quality thanks,Color Family:#2,0,English,Positive,Product Quality:Positive,Genuine,
electronics,Car Wireless Bluetooth AUX Music Receiver Adapter with in-built Microphone USB Dongle For Home Speaker 192332231 TecMall,https://www.daraz.lk/products/car-wireless-bluetooth-aux-music-receiver-adapter-with-in-built-microphone-usb-dongle-for-home-speaker-192332231-tecmall-i192332231.html,11/27/24,TRUE,5,superb product...,Color Family:#2,0,English,Positive,Product Quality:Positive,Suspicious,
electronics,Car Wireless Bluetooth AUX Music Receiver Adapter with in-built Microphone USB Dongle For Home Speaker 192332231 TecMall,https://www.daraz.lk/products/car-wireless-bluetooth-aux-music-receiver-adapter-with-in-built-microphone-usb-dongle-for-home-speaker-192332231-tecmall-i192332231.html,6/6/26,TRUE,5,நல்லா இருக்கு..,Color Family:#2,0,,,,,
electronics,Car Wireless Bluetooth AUX Music Receiver Adapter with in-built Microphone USB Dongle For Home Speaker 192332231 TecMall,https://www.daraz.lk/products/car-wireless-bluetooth-aux-music-receiver-adapter-with-in-built-microphone-usb-dongle-for-home-speaker-192332231-tecmall-i192332231.html,3/14/25,TRUE,5,Badu hoda 😗👍,Color Family:Not Specified,0,Singlish,Positive,Product Quality:Positive,Genuine,
electronics,Car Wireless Bluetooth AUX Music Receiver Adapter with in-built Microphone USB Dongle For Home Speaker 192332231 TecMall,https://www.daraz.lk/products/car-wireless-bluetooth-aux-music-receiver-adapter-with-in-built-microphone-usb-dongle-for-home-speaker-192332231-tecmall-i192332231.html,3/27/25,TRUE,5,👍 works fine,Color Family:#2,0,English,Positive,Product Quality:Positive,Genuine,
electronics,Car Wireless Bluetooth AUX Music Receiver Adapter with in-built Microphone USB Dongle For Home Speaker 192332231 TecMall,https://www.daraz.lk/products/car-wireless-bluetooth-aux-music-receiver-adapter-with-in-built-microphone-usb-dongle-for-home-speaker-192332231-tecmall-i192332231.html,3/6/25,TRUE,5,good product,Color Family:Not Specified,0,English,Positive,Product Quality:Positive,Suspicious,
electronics,Car Wireless Bluetooth AUX Music Receiver Adapter with in-built Microphone USB Dongle For Home Speaker 192332231 TecMall,https://www.daraz.lk/products/car-wireless-bluetooth-aux-music-receiver-adapter-with-in-built-microphone-usb-dongle-for-home-speaker-192332231-tecmall-i192332231.html,12/7/24,TRUE,5,hodai aulk na,Color Family:#2,0,Singlish,Positive,,Genuine,
electronics,Car Wireless Bluetooth AUX Music Receiver Adapter with in-built Microphone USB Dongle For Home Speaker 192332231 TecMall,https://www.daraz.lk/products/car-wireless-bluetooth-aux-music-receiver-adapter-with-in-built-microphone-usb-dongle-for-home-speaker-192332231-tecmall-i192332231.html,1/16/25,TRUE,5,thanks super,Color Family:Not Specified,0,English,Positive,,Suspicious,
electronics,Car Wireless Bluetooth AUX Music Receiver Adapter with in-built Microphone USB Dongle For Home Speaker 192332231 TecMall,https://www.daraz.lk/products/car-wireless-bluetooth-aux-music-receiver-adapter-with-in-built-microphone-usb-dongle-for-home-speaker-192332231-tecmall-i192332231.html,12/12/24,TRUE,5,good ❤️❤️❤️❤️,Color Family:Not Specified,0,English,Positive,,Suspicious,
electronics,Car Wireless Bluetooth AUX Music Receiver Adapter with in-built Microphone USB Dongle For Home Speaker 192332231 TecMall,https://www.daraz.lk/products/car-wireless-bluetooth-aux-music-receiver-adapter-with-in-built-microphone-usb-dongle-for-home-speaker-192332231-tecmall-i192332231.html,12/29/24,TRUE,5,Good product,Color Family:Not Specified,0,English,Positive,,Suspicious,
electronics,Car Wireless Bluetooth AUX Music Receiver Adapter with in-built Microphone USB Dongle For Home Speaker 192332231 TecMall,https://www.daraz.lk/products/car-wireless-bluetooth-aux-music-receiver-adapter-with-in-built-microphone-usb-dongle-for-home-speaker-192332231-tecmall-i192332231.html,2/13/25,TRUE,5,working well,Color Family:#2,0,English,Positive,Product Quality:Positive,Genuine,
electronics,Car Wireless Bluetooth AUX Music Receiver Adapter with in-built Microphone USB Dongle For Home Speaker 192332231 TecMall,https://www.daraz.lk/products/car-wireless-bluetooth-aux-music-receiver-adapter-with-in-built-microphone-usb-dongle-for-home-speaker-192332231-tecmall-i192332231.html,5/7/25,TRUE,5,not so good.,Color Family:Not Specified,0,English,Negative,,Suspicious,
electronics,Car Wireless Bluetooth AUX Music Receiver Adapter with in-built Microphone USB Dongle For Home Speaker 192332231 TecMall,https://www.daraz.lk/products/car-wireless-bluetooth-aux-music-receiver-adapter-with-in-built-microphone-usb-dongle-for-home-speaker-192332231-tecmall-i192332231.html,5/25/25,TRUE,5,Not working,Color Family:#2,0,English,Negative,Product Quality:Negative,Genuine,
electronics,Car Wireless Bluetooth AUX Music Receiver Adapter with in-built Microphone USB Dongle For Home Speaker 192332231 TecMall,https://www.daraz.lk/products/car-wireless-bluetooth-aux-music-receiver-adapter-with-in-built-microphone-usb-dongle-for-home-speaker-192332231-tecmall-i192332231.html,1/11/25,TRUE,5,බඩු සුපිරි,Color Family:Not Specified,0,Sinhala,Positive,Product Quality:Positive,Suspicious,
electronics,Car Wireless Bluetooth AUX Music Receiver Adapter with in-built Microphone USB Dongle For Home Speaker 192332231 TecMall,https://www.daraz.lk/products/car-wireless-bluetooth-aux-music-receiver-adapter-with-in-built-microphone-usb-dongle-for-home-speaker-192332231-tecmall-i192332231.html,5/8/25,TRUE,5,good job..,වර්ණ කාණ්ඩය:#2,0,English,Positive,,Suspicious,
electronics,Car Wireless Bluetooth AUX Music Receiver Adapter with in-built Microphone USB Dongle For Home Speaker 192332231 TecMall,https://www.daraz.lk/products/car-wireless-bluetooth-aux-music-receiver-adapter-with-in-built-microphone-usb-dongle-for-home-speaker-192332231-tecmall-i192332231.html,8/13/24,TRUE,5,ගොඩක් වටින ගැජට් එකක්,Color Family:Not Specified,0,Sinhala,Positive,Product Quality:Positive,Genuine,
electronics,Car Wireless Bluetooth AUX Music Receiver Adapter with in-built Microphone USB Dongle For Home Speaker 192332231 TecMall,https://www.daraz.lk/products/car-wireless-bluetooth-aux-music-receiver-adapter-with-in-built-microphone-usb-dongle-for-home-speaker-192332231-tecmall-i192332231.html,11/17/25,TRUE,5,Not bad,Color Family:#1,0,English,Neutral,,Genuine,
electronics,Car Wireless Bluetooth AUX Music Receiver Adapter with in-built Microphone USB Dongle For Home Speaker 192332231 TecMall,https://www.daraz.lk/products/car-wireless-bluetooth-aux-music-receiver-adapter-with-in-built-microphone-usb-dongle-for-home-speaker-192332231-tecmall-i192332231.html,5/2/25,TRUE,5,poor,Color Family:#2,0,English,Negative,,Suspicious,
electronics,Car Wireless Bluetooth AUX Music Receiver Adapter with in-built Microphone USB Dongle For Home Speaker 192332231 TecMall,https://www.daraz.lk/products/car-wireless-bluetooth-aux-music-receiver-adapter-with-in-built-microphone-usb-dongle-for-home-speaker-192332231-tecmall-i192332231.html,5/9/26,TRUE,5,good,Color Family:#1,0,English,Positive,,Suspicious,
electronics,Car Wireless Bluetooth AUX Music Receiver Adapter with in-built Microphone USB Dongle For Home Speaker 192332231 TecMall,https://www.daraz.lk/products/car-wireless-bluetooth-aux-music-receiver-adapter-with-in-built-microphone-usb-dongle-for-home-speaker-192332231-tecmall-i192332231.html,10/8/25,TRUE,5,Good,Color Family:Not Specified,0,English,Positive,,Suspicious,
electronics,Car Wireless Bluetooth AUX Music Receiver Adapter with in-built Microphone USB Dongle For Home Speaker 192332231 TecMall,https://www.daraz.lk/products/car-wireless-bluetooth-aux-music-receiver-adapter-with-in-built-microphone-usb-dongle-for-home-speaker-192332231-tecmall-i192332231.html,5/11/25,TRUE,5,good,Color Family:#2,0,English,Positive,,Suspicious,
electronics,Car Wireless Bluetooth AUX Music Receiver Adapter with in-built Microphone USB Dongle For Home Speaker 192332231 TecMall,https://www.daraz.lk/products/car-wireless-bluetooth-aux-music-receiver-adapter-with-in-built-microphone-usb-dongle-for-home-speaker-192332231-tecmall-i192332231.html,9/26/25,TRUE,5,Good ⭐️,Color Family:#2,0,English,Positive,,Suspicious,
electronics,Car Wireless Bluetooth AUX Music Receiver Adapter with in-built Microphone USB Dongle For Home Speaker 192332231 TecMall,https://www.daraz.lk/products/car-wireless-bluetooth-aux-music-receiver-adapter-with-in-built-microphone-usb-dongle-for-home-speaker-192332231-tecmall-i192332231.html,4/26/25,TRUE,5,Good 💸👍,Color Family:#2,0,English,Positive,,Suspicious,
electronics,Car Wireless Bluetooth AUX Music Receiver Adapter with in-built Microphone USB Dongle For Home Speaker 192332231 TecMall,https://www.daraz.lk/products/car-wireless-bluetooth-aux-music-receiver-adapter-with-in-built-microphone-usb-dongle-for-home-speaker-192332231-tecmall-i192332231.html,5/2/25,TRUE,5,Good,Color Family:#2,0,English,Positive,,Suspicious,
electronics,Car Wireless Bluetooth AUX Music Receiver Adapter with in-built Microphone USB Dongle For Home Speaker 192332231 TecMall,https://www.daraz.lk/products/car-wireless-bluetooth-aux-music-receiver-adapter-with-in-built-microphone-usb-dongle-for-home-speaker-192332231-tecmall-i192332231.html,2/14/25,TRUE,5,Good,Color Family:Not Specified,0,English,Positive,,Suspicious,
electronics,Car Wireless Bluetooth AUX Music Receiver Adapter with in-built Microphone USB Dongle For Home Speaker 192332231 TecMall,https://www.daraz.lk/products/car-wireless-bluetooth-aux-music-receiver-adapter-with-in-built-microphone-usb-dongle-for-home-speaker-192332231-tecmall-i192332231.html,5/22/25,TRUE,5,good,Color Family:Not Specified,0,English,Positive,,Suspicious,
electronics,Car Wireless Bluetooth AUX Music Receiver Adapter with in-built Microphone USB Dongle For Home Speaker 192332231 TecMall,https://www.daraz.lk/products/car-wireless-bluetooth-aux-music-receiver-adapter-with-in-built-microphone-usb-dongle-for-home-speaker-192332231-tecmall-i192332231.html,7/4/25,TRUE,5,good,Color Family:Not Specified,0,English,Positive,,Suspicious,
electronics,Car Wireless Bluetooth AUX Music Receiver Adapter with in-built Microphone USB Dongle For Home Speaker 192332231 TecMall,https://www.daraz.lk/products/car-wireless-bluetooth-aux-music-receiver-adapter-with-in-built-microphone-usb-dongle-for-home-speaker-192332231-tecmall-i192332231.html,9/25/25,TRUE,5,good..,Color Family:Not Specified,0,English,Positive,,Suspicious,
electronics,Car Wireless Bluetooth AUX Music Receiver Adapter with in-built Microphone USB Dongle For Home Speaker 192332231 TecMall,https://www.daraz.lk/products/car-wireless-bluetooth-aux-music-receiver-adapter-with-in-built-microphone-usb-dongle-for-home-speaker-192332231-tecmall-i192332231.html,6/20/26,TRUE,5,RECIVED,Color Family:#1,0,English,Positive,,Suspicious,
electronics,Car Wireless Bluetooth AUX Music Receiver Adapter with in-built Microphone USB Dongle For Home Speaker 192332231 TecMall,https://www.daraz.lk/products/car-wireless-bluetooth-aux-music-receiver-adapter-with-in-built-microphone-usb-dongle-for-home-speaker-192332231-tecmall-i192332231.html,4/27/26,TRUE,5,good,Color Family:#1,0,English,Positive,,Suspicious,
electronics,Car Wireless Bluetooth AUX Music Receiver Adapter with in-built Microphone USB Dongle For Home Speaker 192332231 TecMall,https://www.daraz.lk/products/car-wireless-bluetooth-aux-music-receiver-adapter-with-in-built-microphone-usb-dongle-for-home-speaker-192332231-tecmall-i192332231.html,3/14/25,TRUE,5,Good,Color Family:#2,0,English,Positive,,Suspicious,
electronics,Car Wireless Bluetooth AUX Music Receiver Adapter with in-built Microphone USB Dongle For Home Speaker 192332231 TecMall,https://www.daraz.lk/products/car-wireless-bluetooth-aux-music-receiver-adapter-with-in-built-microphone-usb-dongle-for-home-speaker-192332231-tecmall-i192332231.html,2/16/25,TRUE,5,Super,Color Family:Not Specified,0,English,Positive,,Suspicious,
electronics,Car Wireless Bluetooth AUX Music Receiver Adapter with in-built Microphone USB Dongle For Home Speaker 192332231 TecMall,https://www.daraz.lk/products/car-wireless-bluetooth-aux-music-receiver-adapter-with-in-built-microphone-usb-dongle-for-home-speaker-192332231-tecmall-i192332231.html,9/5/24,TRUE,5,මිලට වටිනවා,Color Family:Not Specified,0,Sinhala,Positive,Price/Value:Positive,Genuine,
electronics,Car Wireless Bluetooth AUX Music Receiver Adapter with in-built Microphone USB Dongle For Home Speaker 192332231 TecMall,https://www.daraz.lk/products/car-wireless-bluetooth-aux-music-receiver-adapter-with-in-built-microphone-usb-dongle-for-home-speaker-192332231-tecmall-i192332231.html,8/26/24,TRUE,5,wadakna,Color Family:Not Specified,0,Singlish,Negative,,Genuine,
electronics,Car Wireless Bluetooth AUX Music Receiver Adapter with in-built Microphone USB Dongle For Home Speaker 192332231 TecMall,https://www.daraz.lk/products/car-wireless-bluetooth-aux-music-receiver-adapter-with-in-built-microphone-usb-dongle-for-home-speaker-192332231-tecmall-i192332231.html,7/16/24,TRUE,5,good thank u 👍👍👍,Color Family:Not Specified,0,English,Positive,,Suspicious,
electronics,Car Wireless Bluetooth AUX Music Receiver Adapter with in-built Microphone USB Dongle For Home Speaker 192332231 TecMall,https://www.daraz.lk/products/car-wireless-bluetooth-aux-music-receiver-adapter-with-in-built-microphone-usb-dongle-for-home-speaker-192332231-tecmall-i192332231.html,6/15/25,TRUE,3,no instructions given how to operate the microphone. I am at a loss to unable to make use of it,Color Family:#2,0,English,Negative,Product Quality:Negative,Genuine,
electronics,Car Wireless Bluetooth AUX Music Receiver Adapter with in-built Microphone USB Dongle For Home Speaker 192332231 TecMall,https://www.daraz.lk/products/car-wireless-bluetooth-aux-music-receiver-adapter-with-in-built-microphone-usb-dongle-for-home-speaker-192332231-tecmall-i192332231.html,6/19/24,TRUE,5,"Works as it says , great one .",Color Family:#2,0,English,Positive,Product Quality:Positive,Genuine,
electronics,Car Wireless Bluetooth AUX Music Receiver Adapter with in-built Microphone USB Dongle For Home Speaker 192332231 TecMall,https://www.daraz.lk/products/car-wireless-bluetooth-aux-music-receiver-adapter-with-in-built-microphone-usb-dongle-for-home-speaker-192332231-tecmall-i192332231.html,7/26/24,TRUE,5,good,Color Family:Not Specified,0,English,Positive,,Suspicious,
electronics,Car Wireless Bluetooth AUX Music Receiver Adapter with in-built Microphone USB Dongle For Home Speaker 192332231 TecMall,https://www.daraz.lk/products/car-wireless-bluetooth-aux-music-receiver-adapter-with-in-built-microphone-usb-dongle-for-home-speaker-192332231-tecmall-i192332231.html,5/28/24,TRUE,5,Good product just plug and play ▶,Color Family:Not Specified,1,English,Positive,Product Quality:Positive,Genuine,
electronics,Car Wireless Bluetooth AUX Music Receiver Adapter with in-built Microphone USB Dongle For Home Speaker 192332231 TecMall,https://www.daraz.lk/products/car-wireless-bluetooth-aux-music-receiver-adapter-with-in-built-microphone-usb-dongle-for-home-speaker-192332231-tecmall-i192332231.html,7/15/24,TRUE,5,good,Color Family:#3,0,English,Positive,,Suspicious,
electronics,Car Wireless Bluetooth AUX Music Receiver Adapter with in-built Microphone USB Dongle For Home Speaker 192332231 TecMall,https://www.daraz.lk/products/car-wireless-bluetooth-aux-music-receiver-adapter-with-in-built-microphone-usb-dongle-for-home-speaker-192332231-tecmall-i192332231.html,6/6/24,TRUE,1,not charging,Color Family:Not Specified,1,English,Negative,Product Quality:Negative,Genuine,
electronics,Car Wireless Bluetooth AUX Music Receiver Adapter with in-built Microphone USB Dongle For Home Speaker 192332231 TecMall,https://www.daraz.lk/products/car-wireless-bluetooth-aux-music-receiver-adapter-with-in-built-microphone-usb-dongle-for-home-speaker-192332231-tecmall-i192332231.html,5/11/24,TRUE,5,good item.work properly.,Color Family:#2,0,English,Positive,Product Quality:Positive,Genuine,
electronics,Car Wireless Bluetooth AUX Music Receiver Adapter with in-built Microphone USB Dongle For Home Speaker 192332231 TecMall,https://www.daraz.lk/products/car-wireless-bluetooth-aux-music-receiver-adapter-with-in-built-microphone-usb-dongle-for-home-speaker-192332231-tecmall-i192332231.html,3/22/24,TRUE,5,really good product would recommend it to anyone,Color Family:Not Specified,0,English,Positive,Product Quality:Positive,Genuine,
electronics,Car Wireless Bluetooth AUX Music Receiver Adapter with in-built Microphone USB Dongle For Home Speaker 192332231 TecMall,https://www.daraz.lk/products/car-wireless-bluetooth-aux-music-receiver-adapter-with-in-built-microphone-usb-dongle-for-home-speaker-192332231-tecmall-i192332231.html,6/3/24,TRUE,5,Excellent Product,Color Family:Not Specified,0,English,Positive,Product Quality:Positive,Genuine,
electronics,Car Wireless Bluetooth AUX Music Receiver Adapter with in-built Microphone USB Dongle For Home Speaker 192332231 TecMall,https://www.daraz.lk/products/car-wireless-bluetooth-aux-music-receiver-adapter-with-in-built-microphone-usb-dongle-for-home-speaker-192332231-tecmall-i192332231.html,4/3/24,TRUE,5,so far works without a problem,Color Family:Not Specified,0,English,Positive,Product Quality:Positive,Genuine,
electronics,Car Wireless Bluetooth AUX Music Receiver Adapter with in-built Microphone USB Dongle For Home Speaker 192332231 TecMall,https://www.daraz.lk/products/car-wireless-bluetooth-aux-music-receiver-adapter-with-in-built-microphone-usb-dongle-for-home-speaker-192332231-tecmall-i192332231.html,3/19/25,TRUE,3,Average Quality A sound of doodling without connecting,Color Family:#2,0,English,Neutral,Product Quality:Neutral,Genuine,
electronics,Car Wireless Bluetooth AUX Music Receiver Adapter with in-built Microphone USB Dongle For Home Speaker 192332231 TecMall,https://www.daraz.lk/products/car-wireless-bluetooth-aux-music-receiver-adapter-with-in-built-microphone-usb-dongle-for-home-speaker-192332231-tecmall-i192332231.html,12/31/25,TRUE,5,,Color Family:#1,0,,,,,
electronics,Car Wireless Bluetooth AUX Music Receiver Adapter with in-built Microphone USB Dongle For Home Speaker 192332231 TecMall,https://www.daraz.lk/products/car-wireless-bluetooth-aux-music-receiver-adapter-with-in-built-microphone-usb-dongle-for-home-speaker-192332231-tecmall-i192332231.html,1/13/26,TRUE,5,,Color Family:#1,0,,,,,
electronics,Car Wireless Bluetooth AUX Music Receiver Adapter with in-built Microphone USB Dongle For Home Speaker 192332231 TecMall,https://www.daraz.lk/products/car-wireless-bluetooth-aux-music-receiver-adapter-with-in-built-microphone-usb-dongle-for-home-speaker-192332231-tecmall-i192332231.html,4/15/24,TRUE,5,good  product,Color Family:Not Specified,0,English,Positive,Product Quality:Positive,Suspicious,
electronics,Car Wireless Bluetooth AUX Music Receiver Adapter with in-built Microphone USB Dongle For Home Speaker 192332231 TecMall,https://www.daraz.lk/products/car-wireless-bluetooth-aux-music-receiver-adapter-with-in-built-microphone-usb-dongle-for-home-speaker-192332231-tecmall-i192332231.html,4/5/24,TRUE,4,Got the good 👍,Color Family:#2,0,English,Positive,,Suspicious,
electronics,Car Wireless Bluetooth AUX Music Receiver Adapter with in-built Microphone USB Dongle For Home Speaker 192332231 TecMall,https://www.daraz.lk/products/car-wireless-bluetooth-aux-music-receiver-adapter-with-in-built-microphone-usb-dongle-for-home-speaker-192332231-tecmall-i192332231.html,2/13/24,TRUE,5,hodata wada karanawa.ikmanata labuna.,Color Family:Not Specified,0,Singlish,Positive,Product Quality:Positive; Delivery/Shipping:Positive,Genuine,
electronics,Car Wireless Bluetooth AUX Music Receiver Adapter with in-built Microphone USB Dongle For Home Speaker 192332231 TecMall,https://www.daraz.lk/products/car-wireless-bluetooth-aux-music-receiver-adapter-with-in-built-microphone-usb-dongle-for-home-speaker-192332231-tecmall-i192332231.html,1/24/24,TRUE,1,,Color Family:Not Specified,1,,,,,
electronics,Car Wireless Bluetooth AUX Music Receiver Adapter with in-built Microphone USB Dongle For Home Speaker 192332231 TecMall,https://www.daraz.lk/products/car-wireless-bluetooth-aux-music-receiver-adapter-with-in-built-microphone-usb-dongle-for-home-speaker-192332231-tecmall-i192332231.html,1/23/24,TRUE,5,usefull,Color Family:Not Specified,0,English,Positive,,Suspicious,
electronics,Car Wireless Bluetooth AUX Music Receiver Adapter with in-built Microphone USB Dongle For Home Speaker 192332231 TecMall,https://www.daraz.lk/products/car-wireless-bluetooth-aux-music-receiver-adapter-with-in-built-microphone-usb-dongle-for-home-speaker-192332231-tecmall-i192332231.html,8/24/24,TRUE,3,low volume not recommend,Color Family:Not Specified,0,English,Negative,Product Quality:Negative,Genuine,
electronics,Car Wireless Bluetooth AUX Music Receiver Adapter with in-built Microphone USB Dongle For Home Speaker 192332231 TecMall,https://www.daraz.lk/products/car-wireless-bluetooth-aux-music-receiver-adapter-with-in-built-microphone-usb-dongle-for-home-speaker-192332231-tecmall-i192332231.html,3/15/25,TRUE,1,I received but not satisfied because it's to much saunds coming that gaget I don't know it's working or not any way if not working I will throw 😢,Color Family:Not Specified,0,English,Negative,Product Quality:Negative,Genuine,
electronics,Car Wireless Bluetooth AUX Music Receiver Adapter with in-built Microphone USB Dongle For Home Speaker 192332231 TecMall,https://www.daraz.lk/products/car-wireless-bluetooth-aux-music-receiver-adapter-with-in-built-microphone-usb-dongle-for-home-speaker-192332231-tecmall-i192332231.html,6/15/24,TRUE,3,value of the price,Color Family:Not Specified,0,English,Positive,Price/Value:Positive,Genuine,
electronics,Car Wireless Bluetooth AUX Music Receiver Adapter with in-built Microphone USB Dongle For Home Speaker 192332231 TecMall,https://www.daraz.lk/products/car-wireless-bluetooth-aux-music-receiver-adapter-with-in-built-microphone-usb-dongle-for-home-speaker-192332231-tecmall-i192332231.html,6/28/24,TRUE,1,අය්යෝ මේක වැඩ කරන්නේ නෑනේ. බැටරි එක චාජ් කරද්දී on වෙනවා. චාජර් එක ගලවපුවාම on වෙන්නේ නෑ. මේක මාරු කරන්න පුළුවන් ද??,Color Family:Not Specified,0,Sinhala,Negative,Product Quality:Negative; Battery/Performance:Negative,Genuine,
electronics,Car Wireless Bluetooth AUX Music Receiver Adapter with in-built Microphone USB Dongle For Home Speaker 192332231 TecMall,https://www.daraz.lk/products/car-wireless-bluetooth-aux-music-receiver-adapter-with-in-built-microphone-usb-dongle-for-home-speaker-192332231-tecmall-i192332231.html,5/23/24,TRUE,3,not Bad,Color Family:Not Specified,0,English,Neutral,,Suspicious,
electronics,Car Wireless Bluetooth AUX Music Receiver Adapter with in-built Microphone USB Dongle For Home Speaker 192332231 TecMall,https://www.daraz.lk/products/car-wireless-bluetooth-aux-music-receiver-adapter-with-in-built-microphone-usb-dongle-for-home-speaker-192332231-tecmall-i192332231.html,6/26/24,TRUE,1,Melo wedak nha. Weda karane nha. Badu aweth aduwe. Gana epa kawuruth,Color Family:#2,0,Singlish,Negative,Product Quality:Negative,Genuine,
electronics,Car Wireless Bluetooth AUX Music Receiver Adapter with in-built Microphone USB Dongle For Home Speaker 192332231 TecMall,https://www.daraz.lk/products/car-wireless-bluetooth-aux-music-receiver-adapter-with-in-built-microphone-usb-dongle-for-home-speaker-192332231-tecmall-i192332231.html,10/22/24,TRUE,1,වැඩක් නෑ දවස් 2යි use kare කැඩුනා.,Color Family:Not Specified,1,Sinhala,Negative,Product Quality:Negative,Genuine,
electronics,Car Wireless Bluetooth AUX Music Receiver Adapter with in-built Microphone USB Dongle For Home Speaker 192332231 TecMall,https://www.daraz.lk/products/car-wireless-bluetooth-aux-music-receiver-adapter-with-in-built-microphone-usb-dongle-for-home-speaker-192332231-tecmall-i192332231.html,6/15/24,TRUE,1,the product not working . asked to return . no proper reply,Color Family:#2,0,English,Negative,Product Quality:Negative; Seller Service:Negative,Genuine,
electronics,Car Wireless Bluetooth AUX Music Receiver Adapter with in-built Microphone USB Dongle For Home Speaker 192332231 TecMall,https://www.daraz.lk/products/car-wireless-bluetooth-aux-music-receiver-adapter-with-in-built-microphone-usb-dongle-for-home-speaker-192332231-tecmall-i192332231.html,3/8/25,TRUE,1,"Not connected to car.
Very bad",Color Family:Not Specified,0,English,Negative,Product Quality:Negative,Genuine,
electronics,Car Wireless Bluetooth AUX Music Receiver Adapter with in-built Microphone USB Dongle For Home Speaker 192332231 TecMall,https://www.daraz.lk/products/car-wireless-bluetooth-aux-music-receiver-adapter-with-in-built-microphone-usb-dongle-for-home-speaker-192332231-tecmall-i192332231.html,6/12/24,TRUE,1,just used for 3 days now it's not working don't buy this,Color Family:Not Specified,0,English,Negative,Product Quality:Negative,Genuine,
electronics,Car Wireless Bluetooth AUX Music Receiver Adapter with in-built Microphone USB Dongle For Home Speaker 192332231 TecMall,https://www.daraz.lk/products/car-wireless-bluetooth-aux-music-receiver-adapter-with-in-built-microphone-usb-dongle-for-home-speaker-192332231-tecmall-i192332231.html,5/25/24,TRUE,5,,Color Family:Not Specified,0,,,,,
electronics,Car Wireless Bluetooth AUX Music Receiver Adapter with in-built Microphone USB Dongle For Home Speaker 192332231 TecMall,https://www.daraz.lk/products/car-wireless-bluetooth-aux-music-receiver-adapter-with-in-built-microphone-usb-dongle-for-home-speaker-192332231-tecmall-i192332231.html,12/16/24,TRUE,1,not working well ...,Color Family:Not Specified,0,English,Negative,Product Quality:Negative,Genuine,
electronics,Car Wireless Bluetooth AUX Music Receiver Adapter with in-built Microphone USB Dongle For Home Speaker 192332231 TecMall,https://www.daraz.lk/products/car-wireless-bluetooth-aux-music-receiver-adapter-with-in-built-microphone-usb-dongle-for-home-speaker-192332231-tecmall-i192332231.html,5/2/25,TRUE,1,Support karanne ne,වර්ණ කාණ්ඩය:#2,0,Singlish,Negative,Product Quality:Negative,Genuine,
electronics,Car Wireless Bluetooth AUX Music Receiver Adapter with in-built Microphone USB Dongle For Home Speaker 192332231 TecMall,https://www.daraz.lk/products/car-wireless-bluetooth-aux-music-receiver-adapter-with-in-built-microphone-usb-dongle-for-home-speaker-192332231-tecmall-i192332231.html,10/26/24,TRUE,1,Device not working,Color Family:#2,0,English,Negative,Product Quality:Negative,Genuine,
electronics,Car Wireless Bluetooth AUX Music Receiver Adapter with in-built Microphone USB Dongle For Home Speaker 192332231 TecMall,https://www.daraz.lk/products/car-wireless-bluetooth-aux-music-receiver-adapter-with-in-built-microphone-usb-dongle-for-home-speaker-192332231-tecmall-i192332231.html,7/26/24,TRUE,1,Very Poor Doesn't work or support,Color Family:Not Specified,0,English,Negative,Product Quality:Negative,Genuine,
electronics,Car Wireless Bluetooth AUX Music Receiver Adapter with in-built Microphone USB Dongle For Home Speaker 192332231 TecMall,https://www.daraz.lk/products/car-wireless-bluetooth-aux-music-receiver-adapter-with-in-built-microphone-usb-dongle-for-home-speaker-192332231-tecmall-i192332231.html,6/24/24,TRUE,1,melo wadak na connect wenneth na salli aparade,Color Family:#2,0,Singlish,Negative,Product Quality:Negative; Price/Value:Negative,Genuine,
electronics,Car Wireless Bluetooth AUX Music Receiver Adapter with in-built Microphone USB Dongle For Home Speaker 192332231 TecMall,https://www.daraz.lk/products/car-wireless-bluetooth-aux-music-receiver-adapter-with-in-built-microphone-usb-dongle-for-home-speaker-192332231-tecmall-i192332231.html,3/5/24,TRUE,1,Sound කැඩි කැඩි ඇහෙන්නේ connect කරාම. Totally disappointed with the product .,Color Family:Not Specified,0,Mixed,Negative,Product Quality:Negative,Genuine,
electronics,Car Wireless Bluetooth AUX Music Receiver Adapter with in-built Microphone USB Dongle For Home Speaker 192332231 TecMall,https://www.daraz.lk/products/car-wireless-bluetooth-aux-music-receiver-adapter-with-in-built-microphone-usb-dongle-for-home-speaker-192332231-tecmall-i192332231.html,10/1/24,TRUE,1,this is bad 👎,Color Family:#2,0,English,Negative,,Suspicious,
electronics,Car Wireless Bluetooth AUX Music Receiver Adapter with in-built Microphone USB Dongle For Home Speaker 192332231 TecMall,https://www.daraz.lk/products/car-wireless-bluetooth-aux-music-receiver-adapter-with-in-built-microphone-usb-dongle-for-home-speaker-192332231-tecmall-i192332231.html,5/13/25,TRUE,1,Poor product,Color Family:Not Specified,0,English,Negative,,Suspicious,
electronics,Car Wireless Bluetooth AUX Music Receiver Adapter with in-built Microphone USB Dongle For Home Speaker 192332231 TecMall,https://www.daraz.lk/products/car-wireless-bluetooth-aux-music-receiver-adapter-with-in-built-microphone-usb-dongle-for-home-speaker-192332231-tecmall-i192332231.html,12/31/24,TRUE,2,Bad,Color Family:#2,0,English,Negative,,Suspicious,
electronics,Car Wireless Bluetooth AUX Music Receiver Adapter with in-built Microphone USB Dongle For Home Speaker 192332231 TecMall,https://www.daraz.lk/products/car-wireless-bluetooth-aux-music-receiver-adapter-with-in-built-microphone-usb-dongle-for-home-speaker-192332231-tecmall-i192332231.html,12/12/24,TRUE,2,#win,Color Family:Not Specified,0,English,,,Suspicious,
electronics,Car Wireless Bluetooth AUX Music Receiver Adapter with in-built Microphone USB Dongle For Home Speaker 192332231 TecMall,https://www.daraz.lk/products/car-wireless-bluetooth-aux-music-receiver-adapter-with-in-built-microphone-usb-dongle-for-home-speaker-192332231-tecmall-i192332231.html,7/10/24,TRUE,2,low sound,Color Family:Not Specified,0,English,Negative,Product Quality:Negative,Genuine,
electronics,Car Wireless Bluetooth AUX Music Receiver Adapter with in-built Microphone USB Dongle For Home Speaker 192332231 TecMall,https://www.daraz.lk/products/car-wireless-bluetooth-aux-music-receiver-adapter-with-in-built-microphone-usb-dongle-for-home-speaker-192332231-tecmall-i192332231.html,6/27/24,TRUE,1,wast of money,Color Family:#2,0,English,Negative,Price/Value:Negative,Genuine,
electronics,Car Wireless Bluetooth AUX Music Receiver Adapter with in-built Microphone USB Dongle For Home Speaker 192332231 TecMall,https://www.daraz.lk/products/car-wireless-bluetooth-aux-music-receiver-adapter-with-in-built-microphone-usb-dongle-for-home-speaker-192332231-tecmall-i192332231.html,6/28/24,TRUE,1,bad battery life 👎,Color Family:Not Specified,0,English,Negative,Battery/Performance:Negative,Genuine,
electronics,Car Wireless Bluetooth AUX Music Receiver Adapter with in-built Microphone USB Dongle For Home Speaker 192332231 TecMall,https://www.daraz.lk/products/car-wireless-bluetooth-aux-music-receiver-adapter-with-in-built-microphone-usb-dongle-for-home-speaker-192332231-tecmall-i192332231.html,6/20/24,TRUE,1,low quality,Color Family:Not Specified,0,English,Negative,Product Quality:Negative,Genuine,
electronics,Car Wireless Bluetooth AUX Music Receiver Adapter with in-built Microphone USB Dongle For Home Speaker 192332231 TecMall,https://www.daraz.lk/products/car-wireless-bluetooth-aux-music-receiver-adapter-with-in-built-microphone-usb-dongle-for-home-speaker-192332231-tecmall-i192332231.html,6/16/24,TRUE,1,No good,Color Family:Not Specified,0,English,Negative,,Suspicious,
electronics,Car Wireless Bluetooth AUX Music Receiver Adapter with in-built Microphone USB Dongle For Home Speaker 192332231 TecMall,https://www.daraz.lk/products/car-wireless-bluetooth-aux-music-receiver-adapter-with-in-built-microphone-usb-dongle-for-home-speaker-192332231-tecmall-i192332231.html,6/9/24,TRUE,1,not working,Color Family:Not Specified,0,English,Negative,Product Quality:Negative,Genuine,
electronics,Car Wireless Bluetooth AUX Music Receiver Adapter with in-built Microphone USB Dongle For Home Speaker 192332231 TecMall,https://www.daraz.lk/products/car-wireless-bluetooth-aux-music-receiver-adapter-with-in-built-microphone-usb-dongle-for-home-speaker-192332231-tecmall-i192332231.html,5/28/24,TRUE,1,items not working,Color Family:#2,0,English,Negative,Product Quality:Negative,Genuine,
electronics,Car Wireless Bluetooth AUX Music Receiver Adapter with in-built Microphone USB Dongle For Home Speaker 192332231 TecMall,https://www.daraz.lk/products/car-wireless-bluetooth-aux-music-receiver-adapter-with-in-built-microphone-usb-dongle-for-home-speaker-192332231-tecmall-i192332231.html,4/18/24,TRUE,1,වැඩකරන් නැහැ,වර්ණ කාණ්ඩය:#2,0,Sinhala,Negative,Product Quality:Negative,Genuine,
electronics,MP3 Music Media Player with Great Sound With Micro TF/SD Card Slot sport mp3 Music Mini Portable USB MP3 Player Mini Clip MP3 Waterproof Sport Compact Metal Mp3 Music Player,https://www.daraz.lk/products/mp3-music-media-player-with-great-sound-with-micro-tfsd-card-slot-sport-mp3-music-mini-portable-usb-mp3-player-mini-clip-mp3-waterproof-sport-compact-metal-mp3-music-player-i193878579.html,12/18/25,TRUE,5,"godak hodayi me ganata..
earphones nam wadak na.eth overall gaththama me 

ganata watinawa.. hamoma ganna.. seller godak udaw karanawa chat respond niyamayi

mekata wada karanne 16GB pahala SD card witharayi.. e kiyanne 2GB,4GB,8GB wage SD card",Color Family:Orange,3,Singlish,Neutral,Product Quality:Negative; Price/Value:Positive; Seller Service:Positive,Genuine,
electronics,MP3 Music Media Player with Great Sound With Micro TF/SD Card Slot sport mp3 Music Mini Portable USB MP3 Player Mini Clip MP3 Waterproof Sport Compact Metal Mp3 Music Player,https://www.daraz.lk/products/mp3-music-media-player-with-great-sound-with-micro-tfsd-card-slot-sport-mp3-music-mini-portable-usb-mp3-player-mini-clip-mp3-waterproof-sport-compact-metal-mp3-music-player-i193878579.html,5/23/26,TRUE,5,Quality is really good. Earphone is working really well I really like this. worthy for price!,Color Family:Black,0,English,Positive,Product Quality:Positive; Price/Value:Positive,Genuine,
electronics,MP3 Music Media Player with Great Sound With Micro TF/SD Card Slot sport mp3 Music Mini Portable USB MP3 Player Mini Clip MP3 Waterproof Sport Compact Metal Mp3 Music Player,https://www.daraz.lk/products/mp3-music-media-player-with-great-sound-with-micro-tfsd-card-slot-sport-mp3-music-mini-portable-usb-mp3-player-mini-clip-mp3-waterproof-sport-compact-metal-mp3-music-player-i193878579.html,6/6/26,TRUE,5,kiyanna aulak na godak hodai sound quality hodata Dala davas 2ken ava baya natuva ganna,Color Family:Black,0,Singlish,Positive,Product Quality:Positive; Delivery/Shipping:Positive,Genuine,
electronics,MP3 Music Media Player with Great Sound With Micro TF/SD Card Slot sport mp3 Music Mini Portable USB MP3 Player Mini Clip MP3 Waterproof Sport Compact Metal Mp3 Music Player,https://www.daraz.lk/products/mp3-music-media-player-with-great-sound-with-micro-tfsd-card-slot-sport-mp3-music-mini-portable-usb-mp3-player-mini-clip-mp3-waterproof-sport-compact-metal-mp3-music-player-i193878579.html,6/12/25,TRUE,5,ටිකක් පොඩි...අවුලක් නෑ...ගානට හොදයි..SD card එකක් නම් හම්බුන්නෑ...ඔයාලත් ගන්න...,Color Family:Blue,3,Sinhala,Neutral,Product Quality:Neutral; Price/Value:Positive,Genuine,
electronics,MP3 Music Media Player with Great Sound With Micro TF/SD Card Slot sport mp3 Music Mini Portable USB MP3 Player Mini Clip MP3 Waterproof Sport Compact Metal Mp3 Music Player,https://www.daraz.lk/products/mp3-music-media-player-with-great-sound-with-micro-tfsd-card-slot-sport-mp3-music-mini-portable-usb-mp3-player-mini-clip-mp3-waterproof-sport-compact-metal-mp3-music-player-i193878579.html,6/26/26,TRUE,5,Order කරේ නම් black colour එක. ඒත් ආවෙ නිල්. product එකේ අවුලක් නැහැ. 100%❤️🙏,Color Family:Black,0,Sinhala,Neutral,Product Quality:Positive; Seller Service:Neutral,Genuine,
electronics,MP3 Music Media Player with Great Sound With Micro TF/SD Card Slot sport mp3 Music Mini Portable USB MP3 Player Mini Clip MP3 Waterproof Sport Compact Metal Mp3 Music Player,https://www.daraz.lk/products/mp3-music-media-player-with-great-sound-with-micro-tfsd-card-slot-sport-mp3-music-mini-portable-usb-mp3-player-mini-clip-mp3-waterproof-sport-compact-metal-mp3-music-player-i193878579.html,12/18/23,TRUE,5,The best product i had ever received by daraz.Highly recommended,Color Family:Red,10,English,Positive,Product Quality:Positive,Genuine,
electronics,MP3 Music Media Player with Great Sound With Micro TF/SD Card Slot sport mp3 Music Mini Portable USB MP3 Player Mini Clip MP3 Waterproof Sport Compact Metal Mp3 Music Player,https://www.daraz.lk/products/mp3-music-media-player-with-great-sound-with-micro-tfsd-card-slot-sport-mp3-music-mini-portable-usb-mp3-player-mini-clip-mp3-waterproof-sport-compact-metal-mp3-music-player-i193878579.html,9/7/25,TRUE,5,"good condition , got a charger and a pair of wired ear buds, good sound",Color Family:Green,2,English,Positive,Product Quality:Positive,Genuine,
electronics,MP3 Music Media Player with Great Sound With Micro TF/SD Card Slot sport mp3 Music Mini Portable USB MP3 Player Mini Clip MP3 Waterproof Sport Compact Metal Mp3 Music Player,https://www.daraz.lk/products/mp3-music-media-player-with-great-sound-with-micro-tfsd-card-slot-sport-mp3-music-mini-portable-usb-mp3-player-mini-clip-mp3-waterproof-sport-compact-metal-mp3-music-player-i193878579.html,12/30/25,TRUE,5,ගානට වටිනවා..දවස් 5න් ආවා..බැටරියෙත් ලොකු අවුලක් නෑ..බය නැතුව ගන්න,Color Family:Black LCD Display,0,Sinhala,Positive,Price/Value:Positive; Delivery/Shipping:Positive; Battery/Performance:Positive,Genuine,
electronics,MP3 Music Media Player with Great Sound With Micro TF/SD Card Slot sport mp3 Music Mini Portable USB MP3 Player Mini Clip MP3 Waterproof Sport Compact Metal Mp3 Music Player,https://www.daraz.lk/products/mp3-music-media-player-with-great-sound-with-micro-tfsd-card-slot-sport-mp3-music-mini-portable-usb-mp3-player-mini-clip-mp3-waterproof-sport-compact-metal-mp3-music-player-i193878579.html,10/25/25,TRUE,5,superi.baya nathuwa ganna puluwan.highly recommend.,Color Family:Pink,1,Singlish,Positive,Product Quality:Positive,Genuine,
electronics,MP3 Music Media Player with Great Sound With Micro TF/SD Card Slot sport mp3 Music Mini Portable USB MP3 Player Mini Clip MP3 Waterproof Sport Compact Metal Mp3 Music Player,https://www.daraz.lk/products/mp3-music-media-player-with-great-sound-with-micro-tfsd-card-slot-sport-mp3-music-mini-portable-usb-mp3-player-mini-clip-mp3-waterproof-sport-compact-metal-mp3-music-player-i193878579.html,6/6/26,TRUE,5,sound හිතුවට වඩා ගොඩක් හොඳයි..cute product 😘😘,Color Family:Silver,0,Sinhala,Positive,Product Quality:Positive,Genuine,
electronics,MP3 Music Media Player with Great Sound With Micro TF/SD Card Slot sport mp3 Music Mini Portable USB MP3 Player Mini Clip MP3 Waterproof Sport Compact Metal Mp3 Music Player,https://www.daraz.lk/products/mp3-music-media-player-with-great-sound-with-micro-tfsd-card-slot-sport-mp3-music-mini-portable-usb-mp3-player-mini-clip-mp3-waterproof-sport-compact-metal-mp3-music-player-i193878579.html,12/22/24,TRUE,5,It worth for this money.Good product.,Color Family:Black,2,English,Positive,Product Quality:Positive; Price/Value:Positive,Genuine,
electronics,MP3 Music Media Player with Great Sound With Micro TF/SD Card Slot sport mp3 Music Mini Portable USB MP3 Player Mini Clip MP3 Waterproof Sport Compact Metal Mp3 Music Player,https://www.daraz.lk/products/mp3-music-media-player-with-great-sound-with-micro-tfsd-card-slot-sport-mp3-music-mini-portable-usb-mp3-player-mini-clip-mp3-waterproof-sport-compact-metal-mp3-music-player-i193878579.html,11/14/24,TRUE,5,"Good product 
Worth for money",Color Family:Black,2,English,Positive,Product Quality:Positive; Price/Value:Positive,Genuine,
electronics,MP3 Music Media Player with Great Sound With Micro TF/SD Card Slot sport mp3 Music Mini Portable USB MP3 Player Mini Clip MP3 Waterproof Sport Compact Metal Mp3 Music Player,https://www.daraz.lk/products/mp3-music-media-player-with-great-sound-with-micro-tfsd-card-slot-sport-mp3-music-mini-portable-usb-mp3-player-mini-clip-mp3-waterproof-sport-compact-metal-mp3-music-player-i193878579.html,10/4/24,TRUE,5,good packing😎 nice prodect,Color Family:Black,2,English,Positive,Product Quality:Positive; Packaging:Positive,Genuine,
electronics,MP3 Music Media Player with Great Sound With Micro TF/SD Card Slot sport mp3 Music Mini Portable USB MP3 Player Mini Clip MP3 Waterproof Sport Compact Metal Mp3 Music Player,https://www.daraz.lk/products/mp3-music-media-player-with-great-sound-with-micro-tfsd-card-slot-sport-mp3-music-mini-portable-usb-mp3-player-mini-clip-mp3-waterproof-sport-compact-metal-mp3-music-player-i193878579.html,12/8/23,TRUE,4,good product...,වර්ණ කාණ්ඩය:රතු,9,English,Positive,Product Quality:Positive,Suspicious,
electronics,MP3 Music Media Player with Great Sound With Micro TF/SD Card Slot sport mp3 Music Mini Portable USB MP3 Player Mini Clip MP3 Waterproof Sport Compact Metal Mp3 Music Player,https://www.daraz.lk/products/mp3-music-media-player-with-great-sound-with-micro-tfsd-card-slot-sport-mp3-music-mini-portable-usb-mp3-player-mini-clip-mp3-waterproof-sport-compact-metal-mp3-music-player-i193878579.html,1/2/25,TRUE,5,Waasiii good product 😍😍,වර්ණ කාණ්ඩය:Blue,0,Mixed,Positive,Product Quality:Positive,Genuine,
electronics,MP3 Music Media Player with Great Sound With Micro TF/SD Card Slot sport mp3 Music Mini Portable USB MP3 Player Mini Clip MP3 Waterproof Sport Compact Metal Mp3 Music Player,https://www.daraz.lk/products/mp3-music-media-player-with-great-sound-with-micro-tfsd-card-slot-sport-mp3-music-mini-portable-usb-mp3-player-mini-clip-mp3-waterproof-sport-compact-metal-mp3-music-player-i193878579.html,10/25/24,TRUE,5,good froduc ❤️,Color Family:Silver,0,English,Positive,Product Quality:Positive,Genuine,
electronics,MP3 Music Media Player with Great Sound With Micro TF/SD Card Slot sport mp3 Music Mini Portable USB MP3 Player Mini Clip MP3 Waterproof Sport Compact Metal Mp3 Music Player,https://www.daraz.lk/products/mp3-music-media-player-with-great-sound-with-micro-tfsd-card-slot-sport-mp3-music-mini-portable-usb-mp3-player-mini-clip-mp3-waterproof-sport-compact-metal-mp3-music-player-i193878579.html,2/17/24,TRUE,5,good delivery and item is too valuable 🙂,Color Family:Black,1,English,Positive,Product Quality:Positive; Delivery/Shipping:Positive,Genuine,
electronics,MP3 Music Media Player with Great Sound With Micro TF/SD Card Slot sport mp3 Music Mini Portable USB MP3 Player Mini Clip MP3 Waterproof Sport Compact Metal Mp3 Music Player,https://www.daraz.lk/products/mp3-music-media-player-with-great-sound-with-micro-tfsd-card-slot-sport-mp3-music-mini-portable-usb-mp3-player-mini-clip-mp3-waterproof-sport-compact-metal-mp3-music-player-i193878579.html,12/18/24,TRUE,5,"the product was packaged well and arrived on time in working condition, however an SD card is needed in order to store songs on the device, the seller was very helpful to explain how to use the device 

Overall a great product 💯",Color Family:Green,1,English,Positive,Packaging:Positive; Seller Service:Positive; Product Quality:Positive,Genuine,
electronics,MP3 Music Media Player with Great Sound With Micro TF/SD Card Slot sport mp3 Music Mini Portable USB MP3 Player Mini Clip MP3 Waterproof Sport Compact Metal Mp3 Music Player,https://www.daraz.lk/products/mp3-music-media-player-with-great-sound-with-micro-tfsd-card-slot-sport-mp3-music-mini-portable-usb-mp3-player-mini-clip-mp3-waterproof-sport-compact-metal-mp3-music-player-i193878579.html,3/18/26,TRUE,4,when I brought it the plastic cover had been broken. The product was  uncovered because the plastic cover is broken. Also the product is lot smaller than I thought. But I like that kind small mp3 players. The battery loses its charge quickly . Even the battery gets low while I am watching it. The handfree is not good for listen music . For think twice before order.,Color Family:Black,0,English,Negative,Product Quality:Negative; Packaging:Negative; Battery/Performance:Negative,Genuine,
electronics,MP3 Music Media Player with Great Sound With Micro TF/SD Card Slot sport mp3 Music Mini Portable USB MP3 Player Mini Clip MP3 Waterproof Sport Compact Metal Mp3 Music Player,https://www.daraz.lk/products/mp3-music-media-player-with-great-sound-with-micro-tfsd-card-slot-sport-mp3-music-mini-portable-usb-mp3-player-mini-clip-mp3-waterproof-sport-compact-metal-mp3-music-player-i193878579.html,7/1/25,TRUE,4,The quality of the product is not bad. They provide a small plastic box with the player + a pair of extremely cheap earphones. The device has around 4 hours of playtime depending on the volume level. Overall it's decent and worth the price.,Color Family:Blue,0,English,Neutral,Product Quality:Neutral; Price/Value:Positive,Genuine,
electronics,MP3 Music Media Player with Great Sound With Micro TF/SD Card Slot sport mp3 Music Mini Portable USB MP3 Player Mini Clip MP3 Waterproof Sport Compact Metal Mp3 Music Player,https://www.daraz.lk/products/mp3-music-media-player-with-great-sound-with-micro-tfsd-card-slot-sport-mp3-music-mini-portable-usb-mp3-player-mini-clip-mp3-waterproof-sport-compact-metal-mp3-music-player-i193878579.html,4/24/25,TRUE,5,"not that good very low quality, but was good packaging and delivery good headphones are ok but not recommended",Color Family:Blue,0,English,Neutral,Product Quality:Negative; Packaging:Positive; Delivery/Shipping:Positive,Genuine,
electronics,MP3 Music Media Player with Great Sound With Micro TF/SD Card Slot sport mp3 Music Mini Portable USB MP3 Player Mini Clip MP3 Waterproof Sport Compact Metal Mp3 Music Player,https://www.daraz.lk/products/mp3-music-media-player-with-great-sound-with-micro-tfsd-card-slot-sport-mp3-music-mini-portable-usb-mp3-player-mini-clip-mp3-waterproof-sport-compact-metal-mp3-music-player-i193878579.html,10/5/24,TRUE,5,"even though earphones are bad but the player is soo good & fast delivering.
if it doesn't worked at first try charging or try another earphone 
it works",Color Family:Black,1,English,Neutral,Delivery/Shipping:Positive; Product Quality:Neutral,Genuine,
electronics,MP3 Music Media Player with Great Sound With Micro TF/SD Card Slot sport mp3 Music Mini Portable USB MP3 Player Mini Clip MP3 Waterproof Sport Compact Metal Mp3 Music Player,https://www.daraz.lk/products/mp3-music-media-player-with-great-sound-with-micro-tfsd-card-slot-sport-mp3-music-mini-portable-usb-mp3-player-mini-clip-mp3-waterproof-sport-compact-metal-mp3-music-player-i193878579.html,3/26/26,TRUE,5,මේකේ handfree වැඩ කරන්නේ නැහැ . මට ඒ වෙනුවට hand free එකක් දෙන්න පුලුවන්ද,Color Family:Blue,0,Sinhala,Negative,Product Quality:Negative,Genuine,
electronics,MP3 Music Media Player with Great Sound With Micro TF/SD Card Slot sport mp3 Music Mini Portable USB MP3 Player Mini Clip MP3 Waterproof Sport Compact Metal Mp3 Music Player,https://www.daraz.lk/products/mp3-music-media-player-with-great-sound-with-micro-tfsd-card-slot-sport-mp3-music-mini-portable-usb-mp3-player-mini-clip-mp3-waterproof-sport-compact-metal-mp3-music-player-i193878579.html,11/17/23,TRUE,4,nice,Color Family:Black,1,English,Positive,,Suspicious,
electronics,MP3 Music Media Player with Great Sound With Micro TF/SD Card Slot sport mp3 Music Mini Portable USB MP3 Player Mini Clip MP3 Waterproof Sport Compact Metal Mp3 Music Player,https://www.daraz.lk/products/mp3-music-media-player-with-great-sound-with-micro-tfsd-card-slot-sport-mp3-music-mini-portable-usb-mp3-player-mini-clip-mp3-waterproof-sport-compact-metal-mp3-music-player-i193878579.html,1/5/25,TRUE,4,it's good. but the the volume down button doesn't work,Color Family:Black,0,English,Neutral,Product Quality:Neutral,Genuine,
electronics,MP3 Music Media Player with Great Sound With Micro TF/SD Card Slot sport mp3 Music Mini Portable USB MP3 Player Mini Clip MP3 Waterproof Sport Compact Metal Mp3 Music Player,https://www.daraz.lk/products/mp3-music-media-player-with-great-sound-with-micro-tfsd-card-slot-sport-mp3-music-mini-portable-usb-mp3-player-mini-clip-mp3-waterproof-sport-compact-metal-mp3-music-player-i193878579.html,12/19/24,TRUE,5,meka godak hodai photo eke vidihtma thibba ❤️❤️❤️😊😊,Color Family:Orange,0,English,Positive,Product Quality:Positive,Genuine,
electronics,MP3 Music Media Player with Great Sound With Micro TF/SD Card Slot sport mp3 Music Mini Portable USB MP3 Player Mini Clip MP3 Waterproof Sport Compact Metal Mp3 Music Player,https://www.daraz.lk/products/mp3-music-media-player-with-great-sound-with-micro-tfsd-card-slot-sport-mp3-music-mini-portable-usb-mp3-player-mini-clip-mp3-waterproof-sport-compact-metal-mp3-music-player-i193878579.html,12/31/24,TRUE,5,hoday wam paththe botton eka welawakata wada na,Color Family:Purple,0,Singlish,Neutral,Product Quality:Neutral,Genuine,
electronics,MP3 Music Media Player with Great Sound With Micro TF/SD Card Slot sport mp3 Music Mini Portable USB MP3 Player Mini Clip MP3 Waterproof Sport Compact Metal Mp3 Music Player,https://www.daraz.lk/products/mp3-music-media-player-with-great-sound-with-micro-tfsd-card-slot-sport-mp3-music-mini-portable-usb-mp3-player-mini-clip-mp3-waterproof-sport-compact-metal-mp3-music-player-i193878579.html,12/16/25,TRUE,5,ordered gold but got red. works fine. thanks,Color Family:Gold,0,English,Neutral,Seller Service:Neutral; Product Quality:Positive,Genuine,
electronics,MP3 Music Media Player with Great Sound With Micro TF/SD Card Slot sport mp3 Music Mini Portable USB MP3 Player Mini Clip MP3 Waterproof Sport Compact Metal Mp3 Music Player,https://www.daraz.lk/products/mp3-music-media-player-with-great-sound-with-micro-tfsd-card-slot-sport-mp3-music-mini-portable-usb-mp3-player-mini-clip-mp3-waterproof-sport-compact-metal-mp3-music-player-i193878579.html,5/2/26,TRUE,5,it is very useful.but battery is not longer,Color Family:Red LCD Display,0,English,Neutral,Product Quality:Positive; Battery/Performance:Neutral,Genuine,
electronics,MP3 Music Media Player with Great Sound With Micro TF/SD Card Slot sport mp3 Music Mini Portable USB MP3 Player Mini Clip MP3 Waterproof Sport Compact Metal Mp3 Music Player,https://www.daraz.lk/products/mp3-music-media-player-with-great-sound-with-micro-tfsd-card-slot-sport-mp3-music-mini-portable-usb-mp3-player-mini-clip-mp3-waterproof-sport-compact-metal-mp3-music-player-i193878579.html,2/13/25,TRUE,4,Good product but earphone is not quality,Color Family:Blue,0,English,Neutral,Product Quality:Neutral,Genuine,
electronics,MP3 Music Media Player with Great Sound With Micro TF/SD Card Slot sport mp3 Music Mini Portable USB MP3 Player Mini Clip MP3 Waterproof Sport Compact Metal Mp3 Music Player,https://www.daraz.lk/products/mp3-music-media-player-with-great-sound-with-micro-tfsd-card-slot-sport-mp3-music-mini-portable-usb-mp3-player-mini-clip-mp3-waterproof-sport-compact-metal-mp3-music-player-i193878579.html,2/24/26,TRUE,5,best for the price . trustable seller,Color Family:Black,0,English,Positive,Price/Value:Positive; Seller Service:Positive,Genuine,
electronics,MP3 Music Media Player with Great Sound With Micro TF/SD Card Slot sport mp3 Music Mini Portable USB MP3 Player Mini Clip MP3 Waterproof Sport Compact Metal Mp3 Music Player,https://www.daraz.lk/products/mp3-music-media-player-with-great-sound-with-micro-tfsd-card-slot-sport-mp3-music-mini-portable-usb-mp3-player-mini-clip-mp3-waterproof-sport-compact-metal-mp3-music-player-i193878579.html,4/30/26,TRUE,5,supiri meka mn gold illuve rarhu ave,Color Family:Gold,0,Singlish,Neutral,Seller Service:Neutral,Genuine,
electronics,MP3 Music Media Player with Great Sound With Micro TF/SD Card Slot sport mp3 Music Mini Portable USB MP3 Player Mini Clip MP3 Waterproof Sport Compact Metal Mp3 Music Player,https://www.daraz.lk/products/mp3-music-media-player-with-great-sound-with-micro-tfsd-card-slot-sport-mp3-music-mini-portable-usb-mp3-player-mini-clip-mp3-waterproof-sport-compact-metal-mp3-music-player-i193878579.html,6/23/25,TRUE,4,Good product but headset very bad,Color Family:Blue,0,English,Neutral,Product Quality:Neutral,Genuine,
electronics,MP3 Music Media Player with Great Sound With Micro TF/SD Card Slot sport mp3 Music Mini Portable USB MP3 Player Mini Clip MP3 Waterproof Sport Compact Metal Mp3 Music Player,https://www.daraz.lk/products/mp3-music-media-player-with-great-sound-with-micro-tfsd-card-slot-sport-mp3-music-mini-portable-usb-mp3-player-mini-clip-mp3-waterproof-sport-compact-metal-mp3-music-player-i193878579.html,10/18/25,TRUE,5,Quality is better than I think,Color Family:Gold,0,English,Positive,Product Quality:Positive,Genuine,
electronics,MP3 Music Media Player with Great Sound With Micro TF/SD Card Slot sport mp3 Music Mini Portable USB MP3 Player Mini Clip MP3 Waterproof Sport Compact Metal Mp3 Music Player,https://www.daraz.lk/products/mp3-music-media-player-with-great-sound-with-micro-tfsd-card-slot-sport-mp3-music-mini-portable-usb-mp3-player-mini-clip-mp3-waterproof-sport-compact-metal-mp3-music-player-i193878579.html,5/26/25,TRUE,5,"good product.,i ovr it..💞😇",Color Family:Silver,0,English,Positive,Product Quality:Positive,Genuine,
electronics,MP3 Music Media Player with Great Sound With Micro TF/SD Card Slot sport mp3 Music Mini Portable USB MP3 Player Mini Clip MP3 Waterproof Sport Compact Metal Mp3 Music Player,https://www.daraz.lk/products/mp3-music-media-player-with-great-sound-with-micro-tfsd-card-slot-sport-mp3-music-mini-portable-usb-mp3-player-mini-clip-mp3-waterproof-sport-compact-metal-mp3-music-player-i193878579.html,11/8/24,TRUE,5,Nice product thank you..👍,Color Family:Blue,0,English,Positive,Product Quality:Positive,Genuine,
electronics,MP3 Music Media Player with Great Sound With Micro TF/SD Card Slot sport mp3 Music Mini Portable USB MP3 Player Mini Clip MP3 Waterproof Sport Compact Metal Mp3 Music Player,https://www.daraz.lk/products/mp3-music-media-player-with-great-sound-with-micro-tfsd-card-slot-sport-mp3-music-mini-portable-usb-mp3-player-mini-clip-mp3-waterproof-sport-compact-metal-mp3-music-player-i193878579.html,10/5/25,TRUE,5,super හැබයි ටිකක් පොඩි,Color Family:Pink,0,Sinhala,Neutral,Product Quality:Neutral,Genuine,
electronics,MP3 Music Media Player with Great Sound With Micro TF/SD Card Slot sport mp3 Music Mini Portable USB MP3 Player Mini Clip MP3 Waterproof Sport Compact Metal Mp3 Music Player,https://www.daraz.lk/products/mp3-music-media-player-with-great-sound-with-micro-tfsd-card-slot-sport-mp3-music-mini-portable-usb-mp3-player-mini-clip-mp3-waterproof-sport-compact-metal-mp3-music-player-i193878579.html,4/18/25,TRUE,5,Good product 😊😊👍👍,Color Family:Silver,0,English,Positive,Product Quality:Positive,Genuine,
electronics,MP3 Music Media Player with Great Sound With Micro TF/SD Card Slot sport mp3 Music Mini Portable USB MP3 Player Mini Clip MP3 Waterproof Sport Compact Metal Mp3 Music Player,https://www.daraz.lk/products/mp3-music-media-player-with-great-sound-with-micro-tfsd-card-slot-sport-mp3-music-mini-portable-usb-mp3-player-mini-clip-mp3-waterproof-sport-compact-metal-mp3-music-player-i193878579.html,6/6/26,TRUE,5,Best mp3 player I saw,Color Family:Black LCD Display,0,English,Positive,Product Quality:Positive,Genuine,
electronics,MP3 Music Media Player with Great Sound With Micro TF/SD Card Slot sport mp3 Music Mini Portable USB MP3 Player Mini Clip MP3 Waterproof Sport Compact Metal Mp3 Music Player,https://www.daraz.lk/products/mp3-music-media-player-with-great-sound-with-micro-tfsd-card-slot-sport-mp3-music-mini-portable-usb-mp3-player-mini-clip-mp3-waterproof-sport-compact-metal-mp3-music-player-i193878579.html,5/18/25,TRUE,5,OK super but thanks,Color Family:Blue,0,English,Positive,,Suspicious,
electronics,MP3 Music Media Player with Great Sound With Micro TF/SD Card Slot sport mp3 Music Mini Portable USB MP3 Player Mini Clip MP3 Waterproof Sport Compact Metal Mp3 Music Player,https://www.daraz.lk/products/mp3-music-media-player-with-great-sound-with-micro-tfsd-card-slot-sport-mp3-music-mini-portable-usb-mp3-player-mini-clip-mp3-waterproof-sport-compact-metal-mp3-music-player-i193878579.html,6/26/25,TRUE,5,good product,Color Family:Blue,0,English,Positive,Product Quality:Positive,Suspicious,
electronics,MP3 Music Media Player with Great Sound With Micro TF/SD Card Slot sport mp3 Music Mini Portable USB MP3 Player Mini Clip MP3 Waterproof Sport Compact Metal Mp3 Music Player,https://www.daraz.lk/products/mp3-music-media-player-with-great-sound-with-micro-tfsd-card-slot-sport-mp3-music-mini-portable-usb-mp3-player-mini-clip-mp3-waterproof-sport-compact-metal-mp3-music-player-i193878579.html,11/13/24,TRUE,5,super protect,Color Family:Black,0,English,Positive,Product Quality:Positive,Suspicious,
electronics,MP3 Music Media Player with Great Sound With Micro TF/SD Card Slot sport mp3 Music Mini Portable USB MP3 Player Mini Clip MP3 Waterproof Sport Compact Metal Mp3 Music Player,https://www.daraz.lk/products/mp3-music-media-player-with-great-sound-with-micro-tfsd-card-slot-sport-mp3-music-mini-portable-usb-mp3-player-mini-clip-mp3-waterproof-sport-compact-metal-mp3-music-player-i193878579.html,2/25/25,TRUE,5,free gift,Color Family:Black,0,English,,,Suspicious,
electronics,MP3 Music Media Player with Great Sound With Micro TF/SD Card Slot sport mp3 Music Mini Portable USB MP3 Player Mini Clip MP3 Waterproof Sport Compact Metal Mp3 Music Player,https://www.daraz.lk/products/mp3-music-media-player-with-great-sound-with-micro-tfsd-card-slot-sport-mp3-music-mini-portable-usb-mp3-player-mini-clip-mp3-waterproof-sport-compact-metal-mp3-music-player-i193878579.html,1/6/25,TRUE,5,great,Color Family:Silver,0,English,Positive,,Suspicious,
electronics,MP3 Music Media Player with Great Sound With Micro TF/SD Card Slot sport mp3 Music Mini Portable USB MP3 Player Mini Clip MP3 Waterproof Sport Compact Metal Mp3 Music Player,https://www.daraz.lk/products/mp3-music-media-player-with-great-sound-with-micro-tfsd-card-slot-sport-mp3-music-mini-portable-usb-mp3-player-mini-clip-mp3-waterproof-sport-compact-metal-mp3-music-player-i193878579.html,12/26/25,TRUE,5,nice😃,Color Family:Red LCD Display,0,English,Positive,,Suspicious,
electronics,MP3 Music Media Player with Great Sound With Micro TF/SD Card Slot sport mp3 Music Mini Portable USB MP3 Player Mini Clip MP3 Waterproof Sport Compact Metal Mp3 Music Player,https://www.daraz.lk/products/mp3-music-media-player-with-great-sound-with-micro-tfsd-card-slot-sport-mp3-music-mini-portable-usb-mp3-player-mini-clip-mp3-waterproof-sport-compact-metal-mp3-music-player-i193878579.html,5/6/25,TRUE,5,Good 👍,Color Family:Purple,0,English,Positive,,Suspicious,
electronics,MP3 Music Media Player with Great Sound With Micro TF/SD Card Slot sport mp3 Music Mini Portable USB MP3 Player Mini Clip MP3 Waterproof Sport Compact Metal Mp3 Music Player,https://www.daraz.lk/products/mp3-music-media-player-with-great-sound-with-micro-tfsd-card-slot-sport-mp3-music-mini-portable-usb-mp3-player-mini-clip-mp3-waterproof-sport-compact-metal-mp3-music-player-i193878579.html,5/16/25,TRUE,5,super,Color Family:Pink,0,English,Positive,,Suspicious,
electronics,MP3 Music Media Player with Great Sound With Micro TF/SD Card Slot sport mp3 Music Mini Portable USB MP3 Player Mini Clip MP3 Waterproof Sport Compact Metal Mp3 Music Player,https://www.daraz.lk/products/mp3-music-media-player-with-great-sound-with-micro-tfsd-card-slot-sport-mp3-music-mini-portable-usb-mp3-player-mini-clip-mp3-waterproof-sport-compact-metal-mp3-music-player-i193878579.html,5/2/25,TRUE,5,Good,Color Family:Pink,0,English,Positive,,Suspicious,
electronics,MP3 Music Media Player with Great Sound With Micro TF/SD Card Slot sport mp3 Music Mini Portable USB MP3 Player Mini Clip MP3 Waterproof Sport Compact Metal Mp3 Music Player,https://www.daraz.lk/products/mp3-music-media-player-with-great-sound-with-micro-tfsd-card-slot-sport-mp3-music-mini-portable-usb-mp3-player-mini-clip-mp3-waterproof-sport-compact-metal-mp3-music-player-i193878579.html,8/5/24,TRUE,5,good 👍 super.,Color Family:Blue,0,English,Positive,,Suspicious,
electronics,MP3 Music Media Player with Great Sound With Micro TF/SD Card Slot sport mp3 Music Mini Portable USB MP3 Player Mini Clip MP3 Waterproof Sport Compact Metal Mp3 Music Player,https://www.daraz.lk/products/mp3-music-media-player-with-great-sound-with-micro-tfsd-card-slot-sport-mp3-music-mini-portable-usb-mp3-player-mini-clip-mp3-waterproof-sport-compact-metal-mp3-music-player-i193878579.html,8/24/24,TRUE,3,"Loku awlak na...👍
Earphones nam Kolity na..tikakvath..😒
Mama Denne Tharu 3nak vitharai..
Deliveri service nam Hodai...💯
Thank you👌",Color Family:Black,1,Singlish,Neutral,Delivery/Shipping:Positive; Product Quality:Neutral,Genuine,
electronics,MP3 Music Media Player with Great Sound With Micro TF/SD Card Slot sport mp3 Music Mini Portable USB MP3 Player Mini Clip MP3 Waterproof Sport Compact Metal Mp3 Music Player,https://www.daraz.lk/products/mp3-music-media-player-with-great-sound-with-micro-tfsd-card-slot-sport-mp3-music-mini-portable-usb-mp3-player-mini-clip-mp3-waterproof-sport-compact-metal-mp3-music-player-i193878579.html,2/11/25,TRUE,1,"Not properly specified that product cannot be used upon purchase, because none of the necessary stirage or input materials are provided. And the problem is it isnt exclusively mentioned in the description. So if you buy this product alone it is nothing but a piece of plastic and some wires. Please stop cheating your customers and specify all details.",Color Family:Black,2,English,Negative,Product Quality:Negative; Seller Service:Negative,Genuine,
electronics,MP3 Music Media Player with Great Sound With Micro TF/SD Card Slot sport mp3 Music Mini Portable USB MP3 Player Mini Clip MP3 Waterproof Sport Compact Metal Mp3 Music Player,https://www.daraz.lk/products/mp3-music-media-player-with-great-sound-with-micro-tfsd-card-slot-sport-mp3-music-mini-portable-usb-mp3-player-mini-clip-mp3-waterproof-sport-compact-metal-mp3-music-player-i193878579.html,3/24/26,TRUE,2,"DO NOT BUY THIS!

BATTERY LIFE is 32 minutes",Color Family:Silver,0,English,Negative,Battery/Performance:Negative,Genuine,
electronics,4G Yagi Antenna Black Cable,https://www.daraz.lk/products/4g-yagi-antenna-black-cable-i122842984.html,7/19/24,TRUE,5,ඇන්ටෙනාව භාවිත කිරීමට පෙර සහ පසු තත්ත්ව .උපදෙස් පත්‍රිකාවේ සදහන් පරිදි පොළොව මට්ටමේ සිට අඩි 30 කට ආසන්න උසකින් Cell tower එක දෙසට හරවා තැබීමෙන් වඩාත් හොද ප්‍රතිඵල ලබාගත හැක.වඩාත් හොද ප්‍රතිඵල ලබා ගැනීමට නම් පොළොව මත තැබීමට වඩා වහලය මත වැනි උස් ස්ථානයක සවි කිරීමෙන් වඩාත් හොද ප්‍රතිඵල ලැබිය හැක .,Color Family:Silver,30,Sinhala,Neutral,Other:Positive,Genuine,
electronics,4G Yagi Antenna Black Cable,https://www.daraz.lk/products/4g-yagi-antenna-black-cable-i122842984.html,5/9/24,TRUE,5,ඇන්ටනාව ගොඩක් හොඳයි..මන් අන්ලොක් රවුටර් එකකට Hutch Sim එකක් දාලා තියෙන්නෙ මුලින් දවල්ට කණු එකයි තිබ්බේ රෑට එකක්වත් නෑ..දැන් Stable කණු තුනක් එනව..ඉස්සෙල්ලා 6mbps වගේ ආවේ දැන් 37mbps ක් එනව..ටවර් එක දිහාවටම හරවලා තියෙන්නෙ අඩි 20 ක් ඉස්සුවා..උපදෙස් ලියලා කොලයක් හම්බෙනවා ඒකෙ විදිහටම කරා..Build Quality එකත් අවුලක් නෑ හොඳයි..බය නැතුව ගන්න හොඳ Product එකක්..❤️,Color Family:Silver,19,Sinhala,Positive,Product Quality:Positive,Genuine,
electronics,4G Yagi Antenna Black Cable,https://www.daraz.lk/products/4g-yagi-antenna-black-cable-i122842984.html,5/6/24,TRUE,5,"ඇන්ටනා එක නම් සුපිරියක්😍😍...මම ගෙන්නලා දනට සති 3ක් විතර වෙනව සුපිරියට වැඩ කරනව..කිසිම අවුලක් නෑ..මට S10 router ekata ගේ ඇතුලට B3 වලට එක සිග්නල් කනුවයි තිබ්බෙ..ඒකත් වෙලවකට යනව එනව..පස්සෙ මේ ඇන්ටනා එක ගෙනැල්ල අඩි 32ක් විතර උඩට උස්සලා හයි කරා...😌දැන් නම් සුපිරී🤩🤩..upload එකයි download speed ekai සුපිරියටම තියනව..signal කනු 5ම පෙන්නනව...ඔය තියෙන්නෙ B3 දාල ගහපු ss එකක්...
 B38 ට නම් කලින් එක කනුවක් තියා අර ඊතල 2 වත් නිල් පාට උනේ නෑ..ඒත් දැන් B38 ටත් කනු 2ක් තියනව වෙනස් වෙන්නෙ නැතුව♥️♥♥️♥️♥️♥️♥️♥",Color Family:Silver,9,Sinhala,Positive,Product Quality:Positive,Genuine,
electronics,4G Yagi Antenna Black Cable,https://www.daraz.lk/products/4g-yagi-antenna-black-cable-i122842984.html,1/31/24,TRUE,5,Highly recommend මේක මම ගන්න ඉස්සෙල්ලා තිබ්බ විදියයි දැන් තියන විදියයි photos දාලා තියනවා. හොඳටම හොඳ product ekak මේක. thank you very much seller ☺️,Color Family:Silver,6,Sinhala,Positive,Product Quality:Positive,Genuine,
electronics,4G Yagi Antenna Black Cable,https://www.daraz.lk/products/4g-yagi-antenna-black-cable-i122842984.html,4/29/23,TRUE,5,ඇත්තටම හොදයි බය නැතුම් ගන්න delivery කියපු   දවසටම අවා ඈන්ටනාව උස වැඩි වෙන තරමට තමා හොද . හොදට පැක් කරලා එවලා තියෙනවා  . ❤️‍🔥📡,Color Family:Silver,7,Sinhala,Positive,Delivery/Shipping:Positive; Product Quality:Positive,Genuine,
electronics,4G Yagi Antenna Black Cable,https://www.daraz.lk/products/4g-yagi-antenna-black-cable-i122842984.html,5/3/23,TRUE,5,Hoda product ekk. antanawa set karanna kalin siganal kanu 2i thibbe. dn 5ma thiyenwa.Thank you,Color Family:Silver,7,Singlish,Positive,Product Quality:Positive,Genuine,
electronics,4G Yagi Antenna Black Cable,https://www.daraz.lk/products/4g-yagi-antenna-black-cable-i122842984.html,1/6/24,TRUE,5,ඇන්ටනාව නියමෙටම වැඩ.. ඇත්තටම වටිනවා..සිග්නල් නෑ කියන අය පුලාන් තරම් උස්සන්න මම අඩි 20 ඉස්සුවේ කනු 1 ක් තිබ්බ එක කනු හතරක් ආවා පස්සෙ තව උස්සනවා.. Sinr අගය 0 1 වගේ ගියේ දැන් 6 7 යනවා.. Recommend This Seller😍 Love You😍 දවස් පහෙන් ආවෝ.. Antenna එක නැතුව mbps 9 10 වගේ ගියේ දැන් 20 ට කිට්ටුවෙන්න යනවා.. බය නැතුව ගන්න ගන්න අය.... එයාල දෙන කොලේ හරියට කියවල හරියට කරන්න වැඩේ හරියනව ශුවර්.. Speed test එක ඇන්ටනාව හයි කලාට පස්සෙ දාපු එකක්..,Color Family:Silver,5,English,Positive,Delivery/Shipping:Positive; Product Quality:Positive,Genuine,
electronics,4G Yagi Antenna Black Cable,https://www.daraz.lk/products/4g-yagi-antenna-black-cable-i122842984.html,3/21/24,TRUE,5,කලින් 1සිග්නල් bar එකයි තිබ්බේ දැන් 4 යි.,Color Family:Silver,4,Sinhala,Positive,Product Quality:Positive,Genuine,
electronics,4G Yagi Antenna Black Cable,https://www.daraz.lk/products/4g-yagi-antenna-black-cable-i122842984.html,4/23/23,TRUE,5,"kalin download spped eka 6mbps wada aduwen thibbe.
hoda nishpadanayak.",Color Family:Silver,4,Singlish,Positive,Product Quality:Positive,Genuine,
electronics,4G Yagi Antenna Black Cable,https://www.daraz.lk/products/4g-yagi-antenna-black-cable-i122842984.html,12/5/24,TRUE,5,"සුපිරි Product එකක් . කලින් 2/3 Line තිබ්බෙ Dialog S10 Router එකේ,  Fast.com එකේ 3-5 Range එකේ . Antenna එක ගැහුවට පස්සෙ 4 Lines stable, Speed test එකේ SS එකක් තමා review එකට attached කරල තියෙන්නෙ.",Color Family:Silver,0,Sinhala,Positive,Product Quality:Positive,Genuine,
electronics,4G Yagi Antenna Black Cable,https://www.daraz.lk/products/4g-yagi-antenna-black-cable-i122842984.html,12/29/24,TRUE,5,මේක මාරම සුපිරි මගේ ගෙදර ඇතුලට සිග්නල් පොඩ්ඩක්වත් තිබුනේ නැ අන්ටනාව හයි කරාම සිග්නල් බාර් 3ම ආවා මාරම සතුටුයි කියන්න වචන නැ   ඒතරමට සතුටුයි බය නැතුව ගන්න 😍😍😍😍,Color Family:Silver,3,Sinhala,Positive,Product Quality:Positive,Genuine,
electronics,4G Yagi Antenna Black Cable,https://www.daraz.lk/products/4g-yagi-antenna-black-cable-i122842984.html,3/3/25,TRUE,5,"මං මේ අවුරුද්දක් විතර පාවිච්චි කරල තමයි review එක දාන්නේ..
බයවෙන්න දෙයක් නෑ මේ item එක ගොඩාක් හොදයි.. 👍🏻
හැබැයි.. හරියට set කරගන්න ඕනි වගේම signal set වෙනකම් කරකව කරකව බලන්න වෙනවා.. ඒ වගේම උස වෙනස් කරන්නත් ඕනි.. කොහොම හරි ලොකු ගේමක් ගහල singal අල්ලගත්ත.. මං ඉන්න පැත්තට Dialog 4g broadband courage එක නෑ.. ඒත් මේකෙන් කොහොම හරි set උනා..
අවුලක් නෑ මං recommend කරනවා හැබැයි හයිකරපු ගමන් signal එන්නෙ නෑ පොඩ්ඩක් එහෙට මෙහෙට කරල signal set කරගන්න ඕනි..මේ sellor කියන විදියටම උස වෙනස් කරන්න එතකොට ලේසි.. 👌🏻💯",Color Family:Silver,1,,,,,
electronics,4G Yagi Antenna Black Cable,https://www.daraz.lk/products/4g-yagi-antenna-black-cable-i122842984.html,12/28/24,TRUE,5,Thanks YAGI Antenna...මේක නම් පට්ට.ගේ ඇතුලට සිග්නල් පොඩ්ඩක්වත් නෑ..මම හිතුවෙ රවුටර් එකේ අවුලක් කියලා..බලද්දි සිග්නල් නෑ..මේක ගෙනල්ලා දැම්මා.paper work එකේ තිබ්බ විදිහටම බලලා හයි කරේ.සිග්නල් බාර් 5ම ආවා..,Color Family:Silver,0,,,,,
electronics,4G Yagi Antenna Black Cable,https://www.daraz.lk/products/4g-yagi-antenna-black-cable-i122842984.html,5/30/25,TRUE,5,"ඇත්තටම ගොඩක් හොද නිශ්පාදනයක්. ❤️👌 
මම ටික දවසක් චෙක් කරා. 
නිර්දේශ කරන්න පුලුවන් නිශ්පාදනයක් 
ස්තූතියි",Color Family:Silver,1,,,,,
electronics,4G Yagi Antenna Black Cable,https://www.daraz.lk/products/4g-yagi-antenna-black-cable-i122842984.html,6/13/26,TRUE,5,ettama meka mara hoda product ekak baya natuva ganna meka kisima avulak na hodata signal thiyrnava mage rautare kalin gahak uda badala thibbe dan ge athule thiyenne signal hodata vada speed ekath hodai hodata pack karala evala thibba damage natuva❤👊,Color Family:Silver,0,,,,,
electronics,4G Yagi Antenna Black Cable,https://www.daraz.lk/products/4g-yagi-antenna-black-cable-i122842984.html,3/28/25,TRUE,5,"නියමයි දිග මීටර් 15 තිබ්බ කේබල් එක මීටර් 20 උඩින් ගැහුවා නියමයි සිග්නල් ආවා හොදටම,කලින් අඩුවෙන් තිබිලා දැන් ආවා",Color Family:Silver,1,,,,,
electronics,4G Yagi Antenna Black Cable,https://www.daraz.lk/products/4g-yagi-antenna-black-cable-i122842984.html,5/23/25,TRUE,5,මුලින් මට සිග්නල් කණු දෙකයි තිබුනෙ. කලාතුරකින් කණු තුනක් ආවා. මේ ඇන්ටනා එක නම් සුපිරි. දැන් සිග්නල් කණු පහම තියෙනවා. බය නැතුව ගන්න,Color Family:Silver,0,,,,,
electronics,4G Yagi Antenna Black Cable,https://www.daraz.lk/products/4g-yagi-antenna-black-cable-i122842984.html,9/9/25,TRUE,5,"කලින් signal තිබ්බෙම නෑ. router එක රතු පාට light එක පත්තු වෙලා තිබ්බේ. දැන්නම් smooth. 🙂🤍
#win #ThankYou ✨️",Color Family:Silver,0,,,,,
electronics,4G Yagi Antenna Black Cable,https://www.daraz.lk/products/4g-yagi-antenna-black-cable-i122842984.html,1/24/26,TRUE,5,සිග්නල් කනු එකක්වත් නැතුව connect වෙන්නෙත් නැතුව තිබුනේ.. දැන් stable signal කනු 2ක් එනව.. ඇන්ටනාව මුලින්ම අඩි විස්සක් විතර ඉස්සුවා.. එතකොටත් එහෙමයි.. ඉට පස්සේ තැන වෙනස් කරල අඩි 40-45 අතර සෙට් කරා එතකොට තමා වැඩ කරේ.. වට පිටාවේ ගස් වැඩි නිසා.. දැන් හොඳට වැඩ.. එන්න නම් සතියක් ගියා.. Thank you!,Color Family:Silver,0,,,,,
electronics,4G Yagi Antenna Black Cable,https://www.daraz.lk/products/4g-yagi-antenna-black-cable-i122842984.html,4/3/25,TRUE,5,very good product. i can give 10/10. unlock මොබිටෙල් router එකකට hutch sim එකක් දාලා තියෙන්නේ. කලින් signal 3ක් විතර තිබ්බට zoom class එක දිගටම කරන්න බෑ. රෑ 7න් පස්සේ කරගන්නම බෑ. දැන් නම් හොදටම signal තියෙනවා. zoom එක buffer වීමක් වෙන්නෙත් නෑ. දැන් අරන් සතියකට වැඩියි. කිසි අවුලක් නෑ. thank you seller. fast deivery. thank you daraz,Color Family:Silver,1,,,,,
electronics,4G Yagi Antenna Black Cable,https://www.daraz.lk/products/4g-yagi-antenna-black-cable-i122842984.html,5/29/25,TRUE,5,මේක හොද product එකක්..... සිග්නල් ගන්න මාත් ගොඩක් try කරා....... වහලේ ඉඳන් බටයක් set කරලා Antenna එක ඉස්සුවා අඩි 10ක් වගේ හැබැයි..... ඉස්සර සිග්නල් කැඩි කැඩි ආවේ දැන් සිග්නල් තියනවා මේක හින්දා.......... හැබැයි මගෙ Stable කනු නෑ...... ඒත් සිග්නල් ඇති මට good product,Color Family:රිදී,1,,,,,
electronics,4G Yagi Antenna Black Cable,https://www.daraz.lk/products/4g-yagi-antenna-black-cable-i122842984.html,7/23/25,TRUE,5,මුලින්ම සවි කරාට පස්සේ වෙනසක් බලාගන්න බැරි වුනා. මම හිතුවෙ ඇන්ටනාවේ දෝෂයක් කියලා. විස්තර පත්‍රිකාවේ විදිහට ඇන්ටනාව තියන තැන වෙනස් කර කර බැලුවා. band 3 එකෙන් stable connection එකක් වගේම download speed එක දෙගුණයකින් වැඩි කරගන්න පුලුවන් උනා. මේ තියෙන්නේ ඇන්ටනාව සවි කිරීමට පෙර සහ පසු speed test results ❤️,Color Family:Silver,0,,,,,
electronics,4G Yagi Antenna Black Cable,https://www.daraz.lk/products/4g-yagi-antenna-black-cable-i122842984.html,1/2/26,TRUE,5,"there were no any signal bar before,  after installation the antana 3 signl bars appear. Recommended.",Color Family:Silver,0,,,,,
electronics,4G Yagi Antenna Black Cable,https://www.daraz.lk/products/4g-yagi-antenna-black-cable-i122842984.html,3/11/25,TRUE,4,"1.ඇන්ටනාව අවුලක් නෑ ගෙවන ගානට වටිනවා.😊
2.මං අඩි 30කට වඩා ඉස්සුවා.
3.ඇන්ටනාව ගහන්න කලින් routrer එකේ කනු දෙකයි තිබුනෙ. ඇන්ටනාව ගැහුවට පස්සෙ stable කනු 4ක් ආවා.
4.ඇන්ටනාවෙන් මට ලැබුන ලොකුම වාසිය තමයි. කලින්ට වඩා ගොඩක් දුර ඉදන් routrer එකට connect වෙන්න පුලුවන්.😊

5.හැබැයි මං හිතපු තරම් speed එකක් ආවෙ නෑ. මෙගා බයිට් එකකින් දෙකකින් වගේ තමයි speed එක වැඩි උනේ.🥺
6.වයර් එක ටිකක් හයිය මදි. ඇන්ටනාව සම්බන්ද කරනකොට ටිකක් පරිස්සම් වෙන්න.🙃
7.මං මේ review එක දාන්නෙ සති තුනකටත් වැඩිය use කරලා තාම කිසිම අවුලක් නැ.",Color Family:Silver,0,,,,,
electronics,4G Yagi Antenna Black Cable,https://www.daraz.lk/products/4g-yagi-antenna-black-cable-i122842984.html,8/23/25,TRUE,5,"Antenna එක connect කරන්න කලින් තිබුනේ Bars 2යි. දැන් 4ක් තියෙනවා. පැහැදිලි වෙනසක් තියෙනවා signal strength එකේ. Connect කරන්න කලින් සහ connect කරාට පස්සෙ speed test ss වල තියෙනවා.
Device එක Dialog unlocked M60 එකක්. Connection එක SLT Band 3",Color Family:Silver,0,,,,,
electronics,4G Yagi Antenna Black Cable,https://www.daraz.lk/products/4g-yagi-antenna-black-cable-i122842984.html,1/21/26,TRUE,5,"අපේ ගෙදර කොහොමවත් signal නැ,දැන් මේකට signal bar එකක් stable පෙන්නනවා,signal bar 2 වෙනවා කලාතුරකින්🙂",Color Family:Silver,0,,,,,
electronics,4G Yagi Antenna Black Cable,https://www.daraz.lk/products/4g-yagi-antenna-black-cable-i122842984.html,3/1/26,TRUE,4,"Unlock S10 රවුටරයක් තියෙන්නේ.  Hutch sim දාල try කරා. අඩි 30 විතර ඉස්සුවට හරි ගියෙ නෑ උඩ තට්ටුවේ වහලෙ මට්ටමට ඔය තියෙන්නේ එතෙන්ට සිග්නල් කණු 3ක් ආව. ඇන්ටෙනා එක නැතුවත් කණු 2ක් තිබ්බා කාමරේ රව්ටරය තියෙද්දි. RSRP තරමක් strong උනා ඇන්ටෙනා එකට. දැන් සාමාන්‍යයෙන් Stable connection එක. 

Dialog Router/Mobile sim වලටනම් සෙට් උනේ නෑ පොඩ්ඩක්වත් මටනන්. Mobitel Mobile වලටනම් අව්ලක් නෑ. තරමක් හරි signal තියෙනවනම් connection stable තියාගන්න හොද product එකක්.",Color Family:Silver,0,,,,,
electronics,4G Yagi Antenna Black Cable,https://www.daraz.lk/products/4g-yagi-antenna-black-cable-i122842984.html,4/24/25,TRUE,5,"amazing. double antenna thiyena kenek nm aniva router ekata log vela external antenna valata maaru karanna. 
mama afi 30k issuveth naa signal supirii",Color Family:Silver,0,,,,,
electronics,4G Yagi Antenna Black Cable,https://www.daraz.lk/products/4g-yagi-antenna-black-cable-i122842984.html,8/12/25,TRUE,5,"අව්ලක් නැ මට නම් මගෙ කාමරෙට සිග්නල් එකයි තිබ්බෙ දැන් නම් සිග්නල් 3ක් වගේ ස්ටේබල් තියනවා  සිග්නල් කනු හතර වෙනවා එත් එනවා යනවා එක නම් අව්ලක් නැ මන් හයි කරලා තියෙන්නෙ අඩි 10ක් වගේ උසින් අඩි තිහක් මුලදිම හයි කරලා සිග්නල් අවේ නැ පස්සෙ නිකමට උස අඩුවෙන් හයි කරා එතකොට සිග්නල් කනු 3ක් අවා. 

ඇත්තටම වටිනවා 😊",Color Family:Silver,0,,,,,
electronics,4G Yagi Antenna Black Cable,https://www.daraz.lk/products/4g-yagi-antenna-black-cable-i122842984.html,2/20/26,TRUE,5,"I Ordered two and Cross Polarised them 
Previously on dialog I was getting 30-40Mbps 
now I am getting 100+Mbps",Color Family:Silver,2,,,,,
electronics,4G Yagi Antenna Black Cable,https://www.daraz.lk/products/4g-yagi-antenna-black-cable-i122842984.html,11/27/25,TRUE,5,Antenna එකනම් පට්ට ගස් මොකුත් නැති හොද තැනක් බලල පුලුවන් තරම් උසින් හයි කරල බාදක මොකුත් නැති පැත්තකට Antenna එක හරවන්න මගෙත් එක සිග්නල් කනුවක් වගෙ තිබ්බෙ දැන් සුපිරියටම සිග්නල් තියනව වැස්සකටවත් සිග්නල් අඩු වෙන්නෙත් නැ සුපිරියක් මේකනම් Antenna එක රවුට එකෙ Antenna දෙකම ගලවල දෙපැත්තටම සෙට් කරල බලන්න සිග්නල් ආවෙ නැත්තම්,Color Family:Silver,2,,,,,
electronics,4G Yagi Antenna Black Cable,https://www.daraz.lk/products/4g-yagi-antenna-black-cable-i122842984.html,2/11/26,TRUE,5,fast delivery its working very well  thank you for your valuable protect... and network problems are solved i can get 3mbs speed with mobital sim,Color Family:Silver,1,,,,,
electronics,4G Yagi Antenna Black Cable,https://www.daraz.lk/products/4g-yagi-antenna-black-cable-i122842984.html,6/22/26,TRUE,5,Video call ekak ganna baruwa thibune upload speed drop wela antenna eka connect karata passe hutch speed eka,Color Family:Silver,0,,,,,
electronics,4G Yagi Antenna Black Cable,https://www.daraz.lk/products/4g-yagi-antenna-black-cable-i122842984.html,9/5/24,TRUE,5,ගොඩක් හොඳයි. Tp Link Archer MR 200 router එක.කලින් සිග්නල් තිබ්බෙම නෑ.වහලෙට උඩ මට්ටටේ හයි කලා.ඇන්ටෙනා එකෙන් සිග්නල් එකක් දෙකක් එනව.ස්පීඩ් එක 25mbps වලිනුඩ යනව.අද තව එකක් දැම්ම.ගෙවන ගානට වටිනව..thanks!!,Color Family:Silver,1,,,,,
electronics,4G Yagi Antenna Black Cable,https://www.daraz.lk/products/4g-yagi-antenna-black-cable-i122842984.html,12/4/23,TRUE,5,Dialog home broadband  signal strength increase to 1 bar to 3bar with minimum height of antenna .recommended product .my model is ZLTS10 dialog home broadband,Color Family:Silver,6,,,,,
electronics,4G Yagi Antenna Black Cable,https://www.daraz.lk/products/4g-yagi-antenna-black-cable-i122842984.html,11/30/23,TRUE,5,"ඇත්තටම ගොඩක් හොද ඇන්ටනාවක් කට්ටිය බය නැතුව ගන්න,මගේ නම් කලින් තිබුනට වඩා ස්පීඩ් ඉන්ටර්නෙට් ❤️👍,අහන දේටත් ඉක්මනට රිප්ලයි කරනවා ගොඩක් හොද සේවාවක් දුන්නා,thnk you seller,thank you daraz.....❤️",Color Family:Silver,1,,,,,
electronics,4G Yagi Antenna Black Cable,https://www.daraz.lk/products/4g-yagi-antenna-black-cable-i122842984.html,8/26/24,TRUE,5,"සිග්නල් බාර් එකයි  වැඩි උනේ. ඇන්ටනාව fixකලාට පස්සෙ. fix කරන්න කලින් bar2යි තිබුනෙ..speed එක 1Mbps ටත් අඩුවෙන් .  
ඇන්ටනාව දැම්මට පස්සෙ speed එක 9Mbps වලට වැඩි වුනා..",Color Family:Silver,0,,,,,
electronics,4G Yagi Antenna Black Cable,https://www.daraz.lk/products/4g-yagi-antenna-black-cable-i122842984.html,10/11/25,TRUE,5,සති 2යි පාවිච්චි කරේ වැඩ කරන්නෙ නෑ signal කටු 5ම තිබ්බ ඒත් සති දෙකයි ඇන්ටනාව තිබ්බේ 🥲💀,Color Family:Silver,0,,,,,
electronics,4G Yagi Antenna Black Cable,https://www.daraz.lk/products/4g-yagi-antenna-black-cable-i122842984.html,11/18/23,TRUE,5,ෆට්ට ඇන්ටනාව කලිම් සිග්නල් දෙකයු තිබ්බේ ඇන්ටනාව ගහන්න කලිම් ඇන්ටනව වහල්‍රෙ උඩ ගැහුවා ෆට්ට ❤ සේලර් නම් සුපිරි  එන්න දවස් 5ක් ගියා   verry good ❤,Color Family:Silver,1,,,,,
electronics,4G Yagi Antenna Black Cable,https://www.daraz.lk/products/4g-yagi-antenna-black-cable-i122842984.html,11/16/23,TRUE,4,honda product akak.qulity matrilal use krla hdala tinwa..M60 Unlock .. apita signal godak aduwen tibune. meken sig awa. issuwe nm ne ussla balala kiynnm.baya nethuwa ganna. 4G signal prashna tina aya. hondai antena aka,Color Family:Silver,1,,,,,
electronics,4G Yagi Antenna Black Cable,https://www.daraz.lk/products/4g-yagi-antenna-black-cable-i122842984.html,1/28/24,TRUE,5,Kiyanna wachna ne supiri signal tower okkoma awa 2k thibba router eke,Color Family:Silver,3,,,,,
electronics,4G Yagi Antenna Black Cable,https://www.daraz.lk/products/4g-yagi-antenna-black-cable-i122842984.html,4/20/25,TRUE,5,Seller patta.. but draz eken dilivery patta parakkui.. iteam eka good recommend 😍,Color Family:Silver,1,,,,,
electronics,4G Yagi Antenna Black Cable,https://www.daraz.lk/products/4g-yagi-antenna-black-cable-i122842984.html,8/8/24,TRUE,5,"anntenawa supiri download speed ek 20/ 30 mbps  ynwa. mn Dialog use karnn unn upload speed eke limit karla tiynn e nesa mata upload nm wede kargnn bari wuna, but average ekk vidihat upload 3mbs tiynwa anytime.  meka upload wedi kargnn solution ekk hadnn balanko. product is good",Color Family:Silver,1,,,,,
electronics,4G Yagi Antenna Black Cable,https://www.daraz.lk/products/4g-yagi-antenna-black-cable-i122842984.html,8/11/24,TRUE,5,Delivery was on time.but a small crack was on the circuit box itself. Might be due to poor handling while in the courier.,Color Family:Silver,2,,,,,
electronics,4G Yagi Antenna Black Cable,https://www.daraz.lk/products/4g-yagi-antenna-black-cable-i122842984.html,6/3/25,TRUE,5,"Good I can get 20 mbps to 40 mbps and  50 mbps to 100 mbps, maximum 150mbps..",Color Family:Silver,1,,,,,
electronics,4G Yagi Antenna Black Cable,https://www.daraz.lk/products/4g-yagi-antenna-black-cable-i122842984.html,10/26/25,TRUE,5,Supiri product ekak. Gewana ganata watinawa. Hodata signal tiyanawa dn. 💯,Color Family:Silver,0,,,,,
electronics,4G Yagi Antenna Black Cable,https://www.daraz.lk/products/4g-yagi-antenna-black-cable-i122842984.html,5/12/23,TRUE,5,"Quality products 👍, recommended++",Color Family:Silver,2,,,,,
electronics,4G Yagi Antenna Black Cable,https://www.daraz.lk/products/4g-yagi-antenna-black-cable-i122842984.html,10/20/23,TRUE,5,කලින් සිග්නල් කනුවයි තිබුනේ mobitel වලට ඒකත් එනවා යනවා. දැන් speed test එකේ download 50 mbps upload 33 වගේ යනවා සුපිරියක් High recommend බයිල ඕනෙ නෑ මට dialog වලට සිග්නල් කටු 3 ක් තිබ්බ. පන්ඩිත නොවී අඩි 29 ක් උස්සලා තියෙන්නෙ ස්ටේබල් කටු 5 යි එච්චරයි. Thanks seller. 😊,Color Family:Silver,6,,,,,
electronics,4G Yagi Antenna Black Cable,https://www.daraz.lk/products/4g-yagi-antenna-black-cable-i122842984.html,2/26/26,TRUE,5,Meka hoday 🥰🥰🥰  mn wediye issuwe ne  issuwoth mita wada evi  🥰🥰🥰,Color Family:Silver,0,,,,,
electronics,4G Yagi Antenna Black Cable,https://www.daraz.lk/products/4g-yagi-antenna-black-cable-i122842984.html,7/29/24,TRUE,5,"This is perfectly working. Better than DialogBB outdoor unit. Highly recommended. Reach me on 0777 261 864 if you have any concerns.

ඩයලොග් Outdoor එකට වඩා හොඳට Yagee Antenna  එක වැඩ. indoor සිග්නල් 0 ඉඳන් කණු 2 ට වැඩි උණා. වහින වෙලාවට තාම check කලේ නෑ.

Dialog Outdoor එකක් තියෙද්දී Yagee Antenna එකක් දැම්මෙ, මම Online පන්ති කරන නිසා ඔය device එක එහෙ මෙහෙ අරං යන්න ලේසි නිසා.",Color Family:Silver,1,,,,,
electronics,4G Yagi Antenna Black Cable,https://www.daraz.lk/products/4g-yagi-antenna-black-cable-i122842984.html,12/27/24,TRUE,5,kalin nm signal bar ekak wage thibbe dan 3k thiyenawa .aulk na godai,Color Family:Silver,0,,,,,
electronics,4G Yagi Antenna Black Cable,https://www.daraz.lk/products/4g-yagi-antenna-black-cable-i122842984.html,10/4/23,TRUE,5,"The signal strength has increased, speed is the same as before but the signal fluctuations have reduced. Good for signal issues.",Color Family:Silver,1,,,,,
electronics,4G Yagi Antenna Black Cable,https://www.daraz.lk/products/4g-yagi-antenna-black-cable-i122842984.html,10/3/23,TRUE,5,සුපිරි ම ඇන්ටනාව.⁣මට tower එකට 10km විතර තියෙනවා. ඒත් මේ ඇන්ටනාවට සිග්නල් කනු 2ක් සෙට් වෙනවා. ඒක හොදටම ඇති..,Color Family:Silver,1,,,,,
electronics,4G Yagi Antenna Black Cable,https://www.daraz.lk/products/4g-yagi-antenna-black-cable-i122842984.html,4/29/23,TRUE,5,very good product. thank you.,Color Family:Silver,1,,,,,
electronics,4G Yagi Antenna Black Cable,https://www.daraz.lk/products/4g-yagi-antenna-black-cable-i122842984.html,4/2/25,TRUE,5,"Well Packed, I will Update my Review After Installation Done.",Color Family:Silver,1,,,,,
electronics,4G Yagi Antenna Black Cable,https://www.daraz.lk/products/4g-yagi-antenna-black-cable-i122842984.html,1/3/24,TRUE,5,1Mbps කලින් ආවෙ. දැන් 20Mbps එනවා. 💥,Color Family:Silver,4,,,,,
electronics,4G Yagi Antenna Black Cable,https://www.daraz.lk/products/4g-yagi-antenna-black-cable-i122842984.html,4/5/25,TRUE,5,ගෙදර ඇතුලට එක කනුවක්වත් තිබ්බෙ නැ දැන් තියනවා.සුපිරි❤️,Color Family:Silver,0,,,,,
electronics,4G Yagi Antenna Black Cable,https://www.daraz.lk/products/4g-yagi-antenna-black-cable-i122842984.html,7/17/25,TRUE,5,Supiri Kalin පොඩ්ඩක්වත් තිබ්බෙ na dan kanu දෙකක් awa,Color Family:Silver,0,,,,,
electronics,4G Yagi Antenna Black Cable,https://www.daraz.lk/products/4g-yagi-antenna-black-cable-i122842984.html,6/25/23,TRUE,5,ගොඩක් හොද භාන්ඩයක්. බය නැතුව ගන්න. හයි කරන්න ඕන විදිහ පැහැදිලිව තියනව. හොදට පාර්සල් කරල තිබ්බ. කොලිටි එක ගොඩක්ම හොදට නැති උනාට ගෙවන ගානට වටිනව.,Color Family:Silver,4,,,,,
electronics,4G Yagi Antenna Black Cable,https://www.daraz.lk/products/4g-yagi-antenna-black-cable-i122842984.html,8/24/23,TRUE,5,Awesome Product actually our area has no coverage for dialog hbb but now available full coverage by using yagi antena that is my 3rd order from same store,Color Family:Silver,3,,,,,
electronics,4G Yagi Antenna Black Cable,https://www.daraz.lk/products/4g-yagi-antenna-black-cable-i122842984.html,9/21/23,TRUE,5,It's a very good product. i recommend this product to who wish to buy an antenna for router,Color Family:Silver,1,,,,,
electronics,4G Yagi Antenna Black Cable,https://www.daraz.lk/products/4g-yagi-antenna-black-cable-i122842984.html,8/5/23,TRUE,5,"මේකනම් සුපිරි යක් මේ 4G Yagi ඇන්ටනා එක සෙට්  කරාට පස්සේ සිග්නල් කණුව හතරක් පෙන්නනවා ඒක කණුවක් යනවා එනවා ඒක ලොකුවට ප්‍රශ්නයක් උනේ නෑ games play කරන්න එම පුළුවන් කිසි අවුලක් නෑ මම play karanne (valorant) ගේම් එක ඒකෙ පින් එක 45-58 හතර යනවා මේ ඇන්ටනා එක සුපිරියක් (මම mobitel 4G unlock router  එකට mobitel mobile 4g sim එකක් දාලා)
 ඇන්ටනා එක බිම ඉඳලා අඩි 12ක් උස්සලා තියෙන්නේ",Color Family:Silver,7,,,,,
electronics,4G Yagi Antenna Black Cable,https://www.daraz.lk/products/4g-yagi-antenna-black-cable-i122842984.html,12/21/24,TRUE,5,දවස් පහකින් වගෙ ලැබුනා.කලින් sinr 4ක් වගෙ තිබ්බෙ,Color Family:Silver,0,,,,,
electronics,4G Yagi Antenna Black Cable,https://www.daraz.lk/products/4g-yagi-antenna-black-cable-i122842984.html,12/28/24,TRUE,5,"antenna ව හොදයි
කලින් ට වඩා signal තියෙනවා 🙂💯",Color Family:Silver,1,,,,,
electronics,4G Yagi Antenna Black Cable,https://www.daraz.lk/products/4g-yagi-antenna-black-cable-i122842984.html,7/2/24,TRUE,5,this antenna perfectly work. I highly recommend.but seller not respond my massage.and fast delivery,Color Family:Silver,0,,,,,
electronics,4G Yagi Antenna Black Cable,https://www.daraz.lk/products/4g-yagi-antenna-black-cable-i122842984.html,1/29/25,TRUE,5,supiriyak thmi....dala thbb dwstm currior kr,Color Family:Silver,0,,,,,
electronics,4G Yagi Antenna Black Cable,https://www.daraz.lk/products/4g-yagi-antenna-black-cable-i122842984.html,2/26/26,TRUE,5,Signal Bar 3 k Una.Reccomended product.,Color Family:Silver,0,,,,,
electronics,4G Yagi Antenna Black Cable,https://www.daraz.lk/products/4g-yagi-antenna-black-cable-i122842984.html,2/12/26,TRUE,5,"good product..  having not 4g.

after",Color Family:Silver,0,,,,,
electronics,4G Yagi Antenna Black Cable,https://www.daraz.lk/products/4g-yagi-antenna-black-cable-i122842984.html,6/6/24,TRUE,5,supirima antenna ekak kiyala tiyana usa tiyanawanm hodatama signal enawa seller godak hodai highly recommend      🥳🥳🥳,Color Family:Silver,0,,,,,
electronics,4G Yagi Antenna Black Cable,https://www.daraz.lk/products/4g-yagi-antenna-black-cable-i122842984.html,6/4/24,TRUE,5,ඇත්තටම සුපිරි. මට හරි ගියා. බය නැතුව ගන්න. ඔයලාත් හරියනවද බලලා ඔයාලටත. Seller Customers ලා එක්ක ගොඩක් ෆිට් ඇත්තටම හොද product එකක් කියලා කියන්න පුලුවන්.,Color Family:Silver,1,,,,,
electronics,4G Yagi Antenna Black Cable,https://www.daraz.lk/products/4g-yagi-antenna-black-cable-i122842984.html,1/15/25,TRUE,5,ඇත්තටම සුපිරි නියමයි මේක thank you 😍,Color Family:Silver,0,,,,,
electronics,4G Yagi Antenna Black Cable,https://www.daraz.lk/products/4g-yagi-antenna-black-cable-i122842984.html,12/28/24,TRUE,5,"Good👍 Quality Antana
sapped Delivery",Color Family:Silver,0,,,,,
electronics,4G Yagi Antenna Black Cable,https://www.daraz.lk/products/4g-yagi-antenna-black-cable-i122842984.html,6/6/24,TRUE,4,"S20 unlock router එකකට සම්බන්ධකරල බැලුවා එත් හිතුව තරම් signal වැඩි උනෙ නැ hutch sim එකක් පාවිච්චි කරන්නෙ එත් speed නම් වරදක් නැ download upload දෙකම හොදයි, දව්ස් 2න් delivery කරා.",Color Family:Silver,0,,,,,
electronics,4G Yagi Antenna Black Cable,https://www.daraz.lk/products/4g-yagi-antenna-black-cable-i122842984.html,10/11/24,TRUE,5,good product ... before and after,Color Family:Silver,1,,,,,
electronics,4G Yagi Antenna Black Cable,https://www.daraz.lk/products/4g-yagi-antenna-black-cable-i122842984.html,7/25/25,TRUE,5,"Super Antana , Highly recommend ❤️",Color Family:Silver,0,,,,,
electronics,4G Yagi Antenna Black Cable,https://www.daraz.lk/products/4g-yagi-antenna-black-cable-i122842984.html,5/30/24,TRUE,5,"ඇත්තටම ඇන්ටනාවනම් හොදයි. මන් ගෙනල්ලා දැන් ගොඩ මාසෙකටත් වැඩියි ඒත් සිග්නල් තිබුනේ නෑ. අද රව්ටර් එක අන්ලොක් කරලා හච් සිම් එකක් දැම්මා කනු තුනයි තිබුනේ. අද පොඩ්ඩක් වෙනස් කරා ඇන්ටනාව තියන විදිය.
ඊට පස්සෙ කනු 5 ක් ආවා. හිටපු ගමන් 4 ක් වෙනවා සිග්නල් කනු ඔක්කොම තියනවා.
ඒත් speed එක යන්නේ 2 mbps ,වගේ😓👍",Color Family:Silver,1,,,,,
electronics,4G Yagi Antenna Black Cable,https://www.daraz.lk/products/4g-yagi-antenna-black-cable-i122842984.html,11/15/22,TRUE,5,"නියම ඇන්ටනාව බය නැතුව ගන්න....මම තාම හරියට antanawa fix කරන්නෙත් නැතුව signal strength දෙකක් එනවා     

speed එකත් සුපිරියටම තියෙනවා",Color Family:Silver,8,,,,,
electronics,4G Yagi Antenna Black Cable,https://www.daraz.lk/products/4g-yagi-antenna-black-cable-i122842984.html,1/5/25,TRUE,5,It's working perfectly,Color Family:Silver,0,,,,,
electronics,4G Yagi Antenna Black Cable,https://www.daraz.lk/products/4g-yagi-antenna-black-cable-i122842984.html,10/11/24,TRUE,5,Good recommended,Color Family:Silver,0,,,,,
electronics,4G Yagi Antenna Black Cable,https://www.daraz.lk/products/4g-yagi-antenna-black-cable-i122842984.html,10/23/24,TRUE,5,Good product,Color Family:Silver,0,,,,,
electronics,4G Yagi Antenna Black Cable,https://www.daraz.lk/products/4g-yagi-antenna-black-cable-i122842984.html,4/2/25,TRUE,5,very good,Color Family:Silver,0,,,,,
electronics,4G Yagi Antenna Black Cable,https://www.daraz.lk/products/4g-yagi-antenna-black-cable-i122842984.html,4/8/26,TRUE,5,Good,වර්ණ කාණ්ඩය:රිදී,0,,,,,
electronics,4G Yagi Antenna Black Cable,https://www.daraz.lk/products/4g-yagi-antenna-black-cable-i122842984.html,11/4/25,TRUE,5,Not bad,Color Family:Silver,0,,,,,
electronics,4G Yagi Antenna Black Cable,https://www.daraz.lk/products/4g-yagi-antenna-black-cable-i122842984.html,1/10/24,TRUE,3,"Can't get the performance I supposed, product quality is good.",Color Family:Silver,1,,,,,
electronics,4G Yagi Antenna Black Cable,https://www.daraz.lk/products/4g-yagi-antenna-black-cable-i122842984.html,2/19/23,TRUE,5,ඇත්තටම හොද product  එකක්. 😍 මම order එක දාලා දවස් 3 විතර මට package එක ලැබුනා. ගෙවන ගානට උපරිම සාධාරණයක් කරලා තියෙනවා. upload සහ download speed දෙකම දෙගුණයකින් විතර වැඩි උනා. මම antena එක බිම ඉදලා අඩි 25 විතර උසට සවි කරලා තියෙන්නෙ. තව උසට සවි කරොත් තවත් signal වැඩි වෙයි. 💖 package එකට damage වෙලා තිබ්බෙත් නැහැ. antena එකට අපු wire එකත් හොදයි. wire එකෙ දිගත් සැහෙන්න තියෙනවා. buy කරන අය මෙ seller ගෙන්ම buy කරන්න. මම recommend කරනවා. 😍💖,Color Family:Silver,17,,,,,
electronics,4G Yagi Antenna Black Cable,https://www.daraz.lk/products/4g-yagi-antenna-black-cable-i122842984.html,3/15/25,TRUE,3,No signal at all with Dialog router. Only 2-3 bars on unlocked Mobitel router. Poor cable and water sealing quality. ඩයලොග් රවුටර් එකට සිග්නල් නැත. මොබිටෙල් අන්ලොක් ර්වුටර් එකට සිග්නන්ල් 2-3 තියෙනවා. කේබල් quality එක ගොඩක්ම අඩුයි.ඇන්ටෙනාව ඉක්මනින් deliver කලා.,Color Family:Silver,0,,,,,
electronics,4G Yagi Antenna Black Cable,https://www.daraz.lk/products/4g-yagi-antenna-black-cable-i122842984.html,11/23/24,TRUE,3,කලිනුත් තිබ්බා එක කනුවක් එකත් එනවා යනවා මෙක හයිකරත් එක කනුවයි එකත් එනවා යනවා හැබැයි යින්ටනෙට් යිස්පිඩ් එකනම් චුට්ටක් වැඩි,වර්ණ කාණ්ඩය:රිදී,0,,,,,
electronics,4G Yagi Antenna Black Cable,https://www.daraz.lk/products/4g-yagi-antenna-black-cable-i122842984.html,3/31/24,TRUE,5,"Antana eka niymyi. S20 Unloack Router ekta Hutch sim ekk dla wda krnne.Signal boost wenne ne, hbyi hdta recieve wenawa. Wire ekth Qulity.Band 3 set une.Highly recommend!!. (Kalutara)",Color Family:Silver,1,,,,,
electronics,4G Yagi Antenna Black Cable,https://www.daraz.lk/products/4g-yagi-antenna-black-cable-i122842984.html,5/10/24,TRUE,5,super products signal bra 3k ahuweno 1k Eno yano 2k ahuweno Super products,Color Family:Silver,0,,,,,
electronics,4G Yagi Antenna Black Cable,https://www.daraz.lk/products/4g-yagi-antenna-black-cable-i122842984.html,7/12/24,TRUE,5,meka supiri 🔥🔥🔥🔥🔥👌👌👌👌,Color Family:Silver,0,,,,,
electronics,4G Yagi Antenna Black Cable,https://www.daraz.lk/products/4g-yagi-antenna-black-cable-i122842984.html,9/16/23,TRUE,5,good product,Color Family:Silver,1,,,,,
electronics,4G Yagi Antenna Black Cable,https://www.daraz.lk/products/4g-yagi-antenna-black-cable-i122842984.html,9/13/23,TRUE,5,Nice,Color Family:Silver,1,,,,,
electronics,4G Yagi Antenna Black Cable,https://www.daraz.lk/products/4g-yagi-antenna-black-cable-i122842984.html,7/11/24,TRUE,5,good 👍,Color Family:Silver,0,,,,,
electronics,4G Yagi Antenna Black Cable,https://www.daraz.lk/products/4g-yagi-antenna-black-cable-i122842984.html,5/11/23,TRUE,5,"This antenna worked better than I expected. Previously, I was getting a red color light with no signal on my router, but after installing this product, now  have over 80% signal strength. This is a good product, thank you.",Color Family:Silver,1,,,,,
electronics,4G Yagi Antenna Black Cable,https://www.daraz.lk/products/4g-yagi-antenna-black-cable-i122842984.html,6/8/24,TRUE,5,superb.. recommend for others,Color Family:Silver,0,,,,,
electronics,4G Yagi Antenna Black Cable,https://www.daraz.lk/products/4g-yagi-antenna-black-cable-i122842984.html,3/12/24,TRUE,5,Date එකට කලින්ම ආවා. තාම සෙට් කලේ නම් නෑ. සෙට් කරලම බලමුකො.,Color Family:Silver,1,,,,,
electronics,4G Yagi Antenna Black Cable,https://www.daraz.lk/products/4g-yagi-antenna-black-cable-i122842984.html,6/19/24,TRUE,3,"its totally not worked for me with dialog zlt s10 router. same signal strength as before and sometimes worst.
Thanks for accepting returns and refunds.",Color Family:Silver,1,,,,,
electronics,4G Yagi Antenna Black Cable,https://www.daraz.lk/products/4g-yagi-antenna-black-cable-i122842984.html,2/24/24,TRUE,5,"gains 2 signal bars for me, it was no signal at all without the antenna. #win",Color Family:Silver,0,,,,,
electronics,4G Yagi Antenna Black Cable,https://www.daraz.lk/products/4g-yagi-antenna-black-cable-i122842984.html,3/12/23,TRUE,5,"This is a good product. before i set this antenna i got only 4 signal bar and after set of this antenna i got 5 signal bar and upload and download speed also increased as a photos i attached.and also delivery within 4 days and this is good deal and worth for price.. Thankyou and i would like to giye small suggestion for this product.. "" if you guys can add small bulb into the antenna, then customers can easily identify antenna is connected well. otherwise antenna not connected with router we cannot identify it...( පුලුවන් කමක් තියේ නම් ඇන්ටනාවට පොඩි බල්බ් එකක් සෙට් කරන්න. එතකොට හරියට සම්බන්ඳ වෙලා තියෙනවද කියලා අදුනගන්න ලේසියි...)",Color Family:Silver,6,,,,,
electronics,4G Yagi Antenna Black Cable,https://www.daraz.lk/products/4g-yagi-antenna-black-cable-i122842984.html,6/9/23,TRUE,5,WoooooW.. amazing product… value for the money… 1000% recommended,Color Family:Silver,0,,,,,
electronics,4G Yagi Antenna Black Cable,https://www.daraz.lk/products/4g-yagi-antenna-black-cable-i122842984.html,12/16/23,TRUE,5,"There’s no single bar coverage in my home 🏡 then I have chosen this antenna I got two bars coverage in this December , I’m hoping will get full coverage in Summer time ❤️👍🏼",Color Family:Silver,0,,,,,
electronics,4G Yagi Antenna Black Cable,https://www.daraz.lk/products/4g-yagi-antenna-black-cable-i122842984.html,4/3/24,TRUE,5,හොදටම හොදයි....සුපිරි 👍👍👍👍,Color Family:Silver,1,,,,,
electronics,4G Yagi Antenna Black Cable,https://www.daraz.lk/products/4g-yagi-antenna-black-cable-i122842984.html,2/21/24,TRUE,5,"බඩු සුපිරි hutch වලටත් signal වැඩ 
බය නැතුව ගන්න",Color Family:Silver,1,,,,,
electronics,4G Yagi Antenna Black Cable,https://www.daraz.lk/products/4g-yagi-antenna-black-cable-i122842984.html,7/30/22,TRUE,5,Good product to use.signal strength is good.Thanks for your valuble service at this time.I reccomend this product.Good luck,Color Family:Silver,1,,,,,
electronics,4G Yagi Antenna Black Cable,https://www.daraz.lk/products/4g-yagi-antenna-black-cable-i122842984.html,10/26/23,TRUE,5,"කලින් thibunat wada 3 gunayak wage speed, kalin 4G eka stable signal kanuwak wath pennuwe naa, dn stable signal kanu 2k pennawa.",Color Family:Silver,0,,,,,
electronics,4G Yagi Antenna Black Cable,https://www.daraz.lk/products/4g-yagi-antenna-black-cable-i122842984.html,10/19/23,TRUE,5,"A very high quality locally produced product that serves the purpose like a charm. Seller is the producer, therefore you get the best support and firsthand information! RF reception is inherently subject to many parameters due to its nature, so you should find your best point to place your antenna for better results. Seller’s know how is at its best to educate even a layman for better results! Finally this product saved me time, money and effort of changing service providers with my relocation!",Color Family:Silver,1,,,,,
electronics,4G Yagi Antenna Black Cable,https://www.daraz.lk/products/4g-yagi-antenna-black-cable-i122842984.html,3/13/24,TRUE,5,good,Color Family:Silver,1,,,,,
electronics,4G Yagi Antenna Black Cable,https://www.daraz.lk/products/4g-yagi-antenna-black-cable-i122842984.html,1/30/24,TRUE,5,Highly recommended.,Color Family:Silver,0,,,,,
electronics,4G Yagi Antenna Black Cable,https://www.daraz.lk/products/4g-yagi-antenna-black-cable-i122842984.html,12/10/23,TRUE,5,එක සිග්නල් කනුවයි තිබුනෙ..දැන් ෆුල් සිග්නල්..පට්ට ඈ ❤❤❤😋,වර්ණ කාණ්ඩය:රිදී,0,,,,,
electronics,4G Yagi Antenna Black Cable,https://www.daraz.lk/products/4g-yagi-antenna-black-cable-i122842984.html,12/5/24,TRUE,5,මට ගෙදරට කොහොමවත් 4G  සිග්නල් නැ 4G Yagi Antenna එක ගැහුවට පස්සේ හොදට සිග්නල් තියනවා ඉතාමත් හොද නිෂ්පාදනයක්  Thank you ...,Color Family:Silver,0,,,,,
electronics,4G Yagi Antenna Black Cable,https://www.daraz.lk/products/4g-yagi-antenna-black-cable-i122842984.html,12/2/24,TRUE,5,"ඇන්ටනා එක සුපිරි, මේක connect කරනකොට දැනට තියන අන්ටනා දෙකම අයින් කරලා මේක විතරක් මැනුවල් එකේ තියන විදිහට සවි කලා supiri Thank you seller 😍",Color Family:Silver,0,,,,,
electronics,4G Yagi Antenna Black Cable,https://www.daraz.lk/products/4g-yagi-antenna-black-cable-i122842984.html,9/15/24,TRUE,1,It's not working. i don't know the problem. i follow the instructions as given but not working properly. without it router working fine.,Color Family:Silver,1,,,,,
electronics,4G Yagi Antenna Black Cable,https://www.daraz.lk/products/4g-yagi-antenna-black-cable-i122842984.html,2/12/25,TRUE,5,"💯💥High Recommend 💥💯
Antanawa Supiriyatama Wada..  Single stable.. 
kalin thibbe 1Mbps wage. Dn Dawalta 10MBPs Thiyenawa.Rata 15Mbps walin uda Thiyenaw..

💥Anith aya dala thiyena rewive balala gaththe ewa aththa..💥💯
 Baya Nathuwa ganna. antanawa adi 18ka wge radewwe..",Color Family:Silver,0,,,,,
electronics,4G Yagi Antenna Black Cable,https://www.daraz.lk/products/4g-yagi-antenna-black-cable-i122842984.html,12/13/24,TRUE,5,"ඇන්ටනාව නම් සුපිරියි.
මගෙ රවුටරේට සිග්නල් එකක්වත් තිබ්බෙ නෑ.
ළඟ ගෙවල් වලටත් රවුටරේ අරන් ගිහින් බැලුවා.
කොහෙත්ම සිග්නල් තිබුණෙ නෑ.
අද මම මේ ඇන්ටනාව සෙට් කරා.
දැන් සිග්නල් බාර් 2ක් තියෙනවා.
ස්පීඩ් එකත් හොඳයි",Color Family:Silver,0,,,,,
electronics,4G Yagi Antenna Black Cable,https://www.daraz.lk/products/4g-yagi-antenna-black-cable-i122842984.html,10/21/25,TRUE,5,"Works great with Hutch around 80% signal, Dialog giving 100% closer to Kegalle town. Speeds have significantly increased compared to the internal antennas. Also significantly increases carrier aggregation.",Color Family:Silver,1,,,,,
electronics,4G Yagi Antenna Black Cable,https://www.daraz.lk/products/4g-yagi-antenna-black-cable-i122842984.html,10/16/24,TRUE,5,"received, in good condition. trusted seller. this is my second order.
very good communication. do not hesitate to buy.",Color Family:Silver,0,,,,,
electronics,4G Yagi Antenna Black Cable,https://www.daraz.lk/products/4g-yagi-antenna-black-cable-i122842984.html,2/8/26,TRUE,5,💯 percent Worth this product guys don't waste your money to buy dialog special antenna it's cost 12k but this product cost just 4k and worth 🔥,Color Family:Silver,0,,,,,
electronics,4G Yagi Antenna Black Cable,https://www.daraz.lk/products/4g-yagi-antenna-black-cable-i122842984.html,10/7/25,TRUE,5,"Superb ❤️😍 
Dialog S10 Router එක..
කලින් එක කණුවයි තිබ්බේ දැන් 05ම තියනවා 😁❤️
බය නැතුව ගන්න .. Highly Recommend 😍",Color Family:Silver,0,,,,,
electronics,4G Yagi Antenna Black Cable,https://www.daraz.lk/products/4g-yagi-antenna-black-cable-i122842984.html,3/18/23,TRUE,5,Antenna ඒක හයි කරන්න කලින් නම් කනු 1යි හයි කලාම කනු dekak una මම බලාපොරොත්තු උනෙ නම් සිග්නල් කනු පුල් ඒවි කියලා ☹️.,Color Family:Silver,2,,,,,
electronics,4G Yagi Antenna Black Cable,https://www.daraz.lk/products/4g-yagi-antenna-black-cable-i122842984.html,12/28/24,TRUE,5,ඇන්ටනව නම් සුපිරී.....කලින් එක කනුවක් වත් තිබ්බ්‍ර් නැහෑ සිග්නල් තැබිලි පාට වෙල තිබ්බෙ ඇරෝ මාක් එකත්...දැන් කනු 3ක් ම තියෙනවා හැබැයි කනු 2ක් ස්ටේබල් තියේ හොදට,Color Family:Silver,0,,,,,
electronics,4G Yagi Antenna Black Cable,https://www.daraz.lk/products/4g-yagi-antenna-black-cable-i122842984.html,9/25/24,TRUE,1,"1 picture speed test is without yagi antenna

2 pictures is with Antenna no signal with antenna

Please Help me everyone try to get full signal please",Color Family:Silver,0,,,,,
electronics,4G Yagi Antenna Black Cable,https://www.daraz.lk/products/4g-yagi-antenna-black-cable-i122842984.html,7/17/25,TRUE,5,කිව්ව විදිහටම Antenna එක තිබුණා. antenna එක set කරන්න කලින් signal stable තිබුණේ නෑ. ඒත් දැන් signal bar 5ම stable. ඒ වගේම හොඳට pack කරලා එවලා තිබුණා. කිසිම Damage එකක් තිබුණෙ නෑ. Thank you seller. (router:- Huawei b310-927 unlocked with dialog connection).,Color Family:Silver,1,,,,,
electronics,4G Yagi Antenna Black Cable,https://www.daraz.lk/products/4g-yagi-antenna-black-cable-i122842984.html,11/14/24,TRUE,5,"4G Yagi antenna has significantly improved my router’s signal strength and speed. Setup was easy, and the difference in performance is noticeable. Highly recommend it for anyone needing a reliable signal boost ❤️",Color Family:Silver,0,,,,,
electronics,4G Yagi Antenna Black Cable,https://www.daraz.lk/products/4g-yagi-antenna-black-cable-i122842984.html,4/2/25,TRUE,5,Good Product before I installed it I only had 1 signal bar after the installation I got 3 signal bars. Connection lost when raining,Color Family:Silver,0,,,,,
electronics,4G Yagi Antenna Black Cable,https://www.daraz.lk/products/4g-yagi-antenna-black-cable-i122842984.html,2/1/26,TRUE,5,Antenna එක නම් කිසිම අවුලක් නොවී ලැබුනා.... ඒත් රවුටර් එකට තියෙන සිග්නල් ගානමයි තියෙන්නෙ. පොඩ්ඩක් වත් වැඩි වෙන්නෙ නෑ. එයාලගේ උපදෙස් සියල්ලටම සෙට් කරලා. 😥,Color Family:Silver,0,,,,,
electronics,4G Yagi Antenna Black Cable,https://www.daraz.lk/products/4g-yagi-antenna-black-cable-i122842984.html,6/14/25,TRUE,5,"Great product , I have received it on time .It work like magic , i got every bars in my router and also it work to hutch sim as well!💯",Color Family:Silver,0,,,,,
electronics,4G Yagi Antenna Black Cable,https://www.daraz.lk/products/4g-yagi-antenna-black-cable-i122842984.html,3/23/23,TRUE,5,"සුපිරි ඇන්ටනාවක්. හොදට පරිස්සමෙන් පැක් කරලා එව්වා. සිග්නලුත් හොදටම සෙට් උනා.
එවන instruction විදිහට ම කරන්න. එතකොට 100% ක් වැඩ.
customer service එකත් සුපිරි. ඕනි දෙයක් කියලා දෙනවා. 
highly recommended seller ❤️😈

Good luck 🤝",Color Family:Silver,2,,,,,
electronics,4G Yagi Antenna Black Cable,https://www.daraz.lk/products/4g-yagi-antenna-black-cable-i122842984.html,5/15/25,TRUE,5,"There is absolutely no coverage in my house. I can't even make normal calls. I inserted an Airtel SIM into my ZLT S12 Pro router, but there’s no Airtel coverage inside my house. However, after installing this antenna, I started getting signal. I have raised it to around 15 feet. Now I’m getting decent coverage. I believe I could get even better signal if I raise it higher, but I didn’t do so because of nearby power lines. The speed is good at night. I’m very happy with this purchase. I’m saying this after using it for one week. I recommend it. Don’t hesitate to buy it.👍😍😍",Color Family:Silver,0,,,,,
electronics,4G Yagi Antenna Black Cable,https://www.daraz.lk/products/4g-yagi-antenna-black-cable-i122842984.html,10/22/25,TRUE,5,හිතුවට වඩා පොඩි හැබැයි. දැන් ස්ටෙබල් කනු තුනක් තියෙනවා ♥️. තව ඉස්සුවොත් වෙනස් ජර ගන්න පුලුවන් වෙයි.හොදයි♥️✨,Color Family:Silver,0,,,,,
electronics,4G Yagi Antenna Black Cable,https://www.daraz.lk/products/4g-yagi-antenna-black-cable-i122842984.html,10/31/22,TRUE,5,"ම ඇන්ටනා එක සුපිරි, බයක් සැකක් නැති ව ගන්න. Verry Good product",Color Family:Silver,2,,,,,
electronics,4G Yagi Antenna Black Cable,https://www.daraz.lk/products/4g-yagi-antenna-black-cable-i122842984.html,2/9/24,TRUE,5,good product 😇,Color Family:Silver,0,,,,,
electronics,4G Yagi Antenna Black Cable,https://www.daraz.lk/products/4g-yagi-antenna-black-cable-i122842984.html,1/14/25,TRUE,5,"before 2 signal. but download speed medium.
after the installation 3 signal. but no network.",Color Family:Silver,0,,,,,
electronics,4G Yagi Antenna Black Cable,https://www.daraz.lk/products/4g-yagi-antenna-black-cable-i122842984.html,8/24/24,TRUE,5,"මගේ S10 unlock එකට නෝමල් mobitel සිම් එක දාලා band 3 ඇතුලට සිග්නල් හරියට තිබ්බෙ නෑ වෙලාවකට 1ක් එක්කෝ නෑ.but 
speed download 8mbps upload 1mbps මට අප්ලෝඩ් ඕන වෙලා තිබ්බේ.වහලෙට 7ක් වගේ upload තිබ්බා.අඩි 25 30 ඉස්සුවා හරිගියේ නෑ.පස්සේ වහලේ මට සිග්නල් තිබ්බ ගානට ඉස්සුවා   .වැඩේ ගොඩ දැන් UPLOAD ගොඩ බඩු හොදයි",Color Family:Silver,0,,,,,
electronics,4G Yagi Antenna Black Cable,https://www.daraz.lk/products/4g-yagi-antenna-black-cable-i122842984.html,8/20/24,TRUE,5,"මන් පාවිච්චී කරන්නේ Dialog zlt S10 රවුටර් එකක් , ඒ රවුටර් එකේ සිග්නල් කනු දෙකක් තුනක් තිබුනත් internet යන්ඩ බෑ. සිග්නල් මදි වගේ හුගක් Slow , සමහර වෙලාවට යන්නෙම නෑ. 

ඊටපස්සේ තමයි මේ ඇන්ටනාවා ගත්තේ ,. කියලා තිබුන විදියටම ගොඩක් උසින් ගැහුවේ.  හැබැයි රවුටරේ සිග්නල් කනු නම් වැඩි උනේ නෑ. ඒත් කනු තුනක් තියෙනවා අඩු වෙන්නේම නෑ. ඒවගේම දැන් කලින් වගේ සිග්නල් කනු තිබිලත් internet යන්ඩ බැරි ප්‍රශ්නේ නෑ. මේ ඇන්ටනාව නිසා ඒක විසදුනා. අනික දැන් කලින්ට වඩා හුගක් Speed. රෑට කියලා වෙනසක් වෙන්නේත් නෑ. වැස්ස වෙලාවටත් සිග්නල් අඩු නොවී එක ගානට තියෙනවා . ඇත්තටම හොද ඇන්ටනාවක්.",Color Family:Silver,0,,,,,
electronics,4G Yagi Antenna Black Cable,https://www.daraz.lk/products/4g-yagi-antenna-black-cable-i122842984.html,12/10/23,TRUE,4,Good Product 😊  සිග්නල් කනු 4ක් ආව. #Win,Color Family:Silver,0,,,,,
electronics,4G Yagi Antenna Black Cable,https://www.daraz.lk/products/4g-yagi-antenna-black-cable-i122842984.html,4/6/25,TRUE,5,Tozed v10 router ekata mn gennuwa supiri  supiriyata siganal thiyanawa baya nethuwa ganna,Color Family:Silver,0,,,,,
electronics,4G Yagi Antenna Black Cable,https://www.daraz.lk/products/4g-yagi-antenna-black-cable-i122842984.html,6/26/25,TRUE,5,සුපිරි ඇන්ටනාවක් කියන්න දෙයක් නැ සුපිරියක් උපදෙස් පත්‍රිකාව හොදට කියවල මේක set කරගන්න.,Color Family:Silver,0,,,,,
electronics,4G Yagi Antenna Black Cable,https://www.daraz.lk/products/4g-yagi-antenna-black-cable-i122842984.html,10/18/23,TRUE,5,Wow! This is awesome🤩 Thank you so much guys! Very Recommended!,Color Family:Silver,0,,,,,
electronics,4G Yagi Antenna Black Cable,https://www.daraz.lk/products/4g-yagi-antenna-black-cable-i122842984.html,1/22/24,TRUE,5,very Use full,Color Family:Silver,1,,,,,
electronics,4G Yagi Antenna Black Cable,https://www.daraz.lk/products/4g-yagi-antenna-black-cable-i122842984.html,8/6/24,TRUE,5,Good item… දැන් WhatsApp video call හොදට ගන්න පුලුවන්.. කලින් Audio call එකක් වත් ගන්න බැරුව තිබ්බේ..,Color Family:Silver,0,,,,,
electronics,4G Yagi Antenna Black Cable,https://www.daraz.lk/products/4g-yagi-antenna-black-cable-i122842984.html,6/21/26,TRUE,5,This antenna working perfectly. its gain much signal. highly recommended this product,Color Family:Silver,0,,,,,
electronics,4G Yagi Antenna Black Cable,https://www.daraz.lk/products/4g-yagi-antenna-black-cable-i122842984.html,8/9/24,TRUE,5,"ගොඩක්ම ඉක්මනට ආව...delivery එකත් සුපිරියි.
antena එකත් හොදට වැඩ බය නැතිව තව කෙනෙක්ට recommend කරන්න පුලුවන්.😍
Thank you very much.",Color Family:Silver,0,,,,,
electronics,4G Yagi Antenna Black Cable,https://www.daraz.lk/products/4g-yagi-antenna-black-cable-i122842984.html,11/16/23,TRUE,5,Very good product. Best value for money,Color Family:Silver,0,,,,,
electronics,4G Yagi Antenna Black Cable,https://www.daraz.lk/products/4g-yagi-antenna-black-cable-i122842984.html,1/5/24,TRUE,5,good product,Color Family:Silver,0,,,,,
electronics,4G Yagi Antenna Black Cable,https://www.daraz.lk/products/4g-yagi-antenna-black-cable-i122842984.html,1/19/24,TRUE,4,The product works as promised. But the issue is the gain of the signal is too week. Need to do some roof top setup to get the best signal and see how to improve the quality of the signal. But product delivers. Don't be fooled by the image. you wont get two Antennas for the price mentioned. you will only get ONE.,Color Family:Silver,0,,,,,
electronics,4G Yagi Antenna Black Cable,https://www.daraz.lk/products/4g-yagi-antenna-black-cable-i122842984.html,7/28/24,TRUE,1,melo rahak na mokekwath ganna epa meka ge athule nikan thiyeddi hodata signal thiynwa meka gahuwama pakawath na 🤢🤮 iya huththo oita wada higa kapan,Color Family:Silver,3,,,,,
electronics,4G Yagi Antenna Black Cable,https://www.daraz.lk/products/4g-yagi-antenna-black-cable-i122842984.html,1/15/23,TRUE,5,Super quality product 🥰. Highly recommended. Thanks Daraz and Sellar.,Color Family:Silver,2,,,,,
electronics,4G Yagi Antenna Black Cable,https://www.daraz.lk/products/4g-yagi-antenna-black-cable-i122842984.html,3/15/23,TRUE,5,I'm very satisfied for this antenna.,Color Family:Silver,1,,,,,
electronics,4G Yagi Antenna Black Cable,https://www.daraz.lk/products/4g-yagi-antenna-black-cable-i122842984.html,9/1/24,TRUE,5,Great service. Antenna is works just fine. Previously i got only 1 signl. Now its 4 ☺,Color Family:Silver,0,,,,,
electronics,4G Yagi Antenna Black Cable,https://www.daraz.lk/products/4g-yagi-antenna-black-cable-i122842984.html,3/13/23,TRUE,5,Supiriyata weda karanawa. Dialog s10 router eke signal bar 2k awath slow wela thibbe. dn signal bar 3k 4k thiyenawa. speed ekath hodai.,Color Family:Silver,0,,,,,
electronics,4G Yagi Antenna Black Cable,https://www.daraz.lk/products/4g-yagi-antenna-black-cable-i122842984.html,12/6/22,TRUE,5,Oyala dipu yagi antenna eka supiri.dan signal kanu okkoma pennanawa.kalin eka kanuwakwath pennuwe nehe.eth dan okkoma pennanawa thank you daraz oyalata🙏😘,Color Family:Silver,1,,,,,
electronics,4G Yagi Antenna Black Cable,https://www.daraz.lk/products/4g-yagi-antenna-black-cable-i122842984.html,12/22/23,TRUE,5,brilliant .,Color Family:Silver,1,,,,,
electronics,4G Yagi Antenna Black Cable,https://www.daraz.lk/products/4g-yagi-antenna-black-cable-i122842984.html,9/13/23,TRUE,5,"best packing, fast delivery, best seller 
respect your service",Color Family:Silver,1,,,,,
electronics,4G Yagi Antenna Black Cable,https://www.daraz.lk/products/4g-yagi-antenna-black-cable-i122842984.html,9/12/23,TRUE,5,බය නැතුව ගන්න වැඩක් කර ගන්න එකි මට්ටමට සිග්නල් ගන්න පුලුවන් ❤️,Color Family:Silver,0,,,,,
electronics,4G Yagi Antenna Black Cable,https://www.daraz.lk/products/4g-yagi-antenna-black-cable-i122842984.html,11/24/24,TRUE,5,"antenna හොදයි 4g bsnd 1, 3, විතරයි වැඩ කරන්නේ band 40,41 වැඩ කරන්නේ නෑ",Color Family:Silver,0,,,,,
electronics,4G Yagi Antenna Black Cable,https://www.daraz.lk/products/4g-yagi-antenna-black-cable-i122842984.html,7/4/24,TRUE,1,මම ඇන්ටනාව ගන්න කලින් සිග්නල් කනු තිබුනෙ නැ එත් කනු නිල් පාට වෙනවා ඇන්ටනාව අඩි 35ක් විතර උස්සල ගැහුවා පස්සෙ කනු තුනක් ආව ඇන්ටනාව හයිකරන්න කලින් 10mbps වගෙ ස්පීඩ් එකක් තිබුනා ඇන්ටනාව ගැහුවාම සයිට් එක ලෝඩ් වෙන්නෙවත් නැ සමහරක් වෙලාවට no internet කියලත් වැටෙනවා මට සෙලර්ව කන්ටැක් කරගන්න ඔනෙ මෙක රිටර්න් කරල දෙන්න මට සිග්නල් කනු ආවට ස්පීඩ් නැහැ නැහැ කියන්නෙ ඇත්තෙම නැති තරන්  මෙක මට රිටර්න් කරල දෙන්න,Color Family:Silver,0,,,,,
electronics,4G Yagi Antenna Black Cable,https://www.daraz.lk/products/4g-yagi-antenna-black-cable-i122842984.html,7/5/24,TRUE,5,"ඒක ඇත්තටම වැඩ 😍👍
එක කනුවක්වත් නැතිව තිබ්බේ 
දැන් කණු 3 ක් තියෙනවා 
ස්පීඩ් එකත් වැඩී 
Good Product 👌💖",Color Family:Silver,0,,,,,
electronics,4G Yagi Antenna Black Cable,https://www.daraz.lk/products/4g-yagi-antenna-black-cable-i122842984.html,3/25/25,TRUE,5,mata aewapu aeka wedakaran na.mata maeka maru karala daenawda,වර්ණ කාණ්ඩය:රිදී,0,,,,,
electronics,4G Yagi Antenna Black Cable,https://www.daraz.lk/products/4g-yagi-antenna-black-cable-i122842984.html,7/22/23,TRUE,5,thank you 👍👍👍👍👍 before two bar signal now full signal,Color Family:Silver,0,,,,,
electronics,4G Yagi Antenna Black Cable,https://www.daraz.lk/products/4g-yagi-antenna-black-cable-i122842984.html,9/14/24,TRUE,5,"Good product. Boosts signal strength, RSSSI and SINR a lot.",Color Family:Silver,0,,,,,
electronics,4G Yagi Antenna Black Cable,https://www.daraz.lk/products/4g-yagi-antenna-black-cable-i122842984.html,1/22/25,TRUE,5,good product . upload speed nm adu una habai tikak withara,Color Family:Silver,0,,,,,
electronics,4G Yagi Antenna Black Cable,https://www.daraz.lk/products/4g-yagi-antenna-black-cable-i122842984.html,4/7/26,TRUE,5,Good product I got a good signal improvement or my router.,Color Family:Silver,0,,,,,
electronics,4G Yagi Antenna Black Cable,https://www.daraz.lk/products/4g-yagi-antenna-black-cable-i122842984.html,11/30/22,TRUE,5,"#WIN

කලින් signal 2යි ..දැන් signal Full.. 100% recomend this producs....💗🤗",Color Family:Silver,1,,,,,
electronics,4G Yagi Antenna Black Cable,https://www.daraz.lk/products/4g-yagi-antenna-black-cable-i122842984.html,7/3/24,TRUE,5,"I had no signal at all. But after installing this ,I got strong a connection . Highly recommanded",Color Family:Silver,0,,,,,
electronics,4G Yagi Antenna Black Cable,https://www.daraz.lk/products/4g-yagi-antenna-black-cable-i122842984.html,1/14/26,TRUE,5,Excellent product. Really improves the signal strength.,Color Family:Silver,0,,,,,
electronics,4G Yagi Antenna Black Cable,https://www.daraz.lk/products/4g-yagi-antenna-black-cable-i122842984.html,4/9/26,TRUE,5,Good product and deliverd before the estimated date.,Color Family:Silver,0,,,,,
electronics,4G Yagi Antenna Black Cable,https://www.daraz.lk/products/4g-yagi-antenna-black-cable-i122842984.html,3/15/25,TRUE,5,its working . router shows more two signal bars now.,Color Family:Silver,0,,,,,
electronics,4G Yagi Antenna Black Cable,https://www.daraz.lk/products/4g-yagi-antenna-black-cable-i122842984.html,3/30/25,TRUE,5,"Signal level increased successfully, good product",Color Family:Silver,0,,,,,
electronics,4G Yagi Antenna Black Cable,https://www.daraz.lk/products/4g-yagi-antenna-black-cable-i122842984.html,8/31/25,TRUE,5,RSRP improved from -95 to -74. Highly recommended.,Color Family:Silver,0,,,,,
electronics,4G Yagi Antenna Black Cable,https://www.daraz.lk/products/4g-yagi-antenna-black-cable-i122842984.html,2/8/26,TRUE,5,සුපිරියක් ඇන්ටනා එක හින්ද 4G+ සපෝර්ට් කරනවා දැන්,Color Family:Silver,0,,,,,
electronics,4G Yagi Antenna Black Cable,https://www.daraz.lk/products/4g-yagi-antenna-black-cable-i122842984.html,10/16/24,TRUE,5,ඇන්ටෙනාව වැඩ. Band 8 වලටත් සිග්නල් වැඩි උනා❤️‍🔥,වර්ණ කාණ්ඩය:රිදී,0,,,,,
electronics,4G Yagi Antenna Black Cable,https://www.daraz.lk/products/4g-yagi-antenna-black-cable-i122842984.html,1/13/26,TRUE,5,sathiyakin wage gedarata awa.antenna  eka hodai,Color Family:Silver,0,,,,,
electronics,4G Yagi Antenna Black Cable,https://www.daraz.lk/products/4g-yagi-antenna-black-cable-i122842984.html,6/20/26,TRUE,5,Superb. Thankyou soo much. Highly Recommended,Color Family:Silver,0,,,,,
electronics,4G Yagi Antenna Black Cable,https://www.daraz.lk/products/4g-yagi-antenna-black-cable-i122842984.html,5/18/25,TRUE,5,"best seller, Good product. Highly recommended",Color Family:Silver,0,,,,,
electronics,4G Yagi Antenna Black Cable,https://www.daraz.lk/products/4g-yagi-antenna-black-cable-i122842984.html,1/4/25,TRUE,5,Meka supiri signal strength eka wadi wenawa..,Color Family:Silver,0,,,,,
electronics,4G Yagi Antenna Black Cable,https://www.daraz.lk/products/4g-yagi-antenna-black-cable-i122842984.html,7/1/24,TRUE,5,Great purchase. Had two signal bars before. With the antenna now has five bars.,Color Family:Silver,0,,,,,
electronics,4G Yagi Antenna Black Cable,https://www.daraz.lk/products/4g-yagi-antenna-black-cable-i122842984.html,9/28/24,TRUE,5,supiri baya nethuwa ganna hodata weda karano,Color Family:Silver,0,,,,,
electronics,4G Yagi Antenna Black Cable,https://www.daraz.lk/products/4g-yagi-antenna-black-cable-i122842984.html,9/27/24,TRUE,5,Signal ඇත්තෙම නැතුව තිබ්බෙ මේක ඇත්තටම වටිනවා,වර්ණ කාණ්ඩය:රිදී,0,,,,,
electronics,4G Yagi Antenna Black Cable,https://www.daraz.lk/products/4g-yagi-antenna-black-cable-i122842984.html,12/15/22,TRUE,5,upload speed godak aduwen thibbe. upload speed wadi una.,Color Family:Silver,0,,,,,
electronics,4G Yagi Antenna Black Cable,https://www.daraz.lk/products/4g-yagi-antenna-black-cable-i122842984.html,12/19/24,TRUE,5,best product and friendly service 👍👍,Color Family:Silver,0,,,,,
electronics,4G Yagi Antenna Black Cable,https://www.daraz.lk/products/4g-yagi-antenna-black-cable-i122842984.html,3/6/25,TRUE,5,highly recommend.high quality product,Color Family:Silver,0,,,,,
electronics,4G Yagi Antenna Black Cable,https://www.daraz.lk/products/4g-yagi-antenna-black-cable-i122842984.html,1/18/26,TRUE,5,meka supiri aulak na hodata thiyenawa,වර්ණ කාණ්ඩය:රිදී,0,,,,,
electronics,4G Yagi Antenna Black Cable,https://www.daraz.lk/products/4g-yagi-antenna-black-cable-i122842984.html,3/13/25,TRUE,5,quality product........worth for mony,Color Family:Silver,0,,,,,
electronics,4G Yagi Antenna Black Cable,https://www.daraz.lk/products/4g-yagi-antenna-black-cable-i122842984.html,4/11/25,TRUE,5,ඇන්ටනාව හොදයි...සිග්නල් බාර් සේරම ආවා,Color Family:Silver,0,,,,,
electronics,4G Yagi Antenna Black Cable,https://www.daraz.lk/products/4g-yagi-antenna-black-cable-i122842984.html,4/23/26,TRUE,5,great product ..worth for the price,Color Family:Silver,0,,,,,
electronics,4G Yagi Antenna Black Cable,https://www.daraz.lk/products/4g-yagi-antenna-black-cable-i122842984.html,12/25/24,TRUE,5,Good antena. Singnal strength best.,Color Family:Silver,0,,,,,
electronics,4G Yagi Antenna Black Cable,https://www.daraz.lk/products/4g-yagi-antenna-black-cable-i122842984.html,2/22/26,TRUE,5,සුපිරි ඇන්ටනාව. දවස් 3 න් ආවා......,Color Family:Silver,0,,,,,
electronics,4G Yagi Antenna Black Cable,https://www.daraz.lk/products/4g-yagi-antenna-black-cable-i122842984.html,4/23/24,TRUE,1,සිග්නල් අහු වෙන්නෙ ක්‍රපු හොමවත්. ඇන්ටනාවට පවර් එක යනවද නැද්ද දන්නෙවත් නෑ.මොකද ඒකෙ බල්බ් එකක්වත් නෑ අඩු තරමෙ.. ඒ වගේම හයිය නෑ වයට් එක පොඩ්ඩක්වත්.කඩල් යනව නිකන්ම. ගන්න එපා මේකනම් වැඩක් නෑ,Color Family:Silver,1,,,,,
electronics,4G Yagi Antenna Black Cable,https://www.daraz.lk/products/4g-yagi-antenna-black-cable-i122842984.html,1/30/25,TRUE,5,Meka nm jathika bandayak supiri 😎,Color Family:Silver,0,,,,,
electronics,4G Yagi Antenna Black Cable,https://www.daraz.lk/products/4g-yagi-antenna-black-cable-i122842984.html,1/25/23,TRUE,5,Best product,Color Family:Silver,1,,,,,
electronics,4G Yagi Antenna Black Cable,https://www.daraz.lk/products/4g-yagi-antenna-black-cable-i122842984.html,1/18/26,TRUE,5,ඇත්තටම ගොඩක් හොදයි බය නැතුව ගන්න,Color Family:Silver,0,,,,,
electronics,4G Yagi Antenna Black Cable,https://www.daraz.lk/products/4g-yagi-antenna-black-cable-i122842984.html,1/27/25,TRUE,5,"fast shipping , quality product",Color Family:Silver,0,,,,,
electronics,4G Yagi Antenna Black Cable,https://www.daraz.lk/products/4g-yagi-antenna-black-cable-i122842984.html,6/24/23,TRUE,5,superb product,Color Family:Silver,0,,,,,
electronics,4G Yagi Antenna Black Cable,https://www.daraz.lk/products/4g-yagi-antenna-black-cable-i122842984.html,7/30/23,TRUE,5,nice buy,Color Family:Silver,0,,,,,
electronics,4G Yagi Antenna Black Cable,https://www.daraz.lk/products/4g-yagi-antenna-black-cable-i122842984.html,2/5/26,TRUE,5,Best product fast shipping ...,Color Family:Silver,0,,,,,
electronics,4G Yagi Antenna Black Cable,https://www.daraz.lk/products/4g-yagi-antenna-black-cable-i122842984.html,3/19/25,TRUE,5,Item received in good condition,Color Family:Silver,0,,,,,
electronics,4G Yagi Antenna Black Cable,https://www.daraz.lk/products/4g-yagi-antenna-black-cable-i122842984.html,3/15/26,TRUE,5,Meka maru hodata signal enawa,Color Family:Silver,0,,,,,
electronics,4G Yagi Antenna Black Cable,https://www.daraz.lk/products/4g-yagi-antenna-black-cable-i122842984.html,11/25/24,TRUE,5,Supiri.signal enawa hodatama🙏,Color Family:Silver,0,,,,,
electronics,4G Yagi Antenna Black Cable,https://www.daraz.lk/products/4g-yagi-antenna-black-cable-i122842984.html,5/1/24,TRUE,5,"Package was well arranged, fast delivery, reasonable price. Thanks for the prompt respond.",Color Family:Silver,0,,,,,
electronics,4G Yagi Antenna Black Cable,https://www.daraz.lk/products/4g-yagi-antenna-black-cable-i122842984.html,1/17/25,TRUE,5,Aththatama hoda antena ekak,Color Family:Silver,0,,,,,
electronics,"3D තිරය Magnifier Smartphone Magnifying වීදුරු, තිරය Enlarger, Magnifier 3D Movie Video තිරය ඇම්ප්ලිෆයර්.",https://www.daraz.lk/products/3d-magnifier-smartphone-magnifying-enlarger-magnifier-3d-movie-video-i101002439.html,10/9/25,TRUE,5,"කවුරුවත් මේ නිෂ්පාදනය ගන්න එපා මේක විශාලනය කරන කාචයක් කියලා දාලා තියෙන්නේ කාචයක් හදන්නෙ ග්ලාස් වලින් ග්ලාස් කියලා මේකේ දාලා තියෙනවා මේක ග්ලාස් නොවෙයි තනිකර පෝස්ටික් වලින් හදලා තියෙන්නේ කොළ ටිය ගොඩක් අඩුයි,මේක ස්ක්‍රීන් එක හදල තියෙන්නෙ පොලිතීන් කොලයකින් ඒක හීරිල්ලත් එක්ක තියෙන්නේ",Color Family:…,4,,,,,
electronics,"3D තිරය Magnifier Smartphone Magnifying වීදුරු, තිරය Enlarger, Magnifier 3D Movie Video තිරය ඇම්ප්ලිෆයර්.",https://www.daraz.lk/products/3d-magnifier-smartphone-magnifying-enlarger-magnifier-3d-movie-video-i101002439.html,5/21/26,TRUE,5,ඉතාම හොදයි.ඩිලිවරි කිරීමේදී සමහර තැන් ඩැමේජ්,Color Family:…,0,,,,,
electronics,"3D තිරය Magnifier Smartphone Magnifying වීදුරු, තිරය Enlarger, Magnifier 3D Movie Video තිරය ඇම්ප්ලිෆයර්.",https://www.daraz.lk/products/3d-magnifier-smartphone-magnifying-enlarger-magnifier-3d-movie-video-i101002439.html,11/13/25,TRUE,5,සුපිරි product එක රැ.12 සෑහෙන්න වටිනවා.,Color Family:…,0,,,,,
electronics,"3D තිරය Magnifier Smartphone Magnifying වීදුරු, තිරය Enlarger, Magnifier 3D Movie Video තිරය ඇම්ප්ලිෆයර්.",https://www.daraz.lk/products/3d-magnifier-smartphone-magnifying-enlarger-magnifier-3d-movie-video-i101002439.html,10/1/25,TRUE,5,it was broken not worth it,Color Family:…,0,,,,,
electronics,"3D තිරය Magnifier Smartphone Magnifying වීදුරු, තිරය Enlarger, Magnifier 3D Movie Video තිරය ඇම්ප්ලිෆයර්.",https://www.daraz.lk/products/3d-magnifier-smartphone-magnifying-enlarger-magnifier-3d-movie-video-i101002439.html,11/9/24,TRUE,5,this is product not used,Color Family:…,0,,,,,
electronics,"3D තිරය Magnifier Smartphone Magnifying වීදුරු, තිරය Enlarger, Magnifier 3D Movie Video තිරය ඇම්ප්ලිෆයර්.",https://www.daraz.lk/products/3d-magnifier-smartphone-magnifying-enlarger-magnifier-3d-movie-video-i101002439.html,11/13/25,TRUE,5,සුපිරි product එක රැ.12 සෑහෙන්න වටිනවා.,Color Family:…,0,,,,,
electronics,"3D තිරය Magnifier Smartphone Magnifying වීදුරු, තිරය Enlarger, Magnifier 3D Movie Video තිරය ඇම්ප්ලිෆයර්.",https://www.daraz.lk/products/3d-magnifier-smartphone-magnifying-enlarger-magnifier-3d-movie-video-i101002439.html,10/1/25,TRUE,5,it was broken not worth it,Color Family:…,0,,,,,
electronics,"3D තිරය Magnifier Smartphone Magnifying වීදුරු, තිරය Enlarger, Magnifier 3D Movie Video තිරය ඇම්ප්ලිෆයර්.",https://www.daraz.lk/products/3d-magnifier-smartphone-magnifying-enlarger-magnifier-3d-movie-video-i101002439.html,11/9/24,TRUE,5,this is product not used,Color Family:…,0,,,,,
electronics,"3D තිරය Magnifier Smartphone Magnifying වීදුරු, තිරය Enlarger, Magnifier 3D Movie Video තිරය ඇම්ප්ලිෆයර්.",https://www.daraz.lk/products/3d-magnifier-smartphone-magnifying-enlarger-magnifier-3d-movie-video-i101002439.html,10/31/24,TRUE,5,good product,Color Family:…,0,,,,,
electronics,"3D තිරය Magnifier Smartphone Magnifying වීදුරු, තිරය Enlarger, Magnifier 3D Movie Video තිරය ඇම්ප්ලිෆයර්.",https://www.daraz.lk/products/3d-magnifier-smartphone-magnifying-enlarger-magnifier-3d-movie-video-i101002439.html,2/24/25,TRUE,5,good,වර්ණ කාණ්ඩය:…,0,,,,,
electronics,"3D තිරය Magnifier Smartphone Magnifying වීදුරු, තිරය Enlarger, Magnifier 3D Movie Video තිරය ඇම්ප්ලිෆයර්.",https://www.daraz.lk/products/3d-magnifier-smartphone-magnifying-enlarger-magnifier-3d-movie-video-i101002439.html,4/18/23,TRUE,5,"was very cheap, thus a bang for the buck. used to put cartoons to my kid. was in good condition. nothing broken. can be used to view something when camping also I guess.",Color Family:…,0,,,,,
electronics,"3D තිරය Magnifier Smartphone Magnifying වීදුරු, තිරය Enlarger, Magnifier 3D Movie Video තිරය ඇම්ප්ලිෆයර්.",https://www.daraz.lk/products/3d-magnifier-smartphone-magnifying-enlarger-magnifier-3d-movie-video-i101002439.html,7/5/25,TRUE,5,,Color Family:…,0,,,,,
electronics,"3D තිරය Magnifier Smartphone Magnifying වීදුරු, තිරය Enlarger, Magnifier 3D Movie Video තිරය ඇම්ප්ලිෆයර්.",https://www.daraz.lk/products/3d-magnifier-smartphone-magnifying-enlarger-magnifier-3d-movie-video-i101002439.html,11/28/23,TRUE,4,It arrived scratched.,Color Family:…,0,,,,,
electronics,"3D තිරය Magnifier Smartphone Magnifying වීදුරු, තිරය Enlarger, Magnifier 3D Movie Video තිරය ඇම්ප්ලිෆයර්.",https://www.daraz.lk/products/3d-magnifier-smartphone-magnifying-enlarger-magnifier-3d-movie-video-i101002439.html,6/19/23,TRUE,5,Supiri,Color Family:…,0,,,,,
electronics,"3D තිරය Magnifier Smartphone Magnifying වීදුරු, තිරය Enlarger, Magnifier 3D Movie Video තිරය ඇම්ප්ලිෆයර්.",https://www.daraz.lk/products/3d-magnifier-smartphone-magnifying-enlarger-magnifier-3d-movie-video-i101002439.html,11/3/20,TRUE,1,"bad product, product quality is not good. not 3D",Color Family:…,0,,,,,
electronics,"3D තිරය Magnifier Smartphone Magnifying වීදුරු, තිරය Enlarger, Magnifier 3D Movie Video තිරය ඇම්ප්ලිෆයර්.",https://www.daraz.lk/products/3d-magnifier-smartphone-magnifying-enlarger-magnifier-3d-movie-video-i101002439.html,4/1/23,TRUE,3,average not the best quality,Color Family:…,0,,,,,
electronics,"3D තිරය Magnifier Smartphone Magnifying වීදුරු, තිරය Enlarger, Magnifier 3D Movie Video තිරය ඇම්ප්ලිෆයර්.",https://www.daraz.lk/products/3d-magnifier-smartphone-magnifying-enlarger-magnifier-3d-movie-video-i101002439.html,10/3/22,TRUE,5,It's broken,Color Family:…,0,,,,,
electronics,"3D තිරය Magnifier Smartphone Magnifying වීදුරු, තිරය Enlarger, Magnifier 3D Movie Video තිරය ඇම්ප්ලිෆයර්.",https://www.daraz.lk/products/3d-magnifier-smartphone-magnifying-enlarger-magnifier-3d-movie-video-i101002439.html,5/4/24,TRUE,1,"It was broken, and not great at all",Color Family:…,0,,,,,
electronics,"3D තිරය Magnifier Smartphone Magnifying වීදුරු, තිරය Enlarger, Magnifier 3D Movie Video තිරය ඇම්ප්ලිෆයර්.",https://www.daraz.lk/products/3d-magnifier-smartphone-magnifying-enlarger-magnifier-3d-movie-video-i101002439.html,11/22/23,TRUE,1,"money waste

waste",Color Family:…,1,,,,,
electronics,"3D තිරය Magnifier Smartphone Magnifying වීදුරු, තිරය Enlarger, Magnifier 3D Movie Video තිරය ඇම්ප්ලිෆයර්.",https://www.daraz.lk/products/3d-magnifier-smartphone-magnifying-enlarger-magnifier-3d-movie-video-i101002439.html,7/23/22,TRUE,5,👍,Color Family:…,0,,,,,
electronics,"3D තිරය Magnifier Smartphone Magnifying වීදුරු, තිරය Enlarger, Magnifier 3D Movie Video තිරය ඇම්ප්ලිෆයර්.",https://www.daraz.lk/products/3d-magnifier-smartphone-magnifying-enlarger-magnifier-3d-movie-video-i101002439.html,1/11/25,TRUE,1,,Color Family:…,1,,,,,
electronics,Xbox 360 Wired Controller for Xbox360 Gamepad Joystick Game Pad,https://www.daraz.lk/products/xbox-360-wired-controller-for-xbox360-gamepad-joystick-game-pad-i120735807.html,6/20/26,TRUE,5,I used it.... Fh4.... Batman A city....also best for shooting games.... Highly recommended.... ♥️🎉Super worthy... for the price👌vibration feedback 🌟 🌟 🌟 🌟 🌟.... Delivered in 4 days....I will update later❤️,,0,,,,,
electronics,Xbox 360 Wired Controller for Xbox360 Gamepad Joystick Game Pad,https://www.daraz.lk/products/xbox-360-wired-controller-for-xbox360-gamepad-joystick-game-pad-i120735807.html,1/6/26,TRUE,5,Controler eka hodata thiyanawa eth order eka enna sathi 2 k withr giya,,14,,,,,
electronics,Xbox 360 Wired Controller for Xbox360 Gamepad Joystick Game Pad,https://www.daraz.lk/products/xbox-360-wired-controller-for-xbox360-gamepad-joystick-game-pad-i120735807.html,1/8/26,TRUE,5,"really amazing controller, 👏🏻🎮 worth of money 💰📈👍🏻, Build quality super 😄,but delivery is too late 🙂☺️, recommended ⭐✨♥️",,1,,,,,
electronics,Xbox 360 Wired Controller for Xbox360 Gamepad Joystick Game Pad,https://www.daraz.lk/products/xbox-360-wired-controller-for-xbox360-gamepad-joystick-game-pad-i120735807.html,3/18/25,TRUE,5,"Super product
Genuine seller
This seller how give this product cheap I don't know
Other selling for too much cost
Thank you for this deal
Working perfectly

Packing is perfect
Safe parking",,2,,,,,
electronics,Xbox 360 Wired Controller for Xbox360 Gamepad Joystick Game Pad,https://www.daraz.lk/products/xbox-360-wired-controller-for-xbox360-gamepad-joystick-game-pad-i120735807.html,4/30/26,TRUE,5,"It is awesome✌️,it's super valuable for the price and everything works perfectly fine. even the vibrations are satisfying.... 💯Recommended 😁",,1,,,,,
electronics,Xbox 360 Wired Controller for Xbox360 Gamepad Joystick Game Pad,https://www.daraz.lk/products/xbox-360-wired-controller-for-xbox360-gamepad-joystick-game-pad-i120735807.html,4/14/26,TRUE,5,"this controller is perfect good vibrations 
 instantly ready to go when u plug it in and instantly supported every game I have",,0,,,,,
electronics,Xbox 360 Wired Controller for Xbox360 Gamepad Joystick Game Pad,https://www.daraz.lk/products/xbox-360-wired-controller-for-xbox360-gamepad-joystick-game-pad-i120735807.html,3/11/26,TRUE,5,very good looks exactly like the picture.The analog sticks are not showing any signs of stick drift and the buttons are not loose and is a genuine product.Definitely reccomended to buy this,,0,,,,,
electronics,Xbox 360 Wired Controller for Xbox360 Gamepad Joystick Game Pad,https://www.daraz.lk/products/xbox-360-wired-controller-for-xbox360-gamepad-joystick-game-pad-i120735807.html,2/21/26,TRUE,5,"Came rather fast, works well, packed well, all buttons and vibrations are working, quality product, do recommend 👍",,0,,,,,
electronics,Xbox 360 Wired Controller for Xbox360 Gamepad Joystick Game Pad,https://www.daraz.lk/products/xbox-360-wired-controller-for-xbox360-gamepad-joystick-game-pad-i120735807.html,8/12/25,TRUE,5,"The controller is working well. The only problem I have noticed is that the left vibration motor is nonexistent in this controller. I only feel vibrations in my left hand. There was a small vibration for the right hand on other 360 controllers I had, but this one doesn't have it. But then again you don’t much realize it while playing.",,2,,,,,
electronics,Xbox 360 Wired Controller for Xbox360 Gamepad Joystick Game Pad,https://www.daraz.lk/products/xbox-360-wired-controller-for-xbox360-gamepad-joystick-game-pad-i120735807.html,5/23/26,TRUE,5,Wow ! Delivered with in one day. All good Everything working perfectly. Recommended to gamer who’s going to buy a controller for the first time. ❤️👏,,0,,,,,
electronics,Xbox 360 Wired Controller for Xbox360 Gamepad Joystick Game Pad,https://www.daraz.lk/products/xbox-360-wired-controller-for-xbox360-gamepad-joystick-game-pad-i120735807.html,6/6/26,TRUE,2,"only good thing about this controller is that it's almost looks and feels like the og Xbox 360 controller, but joysticks and triggers are very bad,  don't even think about using this for a shooter/fps game without auto aim coz u cant aim with this shii and the trigger, u gotta press like 90% down to use it and it's analog but not that good. and windows 11 register this as a android gamepad, this shii doesn't always work coz u gotta plug it in and out few times to make it work and have to use contraller softwares too. I don't understand why people in the reviews are giving 5 stars, maybe they haven't use a real controller or I got a shitti one, just save ur money and buy a original one unless if u dont care about joysticks accuracy or analog triggers and only want it for like racing games or fifa. oh forgot to mention that the right side vibration is weaker compare to the left.",,1,,,,,
electronics,Xbox 360 Wired Controller for Xbox360 Gamepad Joystick Game Pad,https://www.daraz.lk/products/xbox-360-wired-controller-for-xbox360-gamepad-joystick-game-pad-i120735807.html,12/6/25,TRUE,5,ne product ekka ganna kiyala recommend karanna puluwan.order ekka dala davas 4 kin gedara ava.,,2,,,,,
electronics,Xbox 360 Wired Controller for Xbox360 Gamepad Joystick Game Pad,https://www.daraz.lk/products/xbox-360-wired-controller-for-xbox360-gamepad-joystick-game-pad-i120735807.html,10/2/24,TRUE,5,"Nice product, not bad but It was too late to receive,I think because of the delivery person",,4,,,,,
electronics,Xbox 360 Wired Controller for Xbox360 Gamepad Joystick Game Pad,https://www.daraz.lk/products/xbox-360-wired-controller-for-xbox360-gamepad-joystick-game-pad-i120735807.html,4/5/25,TRUE,5,"wow ! i received it from three days .

I think this is durable 
thank you daraz",,1,,,,,
electronics,Xbox 360 Wired Controller for Xbox360 Gamepad Joystick Game Pad,https://www.daraz.lk/products/xbox-360-wired-controller-for-xbox360-gamepad-joystick-game-pad-i120735807.html,7/3/25,TRUE,5,"Really amazing product!
Compatible with Windows 11 and very user-friendly.",,1,,,,,
electronics,Xbox 360 Wired Controller for Xbox360 Gamepad Joystick Game Pad,https://www.daraz.lk/products/xbox-360-wired-controller-for-xbox360-gamepad-joystick-game-pad-i120735807.html,3/21/26,TRUE,5,Good product . Worthy for the price . Better if wire little more longer,,0,,,,,
electronics,Xbox 360 Wired Controller for Xbox360 Gamepad Joystick Game Pad,https://www.daraz.lk/products/xbox-360-wired-controller-for-xbox360-gamepad-joystick-game-pad-i120735807.html,1/22/26,TRUE,5,Don’t worry good very games are going pc working ❤️❤️❤️,,0,,,,,
electronics,Xbox 360 Wired Controller for Xbox360 Gamepad Joystick Game Pad,https://www.daraz.lk/products/xbox-360-wired-controller-for-xbox360-gamepad-joystick-game-pad-i120735807.html,9/14/25,TRUE,5,aththatama hoda product ekak mama hithuwata wada,,2,,,,,
electronics,Xbox 360 Wired Controller for Xbox360 Gamepad Joystick Game Pad,https://www.daraz.lk/products/xbox-360-wired-controller-for-xbox360-gamepad-joystick-game-pad-i120735807.html,12/24/25,TRUE,5,"Working perfectly 🔥 
Good Quality products",,1,,,,,
electronics,Xbox 360 Wired Controller for Xbox360 Gamepad Joystick Game Pad,https://www.daraz.lk/products/xbox-360-wired-controller-for-xbox360-gamepad-joystick-game-pad-i120735807.html,3/12/26,TRUE,5,This Product is very nice and 100% work ✅,,0,,,,,
electronics,Xbox 360 Wired Controller for Xbox360 Gamepad Joystick Game Pad,https://www.daraz.lk/products/xbox-360-wired-controller-for-xbox360-gamepad-joystick-game-pad-i120735807.html,3/19/26,TRUE,5,Superb 🔥😍 Thanks for this amazing item,,0,,,,,
electronics,Xbox 360 Wired Controller for Xbox360 Gamepad Joystick Game Pad,https://www.daraz.lk/products/xbox-360-wired-controller-for-xbox360-gamepad-joystick-game-pad-i120735807.html,4/23/26,TRUE,5,super control thanks sailor⭐⭐⭐⭐⭐⭐,,0,,,,,
electronics,Xbox 360 Wired Controller for Xbox360 Gamepad Joystick Game Pad,https://www.daraz.lk/products/xbox-360-wired-controller-for-xbox360-gamepad-joystick-game-pad-i120735807.html,8/13/24,TRUE,5,Good and compitable for all games I played,,4,,,,,
electronics,Xbox 360 Wired Controller for Xbox360 Gamepad Joystick Game Pad,https://www.daraz.lk/products/xbox-360-wired-controller-for-xbox360-gamepad-joystick-game-pad-i120735807.html,5/20/26,TRUE,5,supiriyak Thamai 💥🔥,,0,,,,,
electronics,Xbox 360 Wired Controller for Xbox360 Gamepad Joystick Game Pad,https://www.daraz.lk/products/xbox-360-wired-controller-for-xbox360-gamepad-joystick-game-pad-i120735807.html,4/21/25,TRUE,5,highly recomended💗,,4,,,,,
electronics,Xbox 360 Wired Controller for Xbox360 Gamepad Joystick Game Pad,https://www.daraz.lk/products/xbox-360-wired-controller-for-xbox360-gamepad-joystick-game-pad-i120735807.html,1/28/25,TRUE,5,Good Product,,1,,,,,
electronics,Xbox 360 Wired Controller for Xbox360 Gamepad Joystick Game Pad,https://www.daraz.lk/products/xbox-360-wired-controller-for-xbox360-gamepad-joystick-game-pad-i120735807.html,9/23/25,TRUE,5,Perfect,,1,,,,,
electronics,Xbox 360 Wired Controller for Xbox360 Gamepad Joystick Game Pad,https://www.daraz.lk/products/xbox-360-wired-controller-for-xbox360-gamepad-joystick-game-pad-i120735807.html,3/12/26,TRUE,5,top 👍🏼,,0,,,,,
electronics,Xbox 360 Wired Controller for Xbox360 Gamepad Joystick Game Pad,https://www.daraz.lk/products/xbox-360-wired-controller-for-xbox360-gamepad-joystick-game-pad-i120735807.html,1/8/26,TRUE,5,Good,,0,,,,,
electronics,Xbox 360 Wired Controller for Xbox360 Gamepad Joystick Game Pad,https://www.daraz.lk/products/xbox-360-wired-controller-for-xbox360-gamepad-joystick-game-pad-i120735807.html,3/17/24,TRUE,5,Very Good comparing other products on same price range. vibration is smooth. compatible with most games I tested.,,2,,,,,
electronics,Xbox 360 Wired Controller for Xbox360 Gamepad Joystick Game Pad,https://www.daraz.lk/products/xbox-360-wired-controller-for-xbox360-gamepad-joystick-game-pad-i120735807.html,5/3/24,TRUE,5,work finely without any issues.,,1,,,,,
electronics,Xbox 360 Wired Controller for Xbox360 Gamepad Joystick Game Pad,https://www.daraz.lk/products/xbox-360-wired-controller-for-xbox360-gamepad-joystick-game-pad-i120735807.html,9/7/22,TRUE,5,Very quality product. Good response from the seller. highly recommended. it works properly. thank you seller. fast delivery ( I received within two days from jaffna),,9,,,,,
electronics,Xbox 360 Wired Controller for Xbox360 Gamepad Joystick Game Pad,https://www.daraz.lk/products/xbox-360-wired-controller-for-xbox360-gamepad-joystick-game-pad-i120735807.html,4/21/22,TRUE,5,"This controller is superb. Works perfectly fine with almost every game on pc even with the very old games like NFS 3 Hot Pursuit (1998). Also works perfectly fine with the PC gaming Emulators, Retroarch and Launch Box. Vibration feedback is also good. 

5 Starts!",,6,,,,,
electronics,Xbox 360 Wired Controller for Xbox360 Gamepad Joystick Game Pad,https://www.daraz.lk/products/xbox-360-wired-controller-for-xbox360-gamepad-joystick-game-pad-i120735807.html,9/26/25,TRUE,5,"Product was amazing with a good response to in-game actions for its price it is totaly worth, however the package was a bit damaged on the outside probably from the shipping.",,0,,,,,
electronics,Xbox 360 Wired Controller for Xbox360 Gamepad Joystick Game Pad,https://www.daraz.lk/products/xbox-360-wired-controller-for-xbox360-gamepad-joystick-game-pad-i120735807.html,12/3/25,TRUE,5,Very high quality controller and the vibrations are very strong and joysticks and the overall controller feels very solid,,0,,,,,
electronics,Xbox 360 Wired Controller for Xbox360 Gamepad Joystick Game Pad,https://www.daraz.lk/products/xbox-360-wired-controller-for-xbox360-gamepad-joystick-game-pad-i120735807.html,9/17/25,TRUE,5,arrived really fast. within 2 days. packaging was a bit crushed but no damage to the controller. all the inputs works fine no flaws.only thing is when u press on the triggers u have to press it a bit more to it start getting registered.,,0,,,,,
electronics,Xbox 360 Wired Controller for Xbox360 Gamepad Joystick Game Pad,https://www.daraz.lk/products/xbox-360-wired-controller-for-xbox360-gamepad-joystick-game-pad-i120735807.html,6/26/23,TRUE,5,Great product. Easy installation & compatible with Windows 11. Used it for a few days and so far absolutely worth the price.,,1,,,,,
electronics,Xbox 360 Wired Controller for Xbox360 Gamepad Joystick Game Pad,https://www.daraz.lk/products/xbox-360-wired-controller-for-xbox360-gamepad-joystick-game-pad-i120735807.html,11/26/25,TRUE,5,Amazing i ordered it during the heavy weather i thought the product will get delayed but it got early before the expected date ✨,,0,,,,,
electronics,Xbox 360 Wired Controller for Xbox360 Gamepad Joystick Game Pad,https://www.daraz.lk/products/xbox-360-wired-controller-for-xbox360-gamepad-joystick-game-pad-i120735807.html,11/30/25,TRUE,5,Controller එක සුපිරියට වැඩ . pc එකට plug කරපු ගමන් xbox controller එකක් කියල detect කරගත්ත . එවුනා මේකෙ vibration motor එක වෙලාවකට ලොකු vibration එකක් දෙනව . එතකොට ටිකක් කරදරයි,,1,,,,,
electronics,Xbox 360 Wired Controller for Xbox360 Gamepad Joystick Game Pad,https://www.daraz.lk/products/xbox-360-wired-controller-for-xbox360-gamepad-joystick-game-pad-i120735807.html,11/26/25,TRUE,5,The box was a bit damaged from the bottom but was packed safely.But the controller is okay👍,,0,,,,,
electronics,Xbox 360 Wired Controller for Xbox360 Gamepad Joystick Game Pad,https://www.daraz.lk/products/xbox-360-wired-controller-for-xbox360-gamepad-joystick-game-pad-i120735807.html,11/18/23,TRUE,5,Good product 👍👍👍 .  Fast delivery 🚚,,1,,,,,
electronics,Xbox 360 Wired Controller for Xbox360 Gamepad Joystick Game Pad,https://www.daraz.lk/products/xbox-360-wired-controller-for-xbox360-gamepad-joystick-game-pad-i120735807.html,2/11/25,TRUE,5,Placed order on 9 received on 11.Quick service and a legit xbox 360 controller.,,0,,,,,
electronics,Xbox 360 Wired Controller for Xbox360 Gamepad Joystick Game Pad,https://www.daraz.lk/products/xbox-360-wired-controller-for-xbox360-gamepad-joystick-game-pad-i120735807.html,5/30/26,TRUE,5,ඇත්තටම නියමයි highly recommended this vibrations මරු හොඳ seller කෙනෙක්❤️,,0,,,,,
electronics,Xbox 360 Wired Controller for Xbox360 Gamepad Joystick Game Pad,https://www.daraz.lk/products/xbox-360-wired-controller-for-xbox360-gamepad-joystick-game-pad-i120735807.html,6/13/25,TRUE,5,"Quality ✅
Buttons ✅ 
Not Bad for this Price 
Delivered with in 6 Days",,1,,,,,
electronics,Xbox 360 Wired Controller for Xbox360 Gamepad Joystick Game Pad,https://www.daraz.lk/products/xbox-360-wired-controller-for-xbox360-gamepad-joystick-game-pad-i120735807.html,1/1/25,TRUE,5,"good, vibrating is very good i recommend to play ac rogue using this",,0,,,,,
electronics,Xbox 360 Wired Controller for Xbox360 Gamepad Joystick Game Pad,https://www.daraz.lk/products/xbox-360-wired-controller-for-xbox360-gamepad-joystick-game-pad-i120735807.html,5/6/25,TRUE,5,Maru Product ekak Hodama Quality ekata tiyenawa Vibration ema hoday,,0,,,,,
electronics,Xbox 360 Wired Controller for Xbox360 Gamepad Joystick Game Pad,https://www.daraz.lk/products/xbox-360-wired-controller-for-xbox360-gamepad-joystick-game-pad-i120735807.html,1/9/25,TRUE,4,"Seems to be a good quality controller, recommended for the price",,0,,,,,
electronics,Xbox 360 Wired Controller for Xbox360 Gamepad Joystick Game Pad,https://www.daraz.lk/products/xbox-360-wired-controller-for-xbox360-gamepad-joystick-game-pad-i120735807.html,3/14/26,TRUE,5,awlak na.habay fake.delever wenna adawas 10 k giya😪,,0,,,,,
electronics,Xbox 360 Wired Controller for Xbox360 Gamepad Joystick Game Pad,https://www.daraz.lk/products/xbox-360-wired-controller-for-xbox360-gamepad-joystick-game-pad-i120735807.html,6/18/22,TRUE,5,Fast Delivery! Works Perfectly! ❤️,,0,,,,,
electronics,Xbox 360 Wired Controller for Xbox360 Gamepad Joystick Game Pad,https://www.daraz.lk/products/xbox-360-wired-controller-for-xbox360-gamepad-joystick-game-pad-i120735807.html,6/6/26,TRUE,5,"Great Prodect must buy if you know how to use
:)",:)  ,0,,,,,
electronics,Xbox 360 Wired Controller for Xbox360 Gamepad Joystick Game Pad,https://www.daraz.lk/products/xbox-360-wired-controller-for-xbox360-gamepad-joystick-game-pad-i120735807.html,9/26/25,TRUE,5,its worth for price.working well for my laptop.,,0,,,,,
electronics,Xbox 360 Wired Controller for Xbox360 Gamepad Joystick Game Pad,https://www.daraz.lk/products/xbox-360-wired-controller-for-xbox360-gamepad-joystick-game-pad-i120735807.html,8/26/25,TRUE,5,its really good and im impressed. recommended,,0,,,,,
electronics,Xbox 360 Wired Controller for Xbox360 Gamepad Joystick Game Pad,https://www.daraz.lk/products/xbox-360-wired-controller-for-xbox360-gamepad-joystick-game-pad-i120735807.html,10/9/25,TRUE,4,vibrations signal eka enawa tikak parakkui,,0,,,,,
electronics,Xbox 360 Wired Controller for Xbox360 Gamepad Joystick Game Pad,https://www.daraz.lk/products/xbox-360-wired-controller-for-xbox360-gamepad-joystick-game-pad-i120735807.html,1/24/26,TRUE,5,very good product def worth the price 🤌🏾,,0,,,,,
electronics,Xbox 360 Wired Controller for Xbox360 Gamepad Joystick Game Pad,https://www.daraz.lk/products/xbox-360-wired-controller-for-xbox360-gamepad-joystick-game-pad-i120735807.html,1/14/26,TRUE,5,best to buy highly recommended products,,0,,,,,
electronics,Xbox 360 Wired Controller for Xbox360 Gamepad Joystick Game Pad,https://www.daraz.lk/products/xbox-360-wired-controller-for-xbox360-gamepad-joystick-game-pad-i120735807.html,6/23/25,TRUE,5,Good product and good customer service,,0,,,,,
electronics,Xbox 360 Wired Controller for Xbox360 Gamepad Joystick Game Pad,https://www.daraz.lk/products/xbox-360-wired-controller-for-xbox360-gamepad-joystick-game-pad-i120735807.html,11/12/25,TRUE,5,ok ...but some games are not supported,,0,,,,,
electronics,Xbox 360 Wired Controller for Xbox360 Gamepad Joystick Game Pad,https://www.daraz.lk/products/xbox-360-wired-controller-for-xbox360-gamepad-joystick-game-pad-i120735807.html,10/26/21,TRUE,5,Recommended seller. Quick delivery thank you daraz,,0,,,,,
electronics,Xbox 360 Wired Controller for Xbox360 Gamepad Joystick Game Pad,https://www.daraz.lk/products/xbox-360-wired-controller-for-xbox360-gamepad-joystick-game-pad-i120735807.html,2/19/26,TRUE,5,Good quality. Looks like an original,,0,,,,,
electronics,Xbox 360 Wired Controller for Xbox360 Gamepad Joystick Game Pad,https://www.daraz.lk/products/xbox-360-wired-controller-for-xbox360-gamepad-joystick-game-pad-i120735807.html,6/26/25,TRUE,5,Good product.and very fast delivey,,0,,,,,
electronics,Xbox 360 Wired Controller for Xbox360 Gamepad Joystick Game Pad,https://www.daraz.lk/products/xbox-360-wired-controller-for-xbox360-gamepad-joystick-game-pad-i120735807.html,5/30/26,TRUE,5,සුපිරි හැමෝම baya නැතුව ganna,,0,,,,,
electronics,Xbox 360 Wired Controller for Xbox360 Gamepad Joystick Game Pad,https://www.daraz.lk/products/xbox-360-wired-controller-for-xbox360-gamepad-joystick-game-pad-i120735807.html,4/14/26,TRUE,5,great product. Hv no issues,,0,,,,,
electronics,Xbox 360 Wired Controller for Xbox360 Gamepad Joystick Game Pad,https://www.daraz.lk/products/xbox-360-wired-controller-for-xbox360-gamepad-joystick-game-pad-i120735807.html,9/9/24,TRUE,5,good gaming experience 😇😇,,0,,,,,
electronics,Xbox 360 Wired Controller for Xbox360 Gamepad Joystick Game Pad,https://www.daraz.lk/products/xbox-360-wired-controller-for-xbox360-gamepad-joystick-game-pad-i120735807.html,8/1/21,TRUE,5,Recommended seller. Quick delivery.,,0,,,,,
electronics,Xbox 360 Wired Controller for Xbox360 Gamepad Joystick Game Pad,https://www.daraz.lk/products/xbox-360-wired-controller-for-xbox360-gamepad-joystick-game-pad-i120735807.html,6/20/26,TRUE,5,hodayi recamand karanawa,,0,,,,,
electronics,Xbox 360 Wired Controller for Xbox360 Gamepad Joystick Game Pad,https://www.daraz.lk/products/xbox-360-wired-controller-for-xbox360-gamepad-joystick-game-pad-i120735807.html,1/4/26,TRUE,5,Good product good packing,,0,,,,,
electronics,Xbox 360 Wired Controller for Xbox360 Gamepad Joystick Game Pad,https://www.daraz.lk/products/xbox-360-wired-controller-for-xbox360-gamepad-joystick-game-pad-i120735807.html,1/29/25,TRUE,5,worth for money 🔥,,0,,,,,
electronics,Xbox 360 Wired Controller for Xbox360 Gamepad Joystick Game Pad,https://www.daraz.lk/products/xbox-360-wired-controller-for-xbox360-gamepad-joystick-game-pad-i120735807.html,3/23/26,TRUE,5,product is good,,0,,,,,
electronics,Xbox 360 Wired Controller for Xbox360 Gamepad Joystick Game Pad,https://www.daraz.lk/products/xbox-360-wired-controller-for-xbox360-gamepad-joystick-game-pad-i120735807.html,1/16/25,TRUE,5,badu awa supiriy,,0,,,,,
electronics,Xbox 360 Wired Controller for Xbox360 Gamepad Joystick Game Pad,https://www.daraz.lk/products/xbox-360-wired-controller-for-xbox360-gamepad-joystick-game-pad-i120735807.html,7/19/25,TRUE,5,good recommend,,0,,,,,
electronics,Xbox 360 Wired Controller for Xbox360 Gamepad Joystick Game Pad,https://www.daraz.lk/products/xbox-360-wired-controller-for-xbox360-gamepad-joystick-game-pad-i120735807.html,12/29/25,TRUE,5,Recommended 👍,,0,,,,,
electronics,Xbox 360 Wired Controller for Xbox360 Gamepad Joystick Game Pad,https://www.daraz.lk/products/xbox-360-wired-controller-for-xbox360-gamepad-joystick-game-pad-i120735807.html,5/8/26,TRUE,5,Good product,,0,,,,,
electronics,Xbox 360 Wired Controller for Xbox360 Gamepad Joystick Game Pad,https://www.daraz.lk/products/xbox-360-wired-controller-for-xbox360-gamepad-joystick-game-pad-i120735807.html,1/11/26,TRUE,5,Good product,,0,,,,,
electronics,Xbox 360 Wired Controller for Xbox360 Gamepad Joystick Game Pad,https://www.daraz.lk/products/xbox-360-wired-controller-for-xbox360-gamepad-joystick-game-pad-i120735807.html,7/7/25,TRUE,5,Meka hodai 👌,,0,,,,,
electronics,Xbox 360 Wired Controller for Xbox360 Gamepad Joystick Game Pad,https://www.daraz.lk/products/xbox-360-wired-controller-for-xbox360-gamepad-joystick-game-pad-i120735807.html,1/27/26,TRUE,5,good product,,0,,,,,
electronics,Xbox 360 Wired Controller for Xbox360 Gamepad Joystick Game Pad,https://www.daraz.lk/products/xbox-360-wired-controller-for-xbox360-gamepad-joystick-game-pad-i120735807.html,7/12/24,TRUE,5,Original xbox 360 controller. Very good product,,0,,,,,
electronics,Xbox 360 Wired Controller for Xbox360 Gamepad Joystick Game Pad,https://www.daraz.lk/products/xbox-360-wired-controller-for-xbox360-gamepad-joystick-game-pad-i120735807.html,11/27/25,TRUE,5,Nice product,,0,,,,,
electronics,Xbox 360 Wired Controller for Xbox360 Gamepad Joystick Game Pad,https://www.daraz.lk/products/xbox-360-wired-controller-for-xbox360-gamepad-joystick-game-pad-i120735807.html,10/24/25,TRUE,5,good product,,0,,,,,
electronics,Xbox 360 Wired Controller for Xbox360 Gamepad Joystick Game Pad,https://www.daraz.lk/products/xbox-360-wired-controller-for-xbox360-gamepad-joystick-game-pad-i120735807.html,5/16/25,TRUE,4,Good quality,,0,,,,,
electronics,Xbox 360 Wired Controller for Xbox360 Gamepad Joystick Game Pad,https://www.daraz.lk/products/xbox-360-wired-controller-for-xbox360-gamepad-joystick-game-pad-i120735807.html,11/18/25,TRUE,5,it is great,,0,,,,,
electronics,Xbox 360 Wired Controller for Xbox360 Gamepad Joystick Game Pad,https://www.daraz.lk/products/xbox-360-wired-controller-for-xbox360-gamepad-joystick-game-pad-i120735807.html,9/1/25,TRUE,5,best,,0,,,,,
electronics,Xbox 360 Wired Controller for Xbox360 Gamepad Joystick Game Pad,https://www.daraz.lk/products/xbox-360-wired-controller-for-xbox360-gamepad-joystick-game-pad-i120735807.html,2/10/26,TRUE,5,good,,0,,,,,
electronics,Xbox 360 Wired Controller for Xbox360 Gamepad Joystick Game Pad,https://www.daraz.lk/products/xbox-360-wired-controller-for-xbox360-gamepad-joystick-game-pad-i120735807.html,2/9/25,TRUE,5,❤️,,0,,,,,
electronics,Xbox 360 Wired Controller for Xbox360 Gamepad Joystick Game Pad,https://www.daraz.lk/products/xbox-360-wired-controller-for-xbox360-gamepad-joystick-game-pad-i120735807.html,12/10/25,TRUE,5,super,,0,,,,,
electronics,Xbox 360 Wired Controller for Xbox360 Gamepad Joystick Game Pad,https://www.daraz.lk/products/xbox-360-wired-controller-for-xbox360-gamepad-joystick-game-pad-i120735807.html,8/2/24,TRUE,5,Worth for the price🙌🔥,,0,,,,,
electronics,Xbox 360 Wired Controller for Xbox360 Gamepad Joystick Game Pad,https://www.daraz.lk/products/xbox-360-wired-controller-for-xbox360-gamepad-joystick-game-pad-i120735807.html,3/19/24,TRUE,5,"good quality plastic 🤙
vibrates are very good 
worth for 🤑🤑💰",,0,,,,,
electronics,Xbox 360 Wired Controller for Xbox360 Gamepad Joystick Game Pad,https://www.daraz.lk/products/xbox-360-wired-controller-for-xbox360-gamepad-joystick-game-pad-i120735807.html,4/21/24,TRUE,5,very gud worth the amount,,0,,,,,
electronics,Xbox 360 Wired Controller for Xbox360 Gamepad Joystick Game Pad,https://www.daraz.lk/products/xbox-360-wired-controller-for-xbox360-gamepad-joystick-game-pad-i120735807.html,12/21/25,TRUE,3,Not bad but some if me going to play forza 4 me cannot turn,,0,,,,,
electronics,Xbox 360 Wired Controller for Xbox360 Gamepad Joystick Game Pad,https://www.daraz.lk/products/xbox-360-wired-controller-for-xbox360-gamepad-joystick-game-pad-i120735807.html,2/24/23,TRUE,5,Good stuff,,2,,,,,
electronics,Xbox 360 Wired Controller for Xbox360 Gamepad Joystick Game Pad,https://www.daraz.lk/products/xbox-360-wired-controller-for-xbox360-gamepad-joystick-game-pad-i120735807.html,4/6/26,TRUE,3,Aulak na joistick eka podi aulak thiyanawa,,0,,,,,
electronics,Xbox 360 Wired Controller for Xbox360 Gamepad Joystick Game Pad,https://www.daraz.lk/products/xbox-360-wired-controller-for-xbox360-gamepad-joystick-game-pad-i120735807.html,8/2/21,TRUE,5,very good 🥇🥇🥇,,3,,,,,
electronics,Xbox 360 Wired Controller for Xbox360 Gamepad Joystick Game Pad,https://www.daraz.lk/products/xbox-360-wired-controller-for-xbox360-gamepad-joystick-game-pad-i120735807.html,2/24/22,TRUE,5,Not good as original. After a witching from the original you can feel huge difference. I guess ok for the price.,,0,,,,,
electronics,Xbox 360 Wired Controller for Xbox360 Gamepad Joystick Game Pad,https://www.daraz.lk/products/xbox-360-wired-controller-for-xbox360-gamepad-joystick-game-pad-i120735807.html,5/19/22,TRUE,5,"Cannot complain for the price. works as expected. Plugged it in and it works. I bought this to play sonic games etc and so far it works as expected on sonic mania, sonic adventure 2 and rocket league",,1,,,,,
electronics,Xbox 360 Wired Controller for Xbox360 Gamepad Joystick Game Pad,https://www.daraz.lk/products/xbox-360-wired-controller-for-xbox360-gamepad-joystick-game-pad-i120735807.html,2/15/22,TRUE,5,The goods were packed well. Original product was delivered in according to the specifications,,0,,,,,
electronics,Xbox 360 Wired Controller for Xbox360 Gamepad Joystick Game Pad,https://www.daraz.lk/products/xbox-360-wired-controller-for-xbox360-gamepad-joystick-game-pad-i120735807.html,9/1/23,TRUE,5,Highly recommended,,0,,,,,
electronics,Xbox 360 Wired Controller for Xbox360 Gamepad Joystick Game Pad,https://www.daraz.lk/products/xbox-360-wired-controller-for-xbox360-gamepad-joystick-game-pad-i120735807.html,9/9/21,TRUE,5,Really good product. Works perfectly with the xbox 360,,0,,,,,
electronics,Xbox 360 Wired Controller for Xbox360 Gamepad Joystick Game Pad,https://www.daraz.lk/products/xbox-360-wired-controller-for-xbox360-gamepad-joystick-game-pad-i120735807.html,10/2/21,TRUE,5,"Highly Recommended, Good Product",,0,,,,,
electronics,Xbox 360 Wired Controller for Xbox360 Gamepad Joystick Game Pad,https://www.daraz.lk/products/xbox-360-wired-controller-for-xbox360-gamepad-joystick-game-pad-i120735807.html,5/24/22,TRUE,5,Excellent thank you so much,,0,,,,,
electronics,Xbox 360 Wired Controller for Xbox360 Gamepad Joystick Game Pad,https://www.daraz.lk/products/xbox-360-wired-controller-for-xbox360-gamepad-joystick-game-pad-i120735807.html,9/29/21,TRUE,5,"Nice,really fast delivery",,0,,,,,
electronics,Xbox 360 Wired Controller for Xbox360 Gamepad Joystick Game Pad,https://www.daraz.lk/products/xbox-360-wired-controller-for-xbox360-gamepad-joystick-game-pad-i120735807.html,5/20/22,TRUE,5,highly recommended,,0,,,,,
electronics,Xbox 360 Wired Controller for Xbox360 Gamepad Joystick Game Pad,https://www.daraz.lk/products/xbox-360-wired-controller-for-xbox360-gamepad-joystick-game-pad-i120735807.html,2/15/23,TRUE,5,S U P I R I 🔥,,0,,,,,
electronics,"Bluetooth AUX Wireless Music Audio Receiver with 3.5mm Jack and USB Adapter for Car Stereos, Speakers, and Headphones",https://www.daraz.lk/products/bluetooth-aux-wireless-music-audio-receiver-with-35mm-jack-and-usb-adapter-for-car-stereos-speakers-and-headphones-i117426699.html,4/24/26,TRUE,5,"product arrived with poor packing even if we pay 340 rupees for product delivery they should pack this item with a box at least with a bubble paper ,but they not

transmission distance was not 10 m as they said , its just working for 3 to 4 meter distance 

im having an extremely bad customer service experience with this seller🥲",Color Family:Black,0,,,,,
electronics,"Bluetooth AUX Wireless Music Audio Receiver with 3.5mm Jack and USB Adapter for Car Stereos, Speakers, and Headphones",https://www.daraz.lk/products/bluetooth-aux-wireless-music-audio-receiver-with-35mm-jack-and-usb-adapter-for-car-stereos-speakers-and-headphones-i117426699.html,12/31/25,TRUE,5,order eka ikmntm awa...godkm honda service ekak tiynwa...photo eka wam packing ekath e vihdtm tibuna..thank you..,Color Family:Black,1,,,,,
electronics,"Bluetooth AUX Wireless Music Audio Receiver with 3.5mm Jack and USB Adapter for Car Stereos, Speakers, and Headphones",https://www.daraz.lk/products/bluetooth-aux-wireless-music-audio-receiver-with-35mm-jack-and-usb-adapter-for-car-stereos-speakers-and-headphones-i117426699.html,12/15/25,TRUE,5,"Friday oder ek damma, Sunday item ek awa.
hodat wed karanawa awlk na.
Bajaj new model eke ena Player ekata mn gththe.",Color Family:Black,6,,,,,
electronics,"Bluetooth AUX Wireless Music Audio Receiver with 3.5mm Jack and USB Adapter for Car Stereos, Speakers, and Headphones",https://www.daraz.lk/products/bluetooth-aux-wireless-music-audio-receiver-with-35mm-jack-and-usb-adapter-for-car-stereos-speakers-and-headphones-i117426699.html,1/1/26,TRUE,5,ගොඩක් හොඳයි ඒත් මට receiver එක connect කරගන්න බෑනේ ටීවී එකට usb port  තියන්න රේඩියෝ connect කරන හැටි කියන්න පුළුවන්ද ඕගොල්ලන්ගේ ඕඩර් ඉක්මනින් සහ පහසුවෙන් ම අප වෙත එනවා ඒ ගැන මට සතුටුයි daras කියන්නේ විශ්වාසවන්ත ඇප් එකක්,Color Family:Black,3,,,,,
electronics,"Bluetooth AUX Wireless Music Audio Receiver with 3.5mm Jack and USB Adapter for Car Stereos, Speakers, and Headphones",https://www.daraz.lk/products/bluetooth-aux-wireless-music-audio-receiver-with-35mm-jack-and-usb-adapter-for-car-stereos-speakers-and-headphones-i117426699.html,2/13/26,TRUE,5,"Fast shipping 
Great package 
Simply superb

After 2 day the product doesn’t work",Color Family:Black,0,,,,,
electronics,"Bluetooth AUX Wireless Music Audio Receiver with 3.5mm Jack and USB Adapter for Car Stereos, Speakers, and Headphones",https://www.daraz.lk/products/bluetooth-aux-wireless-music-audio-receiver-with-35mm-jack-and-usb-adapter-for-car-stereos-speakers-and-headphones-i117426699.html,2/13/26,TRUE,5,"Fast shipping 
Great package 
Simply superb

After 2 day the product doesn’t work",Color Family:Black,0,,,,,
electronics,"Bluetooth AUX Wireless Music Audio Receiver with 3.5mm Jack and USB Adapter for Car Stereos, Speakers, and Headphones",https://www.daraz.lk/products/bluetooth-aux-wireless-music-audio-receiver-with-35mm-jack-and-usb-adapter-for-car-stereos-speakers-and-headphones-i117426699.html,4/9/26,TRUE,5,"Delivery was late, but the item works better than expected. Highly recommended.",Color Family:Black,0,,,,,
electronics,"Bluetooth AUX Wireless Music Audio Receiver with 3.5mm Jack and USB Adapter for Car Stereos, Speakers, and Headphones",https://www.daraz.lk/products/bluetooth-aux-wireless-music-audio-receiver-with-35mm-jack-and-usb-adapter-for-car-stereos-speakers-and-headphones-i117426699.html,11/14/25,TRUE,5,Very fast service. Very happy with my purchase 😊,Color Family:Black,0,,,,,
electronics,"Bluetooth AUX Wireless Music Audio Receiver with 3.5mm Jack and USB Adapter for Car Stereos, Speakers, and Headphones",https://www.daraz.lk/products/bluetooth-aux-wireless-music-audio-receiver-with-35mm-jack-and-usb-adapter-for-car-stereos-speakers-and-headphones-i117426699.html,12/30/25,TRUE,5,"good product. fast delivery.
value for money",Color Family:Black,0,,,,,
electronics,"Bluetooth AUX Wireless Music Audio Receiver with 3.5mm Jack and USB Adapter for Car Stereos, Speakers, and Headphones",https://www.daraz.lk/products/bluetooth-aux-wireless-music-audio-receiver-with-35mm-jack-and-usb-adapter-for-car-stereos-speakers-and-headphones-i117426699.html,1/7/26,TRUE,5,Good. Still not checked. But seems fine,Color Family:Black,0,,,,,
electronics,"Bluetooth AUX Wireless Music Audio Receiver with 3.5mm Jack and USB Adapter for Car Stereos, Speakers, and Headphones",https://www.daraz.lk/products/bluetooth-aux-wireless-music-audio-receiver-with-35mm-jack-and-usb-adapter-for-car-stereos-speakers-and-headphones-i117426699.html,3/11/26,TRUE,5,"very good product 
❤️
fast delivery",Color Family:Black,0,,,,,
electronics,"Bluetooth AUX Wireless Music Audio Receiver with 3.5mm Jack and USB Adapter for Car Stereos, Speakers, and Headphones",https://www.daraz.lk/products/bluetooth-aux-wireless-music-audio-receiver-with-35mm-jack-and-usb-adapter-for-car-stereos-speakers-and-headphones-i117426699.html,3/29/26,TRUE,5,"මෙක ගන්න එපා ,මේක වැඩ නෑ",Color Family:Black,0,,,,,
electronics,"Bluetooth AUX Wireless Music Audio Receiver with 3.5mm Jack and USB Adapter for Car Stereos, Speakers, and Headphones",https://www.daraz.lk/products/bluetooth-aux-wireless-music-audio-receiver-with-35mm-jack-and-usb-adapter-for-car-stereos-speakers-and-headphones-i117426699.html,11/15/25,TRUE,5,Good Product. Thankyou ✌️,Color Family:Black,2,,,,,
electronics,"Bluetooth AUX Wireless Music Audio Receiver with 3.5mm Jack and USB Adapter for Car Stereos, Speakers, and Headphones",https://www.daraz.lk/products/bluetooth-aux-wireless-music-audio-receiver-with-35mm-jack-and-usb-adapter-for-car-stereos-speakers-and-headphones-i117426699.html,12/29/24,TRUE,5,meka vada karanne nane,Color Family:Black,1,,,,,
electronics,"Bluetooth AUX Wireless Music Audio Receiver with 3.5mm Jack and USB Adapter for Car Stereos, Speakers, and Headphones",https://www.daraz.lk/products/bluetooth-aux-wireless-music-audio-receiver-with-35mm-jack-and-usb-adapter-for-car-stereos-speakers-and-headphones-i117426699.html,2/6/26,TRUE,5,worth for amount,Color Family:Black,0,,,,,
electronics,"Bluetooth AUX Wireless Music Audio Receiver with 3.5mm Jack and USB Adapter for Car Stereos, Speakers, and Headphones",https://www.daraz.lk/products/bluetooth-aux-wireless-music-audio-receiver-with-35mm-jack-and-usb-adapter-for-car-stereos-speakers-and-headphones-i117426699.html,4/3/26,TRUE,5,it's not work.,Color Family:Black,0,,,,,
electronics,"Bluetooth AUX Wireless Music Audio Receiver with 3.5mm Jack and USB Adapter for Car Stereos, Speakers, and Headphones",https://www.daraz.lk/products/bluetooth-aux-wireless-music-audio-receiver-with-35mm-jack-and-usb-adapter-for-car-stereos-speakers-and-headphones-i117426699.html,1/9/26,TRUE,5,Not working bro,Color Family:Black,0,,,,,
electronics,"Bluetooth AUX Wireless Music Audio Receiver with 3.5mm Jack and USB Adapter for Car Stereos, Speakers, and Headphones",https://www.daraz.lk/products/bluetooth-aux-wireless-music-audio-receiver-with-35mm-jack-and-usb-adapter-for-car-stereos-speakers-and-headphones-i117426699.html,9/23/25,TRUE,5,"බඩු වැඩ , මරු",Color Family:Black,0,,,,,
electronics,"Bluetooth AUX Wireless Music Audio Receiver with 3.5mm Jack and USB Adapter for Car Stereos, Speakers, and Headphones",https://www.daraz.lk/products/bluetooth-aux-wireless-music-audio-receiver-with-35mm-jack-and-usb-adapter-for-car-stereos-speakers-and-headphones-i117426699.html,8/29/25,TRUE,5,good I like,වර්ණ කාණ්ඩය:Black,0,,,,,
electronics,"Bluetooth AUX Wireless Music Audio Receiver with 3.5mm Jack and USB Adapter for Car Stereos, Speakers, and Headphones",https://www.daraz.lk/products/bluetooth-aux-wireless-music-audio-receiver-with-35mm-jack-and-usb-adapter-for-car-stereos-speakers-and-headphones-i117426699.html,2/4/26,TRUE,5,Good,Color Family:Black,0,,,,,
electronics,"Bluetooth AUX Wireless Music Audio Receiver with 3.5mm Jack and USB Adapter for Car Stereos, Speakers, and Headphones",https://www.daraz.lk/products/bluetooth-aux-wireless-music-audio-receiver-with-35mm-jack-and-usb-adapter-for-car-stereos-speakers-and-headphones-i117426699.html,8/30/24,TRUE,5,Good!,Color Family:Black,0,,,,,
electronics,"Bluetooth AUX Wireless Music Audio Receiver with 3.5mm Jack and USB Adapter for Car Stereos, Speakers, and Headphones",https://www.daraz.lk/products/bluetooth-aux-wireless-music-audio-receiver-with-35mm-jack-and-usb-adapter-for-car-stereos-speakers-and-headphones-i117426699.html,2/19/26,TRUE,5,Item is ok. but poor dilivery system of daraz. they were not dilivery in time and as per  tracking information . earlier they supply item in time but now I experienced it was verse two time.,Color Family:Black,0,,,,,
electronics,"Bluetooth AUX Wireless Music Audio Receiver with 3.5mm Jack and USB Adapter for Car Stereos, Speakers, and Headphones",https://www.daraz.lk/products/bluetooth-aux-wireless-music-audio-receiver-with-35mm-jack-and-usb-adapter-for-car-stereos-speakers-and-headphones-i117426699.html,10/30/24,TRUE,5,prodect is not expensive but not working 😕 so don't buy this prodect after your choice,Color Family:Black,0,,,,,
electronics,"Bluetooth AUX Wireless Music Audio Receiver with 3.5mm Jack and USB Adapter for Car Stereos, Speakers, and Headphones",https://www.daraz.lk/products/bluetooth-aux-wireless-music-audio-receiver-with-35mm-jack-and-usb-adapter-for-car-stereos-speakers-and-headphones-i117426699.html,11/1/22,TRUE,1,"Very Very Bad seller 😡😡
order කරන එක නෙමෙයි එවන්නේ වෙන වෙන කැඩිනු products සතියකට වඩා බලන් හිටියා order එක එනකල් 🤮🤮🤮🤮🤮.
හරියට වැඩේ කරන්න බැ නම් වහලා දාන්න shop එක.",Color Family:Black,5,,,,,
electronics,"Bluetooth AUX Wireless Music Audio Receiver with 3.5mm Jack and USB Adapter for Car Stereos, Speakers, and Headphones",https://www.daraz.lk/products/bluetooth-aux-wireless-music-audio-receiver-with-35mm-jack-and-usb-adapter-for-car-stereos-speakers-and-headphones-i117426699.html,5/23/26,TRUE,5,"Good Product. Working with my Kenwood Car Player. 
Worth it for buying.",Color Family:Black,0,,,,,
electronics,"Bluetooth AUX Wireless Music Audio Receiver with 3.5mm Jack and USB Adapter for Car Stereos, Speakers, and Headphones",https://www.daraz.lk/products/bluetooth-aux-wireless-music-audio-receiver-with-35mm-jack-and-usb-adapter-for-car-stereos-speakers-and-headphones-i117426699.html,3/11/26,TRUE,5,Item එකනම් ආවා වැඩ කරනවා ඒ වුනාට volume වැඩි කරාට Sound එක මදි 😪,Color Family:Black,0,,,,,
electronics,"Bluetooth AUX Wireless Music Audio Receiver with 3.5mm Jack and USB Adapter for Car Stereos, Speakers, and Headphones",https://www.daraz.lk/products/bluetooth-aux-wireless-music-audio-receiver-with-35mm-jack-and-usb-adapter-for-car-stereos-speakers-and-headphones-i117426699.html,4/28/26,TRUE,5,Product is perfect but delivery is so delayed,Color Family:Black,0,,,,,
electronics,"Bluetooth AUX Wireless Music Audio Receiver with 3.5mm Jack and USB Adapter for Car Stereos, Speakers, and Headphones",https://www.daraz.lk/products/bluetooth-aux-wireless-music-audio-receiver-with-35mm-jack-and-usb-adapter-for-car-stereos-speakers-and-headphones-i117426699.html,2/6/26,TRUE,5,4 wenida damme ada awaa thank you daraz ❤️,Color Family:Black,0,,,,,
electronics,"Bluetooth AUX Wireless Music Audio Receiver with 3.5mm Jack and USB Adapter for Car Stereos, Speakers, and Headphones",https://www.daraz.lk/products/bluetooth-aux-wireless-music-audio-receiver-with-35mm-jack-and-usb-adapter-for-car-stereos-speakers-and-headphones-i117426699.html,4/10/26,TRUE,5,Good Product & Fast Delivery ❤️ Thank you.,Color Family:Black,0,,,,,
electronics,"Bluetooth AUX Wireless Music Audio Receiver with 3.5mm Jack and USB Adapter for Car Stereos, Speakers, and Headphones",https://www.daraz.lk/products/bluetooth-aux-wireless-music-audio-receiver-with-35mm-jack-and-usb-adapter-for-car-stereos-speakers-and-headphones-i117426699.html,11/24/25,TRUE,5,Good quality and perfectly working.. 👍,Color Family:Black,0,,,,,
electronics,"Bluetooth AUX Wireless Music Audio Receiver with 3.5mm Jack and USB Adapter for Car Stereos, Speakers, and Headphones",https://www.daraz.lk/products/bluetooth-aux-wireless-music-audio-receiver-with-35mm-jack-and-usb-adapter-for-car-stereos-speakers-and-headphones-i117426699.html,1/28/26,TRUE,5,"Good Product 
Delivery with in 2 days",Color Family:Black,0,,,,,
electronics,"Bluetooth AUX Wireless Music Audio Receiver with 3.5mm Jack and USB Adapter for Car Stereos, Speakers, and Headphones",https://www.daraz.lk/products/bluetooth-aux-wireless-music-audio-receiver-with-35mm-jack-and-usb-adapter-for-car-stereos-speakers-and-headphones-i117426699.html,2/24/26,TRUE,5,නියමයි ගෙවන ගානට උපරිම වටිනාකම තියනවා,Color Family:Black,0,,,,,
electronics,"Bluetooth AUX Wireless Music Audio Receiver with 3.5mm Jack and USB Adapter for Car Stereos, Speakers, and Headphones",https://www.daraz.lk/products/bluetooth-aux-wireless-music-audio-receiver-with-35mm-jack-and-usb-adapter-for-car-stereos-speakers-and-headphones-i117426699.html,8/3/25,TRUE,5,very good. its working well. Thanks.,Color Family:Black,0,,,,,
electronics,"Bluetooth AUX Wireless Music Audio Receiver with 3.5mm Jack and USB Adapter for Car Stereos, Speakers, and Headphones",https://www.daraz.lk/products/bluetooth-aux-wireless-music-audio-receiver-with-35mm-jack-and-usb-adapter-for-car-stereos-speakers-and-headphones-i117426699.html,12/20/25,TRUE,5,super product and highly recommend,Color Family:Black,0,,,,,
electronics,"Bluetooth AUX Wireless Music Audio Receiver with 3.5mm Jack and USB Adapter for Car Stereos, Speakers, and Headphones",https://www.daraz.lk/products/bluetooth-aux-wireless-music-audio-receiver-with-35mm-jack-and-usb-adapter-for-car-stereos-speakers-and-headphones-i117426699.html,1/15/26,TRUE,5,Patta ganin Maru Kisi awulak na,Color Family:Black,0,,,,,
electronics,"Bluetooth AUX Wireless Music Audio Receiver with 3.5mm Jack and USB Adapter for Car Stereos, Speakers, and Headphones",https://www.daraz.lk/products/bluetooth-aux-wireless-music-audio-receiver-with-35mm-jack-and-usb-adapter-for-car-stereos-speakers-and-headphones-i117426699.html,4/9/26,TRUE,5,device not qorking. bad product,Color Family:Black,0,,,,,
electronics,"Bluetooth AUX Wireless Music Audio Receiver with 3.5mm Jack and USB Adapter for Car Stereos, Speakers, and Headphones",https://www.daraz.lk/products/bluetooth-aux-wireless-music-audio-receiver-with-35mm-jack-and-usb-adapter-for-car-stereos-speakers-and-headphones-i117426699.html,4/10/26,TRUE,5,කියන්න දෙයක් නැ බාන්ඩෙ සුපිරි,වර්ණ කාණ්ඩය:Black,0,,,,,
electronics,"Bluetooth AUX Wireless Music Audio Receiver with 3.5mm Jack and USB Adapter for Car Stereos, Speakers, and Headphones",https://www.daraz.lk/products/bluetooth-aux-wireless-music-audio-receiver-with-35mm-jack-and-usb-adapter-for-car-stereos-speakers-and-headphones-i117426699.html,5/2/26,TRUE,5,Good product thanks daraz,Color Family:Black,0,,,,,
electronics,"Bluetooth AUX Wireless Music Audio Receiver with 3.5mm Jack and USB Adapter for Car Stereos, Speakers, and Headphones",https://www.daraz.lk/products/bluetooth-aux-wireless-music-audio-receiver-with-35mm-jack-and-usb-adapter-for-car-stereos-speakers-and-headphones-i117426699.html,5/22/26,TRUE,5,good thank you daraz 😁,Color Family:Black,0,,,,,
electronics,"Bluetooth AUX Wireless Music Audio Receiver with 3.5mm Jack and USB Adapter for Car Stereos, Speakers, and Headphones",https://www.daraz.lk/products/bluetooth-aux-wireless-music-audio-receiver-with-35mm-jack-and-usb-adapter-for-car-stereos-speakers-and-headphones-i117426699.html,4/6/22,TRUE,5,meka ganna epa weda keranneeee,Color Family:Black,5,,,,,
electronics,"Bluetooth AUX Wireless Music Audio Receiver with 3.5mm Jack and USB Adapter for Car Stereos, Speakers, and Headphones",https://www.daraz.lk/products/bluetooth-aux-wireless-music-audio-receiver-with-35mm-jack-and-usb-adapter-for-car-stereos-speakers-and-headphones-i117426699.html,1/18/26,TRUE,5,Device not working,Color Family:Black,0,,,,,
electronics,"Bluetooth AUX Wireless Music Audio Receiver with 3.5mm Jack and USB Adapter for Car Stereos, Speakers, and Headphones",https://www.daraz.lk/products/bluetooth-aux-wireless-music-audio-receiver-with-35mm-jack-and-usb-adapter-for-car-stereos-speakers-and-headphones-i117426699.html,3/24/26,TRUE,5,Very slow delivery .,Color Family:Black,0,,,,,
electronics,"Bluetooth AUX Wireless Music Audio Receiver with 3.5mm Jack and USB Adapter for Car Stereos, Speakers, and Headphones",https://www.daraz.lk/products/bluetooth-aux-wireless-music-audio-receiver-with-35mm-jack-and-usb-adapter-for-car-stereos-speakers-and-headphones-i117426699.html,4/24/26,TRUE,5,Good sound madi eth,Color Family:Black,0,,,,,
electronics,"Bluetooth AUX Wireless Music Audio Receiver with 3.5mm Jack and USB Adapter for Car Stereos, Speakers, and Headphones",https://www.daraz.lk/products/bluetooth-aux-wireless-music-audio-receiver-with-35mm-jack-and-usb-adapter-for-car-stereos-speakers-and-headphones-i117426699.html,11/17/25,TRUE,5,very good☺️☺️☺️💗,Color Family:Black,0,,,,,
electronics,"Bluetooth AUX Wireless Music Audio Receiver with 3.5mm Jack and USB Adapter for Car Stereos, Speakers, and Headphones",https://www.daraz.lk/products/bluetooth-aux-wireless-music-audio-receiver-with-35mm-jack-and-usb-adapter-for-car-stereos-speakers-and-headphones-i117426699.html,1/8/26,TRUE,5,Bad noice coming,Color Family:Black,0,,,,,
electronics,"Bluetooth AUX Wireless Music Audio Receiver with 3.5mm Jack and USB Adapter for Car Stereos, Speakers, and Headphones",https://www.daraz.lk/products/bluetooth-aux-wireless-music-audio-receiver-with-35mm-jack-and-usb-adapter-for-car-stereos-speakers-and-headphones-i117426699.html,9/30/25,TRUE,5,Its not good....,Color Family:Black,0,,,,,
electronics,"Bluetooth AUX Wireless Music Audio Receiver with 3.5mm Jack and USB Adapter for Car Stereos, Speakers, and Headphones",https://www.daraz.lk/products/bluetooth-aux-wireless-music-audio-receiver-with-35mm-jack-and-usb-adapter-for-car-stereos-speakers-and-headphones-i117426699.html,1/2/26,TRUE,5,good product,Color Family:Black,0,,,,,
electronics,"Bluetooth AUX Wireless Music Audio Receiver with 3.5mm Jack and USB Adapter for Car Stereos, Speakers, and Headphones",https://www.daraz.lk/products/bluetooth-aux-wireless-music-audio-receiver-with-35mm-jack-and-usb-adapter-for-car-stereos-speakers-and-headphones-i117426699.html,2/3/26,TRUE,5,Good product,Color Family:Black,0,,,,,
electronics,"Bluetooth AUX Wireless Music Audio Receiver with 3.5mm Jack and USB Adapter for Car Stereos, Speakers, and Headphones",https://www.daraz.lk/products/bluetooth-aux-wireless-music-audio-receiver-with-35mm-jack-and-usb-adapter-for-car-stereos-speakers-and-headphones-i117426699.html,10/10/25,TRUE,5,Nice product,Color Family:Black,0,,,,,
electronics,"Bluetooth AUX Wireless Music Audio Receiver with 3.5mm Jack and USB Adapter for Car Stereos, Speakers, and Headphones",https://www.daraz.lk/products/bluetooth-aux-wireless-music-audio-receiver-with-35mm-jack-and-usb-adapter-for-car-stereos-speakers-and-headphones-i117426699.html,2/14/26,TRUE,5,Product is ok,Color Family:Black,0,,,,,
electronics,"Bluetooth AUX Wireless Music Audio Receiver with 3.5mm Jack and USB Adapter for Car Stereos, Speakers, and Headphones",https://www.daraz.lk/products/bluetooth-aux-wireless-music-audio-receiver-with-35mm-jack-and-usb-adapter-for-car-stereos-speakers-and-headphones-i117426699.html,2/4/26,TRUE,5,fast delivery,Color Family:Black,0,,,,,
electronics,"Bluetooth AUX Wireless Music Audio Receiver with 3.5mm Jack and USB Adapter for Car Stereos, Speakers, and Headphones",https://www.daraz.lk/products/bluetooth-aux-wireless-music-audio-receiver-with-35mm-jack-and-usb-adapter-for-car-stereos-speakers-and-headphones-i117426699.html,6/21/26,TRUE,5,Good product,Color Family:Black,0,,,,,
electronics,"Bluetooth AUX Wireless Music Audio Receiver with 3.5mm Jack and USB Adapter for Car Stereos, Speakers, and Headphones",https://www.daraz.lk/products/bluetooth-aux-wireless-music-audio-receiver-with-35mm-jack-and-usb-adapter-for-car-stereos-speakers-and-headphones-i117426699.html,12/18/25,TRUE,5,low quality,Color Family:Black,0,,,,,
electronics,"Bluetooth AUX Wireless Music Audio Receiver with 3.5mm Jack and USB Adapter for Car Stereos, Speakers, and Headphones",https://www.daraz.lk/products/bluetooth-aux-wireless-music-audio-receiver-with-35mm-jack-and-usb-adapter-for-car-stereos-speakers-and-headphones-i117426699.html,12/19/24,TRUE,5,Not working,Color Family:Black,0,,,,,
electronics,"Bluetooth AUX Wireless Music Audio Receiver with 3.5mm Jack and USB Adapter for Car Stereos, Speakers, and Headphones",https://www.daraz.lk/products/bluetooth-aux-wireless-music-audio-receiver-with-35mm-jack-and-usb-adapter-for-car-stereos-speakers-and-headphones-i117426699.html,6/30/25,TRUE,5,good,Color Family:Black,0,,,,,
electronics,"Bluetooth AUX Wireless Music Audio Receiver with 3.5mm Jack and USB Adapter for Car Stereos, Speakers, and Headphones",https://www.daraz.lk/products/bluetooth-aux-wireless-music-audio-receiver-with-35mm-jack-and-usb-adapter-for-car-stereos-speakers-and-headphones-i117426699.html,1/22/26,TRUE,5,good,Color Family:Black,0,,,,,
electronics,"Bluetooth AUX Wireless Music Audio Receiver with 3.5mm Jack and USB Adapter for Car Stereos, Speakers, and Headphones",https://www.daraz.lk/products/bluetooth-aux-wireless-music-audio-receiver-with-35mm-jack-and-usb-adapter-for-car-stereos-speakers-and-headphones-i117426699.html,1/18/26,TRUE,5,Nice,Color Family:Black,0,,,,,
electronics,"Bluetooth AUX Wireless Music Audio Receiver with 3.5mm Jack and USB Adapter for Car Stereos, Speakers, and Headphones",https://www.daraz.lk/products/bluetooth-aux-wireless-music-audio-receiver-with-35mm-jack-and-usb-adapter-for-car-stereos-speakers-and-headphones-i117426699.html,12/11/25,TRUE,5,good,Color Family:Black,0,,,,,
electronics,"Bluetooth AUX Wireless Music Audio Receiver with 3.5mm Jack and USB Adapter for Car Stereos, Speakers, and Headphones",https://www.daraz.lk/products/bluetooth-aux-wireless-music-audio-receiver-with-35mm-jack-and-usb-adapter-for-car-stereos-speakers-and-headphones-i117426699.html,2/20/26,TRUE,5,yes good,Color Family:Black,0,,,,,
electronics,"Bluetooth AUX Wireless Music Audio Receiver with 3.5mm Jack and USB Adapter for Car Stereos, Speakers, and Headphones",https://www.daraz.lk/products/bluetooth-aux-wireless-music-audio-receiver-with-35mm-jack-and-usb-adapter-for-car-stereos-speakers-and-headphones-i117426699.html,12/18/25,TRUE,5,good,Color Family:Black,0,,,,,
electronics,"Bluetooth AUX Wireless Music Audio Receiver with 3.5mm Jack and USB Adapter for Car Stereos, Speakers, and Headphones",https://www.daraz.lk/products/bluetooth-aux-wireless-music-audio-receiver-with-35mm-jack-and-usb-adapter-for-car-stereos-speakers-and-headphones-i117426699.html,5/10/26,TRUE,5,Great,Color Family:Black,0,,,,,
electronics,"Bluetooth AUX Wireless Music Audio Receiver with 3.5mm Jack and USB Adapter for Car Stereos, Speakers, and Headphones",https://www.daraz.lk/products/bluetooth-aux-wireless-music-audio-receiver-with-35mm-jack-and-usb-adapter-for-car-stereos-speakers-and-headphones-i117426699.html,5/6/26,TRUE,5,Great !,Color Family:Black,0,,,,,
electronics,"Bluetooth AUX Wireless Music Audio Receiver with 3.5mm Jack and USB Adapter for Car Stereos, Speakers, and Headphones",https://www.daraz.lk/products/bluetooth-aux-wireless-music-audio-receiver-with-35mm-jack-and-usb-adapter-for-car-stereos-speakers-and-headphones-i117426699.html,12/20/25,TRUE,5,good,Color Family:Black,0,,,,,
electronics,"Bluetooth AUX Wireless Music Audio Receiver with 3.5mm Jack and USB Adapter for Car Stereos, Speakers, and Headphones",https://www.daraz.lk/products/bluetooth-aux-wireless-music-audio-receiver-with-35mm-jack-and-usb-adapter-for-car-stereos-speakers-and-headphones-i117426699.html,1/17/26,TRUE,5,good,Color Family:Black,0,,,,,
electronics,"Bluetooth AUX Wireless Music Audio Receiver with 3.5mm Jack and USB Adapter for Car Stereos, Speakers, and Headphones",https://www.daraz.lk/products/bluetooth-aux-wireless-music-audio-receiver-with-35mm-jack-and-usb-adapter-for-car-stereos-speakers-and-headphones-i117426699.html,9/4/21,TRUE,5,Good Product!,Color Family:Black,0,,,,,
electronics,"Bluetooth AUX Wireless Music Audio Receiver with 3.5mm Jack and USB Adapter for Car Stereos, Speakers, and Headphones",https://www.daraz.lk/products/bluetooth-aux-wireless-music-audio-receiver-with-35mm-jack-and-usb-adapter-for-car-stereos-speakers-and-headphones-i117426699.html,8/8/24,TRUE,5,pen eka wada naa,වර්ණ කාණ්ඩය:කලු,1,,,,,
electronics,"Bluetooth AUX Wireless Music Audio Receiver with 3.5mm Jack and USB Adapter for Car Stereos, Speakers, and Headphones",https://www.daraz.lk/products/bluetooth-aux-wireless-music-audio-receiver-with-35mm-jack-and-usb-adapter-for-car-stereos-speakers-and-headphones-i117426699.html,11/12/22,TRUE,5,jayakanth,Color Family:Black,0,,,,,
electronics,"Bluetooth AUX Wireless Music Audio Receiver with 3.5mm Jack and USB Adapter for Car Stereos, Speakers, and Headphones",https://www.daraz.lk/products/bluetooth-aux-wireless-music-audio-receiver-with-35mm-jack-and-usb-adapter-for-car-stereos-speakers-and-headphones-i117426699.html,10/11/21,TRUE,5,good pen,Color Family:Black,1,,,,,
electronics,"Bluetooth AUX Wireless Music Audio Receiver with 3.5mm Jack and USB Adapter for Car Stereos, Speakers, and Headphones",https://www.daraz.lk/products/bluetooth-aux-wireless-music-audio-receiver-with-35mm-jack-and-usb-adapter-for-car-stereos-speakers-and-headphones-i117426699.html,8/14/21,TRUE,5,Very good quality produc👌t works well 🤗Tell anyone who wants to buy without fear  Quickly found This is a fast delivery service Thank you very much daraz🙂,Color Family:Black,1,,,,,
electronics,"Bluetooth AUX Wireless Music Audio Receiver with 3.5mm Jack and USB Adapter for Car Stereos, Speakers, and Headphones",https://www.daraz.lk/products/bluetooth-aux-wireless-music-audio-receiver-with-35mm-jack-and-usb-adapter-for-car-stereos-speakers-and-headphones-i117426699.html,8/4/21,TRUE,5,Good product for this piece. Connects well and have good sound quality. Thank you.,Color Family:Black,0,,,,,
electronics,"Bluetooth AUX Wireless Music Audio Receiver with 3.5mm Jack and USB Adapter for Car Stereos, Speakers, and Headphones",https://www.daraz.lk/products/bluetooth-aux-wireless-music-audio-receiver-with-35mm-jack-and-usb-adapter-for-car-stereos-speakers-and-headphones-i117426699.html,6/19/21,TRUE,5,Perfect one .. if you want to convert your old sound system in to new one .,Color Family:Black,0,,,,,
electronics,"Bluetooth AUX Wireless Music Audio Receiver with 3.5mm Jack and USB Adapter for Car Stereos, Speakers, and Headphones",https://www.daraz.lk/products/bluetooth-aux-wireless-music-audio-receiver-with-35mm-jack-and-usb-adapter-for-car-stereos-speakers-and-headphones-i117426699.html,6/20/21,TRUE,5,Works fine. There's a small lag. For playing audio it's all good.,Color Family:Black,0,,,,,
electronics,"Bluetooth AUX Wireless Music Audio Receiver with 3.5mm Jack and USB Adapter for Car Stereos, Speakers, and Headphones",https://www.daraz.lk/products/bluetooth-aux-wireless-music-audio-receiver-with-35mm-jack-and-usb-adapter-for-car-stereos-speakers-and-headphones-i117426699.html,5/5/22,TRUE,1,"Very bad product, Worked only for 3 days... 
Totally useless...",Color Family:Black,0,,,,,
electronics,"Bluetooth AUX Wireless Music Audio Receiver with 3.5mm Jack and USB Adapter for Car Stereos, Speakers, and Headphones",https://www.daraz.lk/products/bluetooth-aux-wireless-music-audio-receiver-with-35mm-jack-and-usb-adapter-for-car-stereos-speakers-and-headphones-i117426699.html,6/14/21,TRUE,2,no battery backup. need to be connected to the power always,Color Family:Black,0,,,,,
electronics,"Bluetooth AUX Wireless Music Audio Receiver with 3.5mm Jack and USB Adapter for Car Stereos, Speakers, and Headphones",https://www.daraz.lk/products/bluetooth-aux-wireless-music-audio-receiver-with-35mm-jack-and-usb-adapter-for-car-stereos-speakers-and-headphones-i117426699.html,9/12/21,TRUE,5,මට මෙය මරු කරන්න ඕන.අද එය රැගෙන ගියා.මුදල් දුන්නෙ නැහැ.තරු ටිකක් එයි කිව්වා එත් තවම ආවේ නැහැ.මට දැන් සල්ලිත් නැහැ භාණ්ඩයත් නැහැ.මට එයට ව්සදුමක් නැහැ.කියන්න මට එයට වෙනත් දෙයක් ගෙන්න ගන්න පුලුවන්ද?.පිස්,වර්ණ කාණ්ඩය:Black,11,,,,,
electronics,"Bluetooth AUX Wireless Music Audio Receiver with 3.5mm Jack and USB Adapter for Car Stereos, Speakers, and Headphones",https://www.daraz.lk/products/bluetooth-aux-wireless-music-audio-receiver-with-35mm-jack-and-usb-adapter-for-car-stereos-speakers-and-headphones-i117426699.html,5/31/24,TRUE,2,"No, it's not good...
it's kind of working, but it's too complicated.
and Output Volume also Low
It's directly power on when plugin to usb
but it's not an input as usb only aux...
and no battery it's only on when plugin...
and a loud humming when It's connected 

DON'T BUY THIS",Color Family:Black,0,,,,,
electronics,"Bluetooth AUX Wireless Music Audio Receiver with 3.5mm Jack and USB Adapter for Car Stereos, Speakers, and Headphones",https://www.daraz.lk/products/bluetooth-aux-wireless-music-audio-receiver-with-35mm-jack-and-usb-adapter-for-car-stereos-speakers-and-headphones-i117426699.html,8/27/21,TRUE,5,Excellent product and very useful. The quality is great,Color Family:Black,0,,,,,
electronics,"Bluetooth AUX Wireless Music Audio Receiver with 3.5mm Jack and USB Adapter for Car Stereos, Speakers, and Headphones",https://www.daraz.lk/products/bluetooth-aux-wireless-music-audio-receiver-with-35mm-jack-and-usb-adapter-for-car-stereos-speakers-and-headphones-i117426699.html,11/2/22,TRUE,5,so fast but still i didnt check it i will update,Color Family:Black,0,,,,,
electronics,"Bluetooth AUX Wireless Music Audio Receiver with 3.5mm Jack and USB Adapter for Car Stereos, Speakers, and Headphones",https://www.daraz.lk/products/bluetooth-aux-wireless-music-audio-receiver-with-35mm-jack-and-usb-adapter-for-car-stereos-speakers-and-headphones-i117426699.html,7/8/21,TRUE,5,Good product . thank u daraz. fast delivery.,Color Family:Black,0,,,,,
electronics,"Bluetooth AUX Wireless Music Audio Receiver with 3.5mm Jack and USB Adapter for Car Stereos, Speakers, and Headphones",https://www.daraz.lk/products/bluetooth-aux-wireless-music-audio-receiver-with-35mm-jack-and-usb-adapter-for-car-stereos-speakers-and-headphones-i117426699.html,10/1/21,TRUE,5,"Illuwe Bluetooth 4. Ekak, awe 2. Ekak",වර්ණ කාණ්ඩය:Black,0,,,,,
electronics,"Bluetooth AUX Wireless Music Audio Receiver with 3.5mm Jack and USB Adapter for Car Stereos, Speakers, and Headphones",https://www.daraz.lk/products/bluetooth-aux-wireless-music-audio-receiver-with-35mm-jack-and-usb-adapter-for-car-stereos-speakers-and-headphones-i117426699.html,6/6/21,TRUE,5,ikmanata labuna. heat wenawa. useless,Color Family:Black,0,,,,,
electronics,"Bluetooth AUX Wireless Music Audio Receiver with 3.5mm Jack and USB Adapter for Car Stereos, Speakers, and Headphones",https://www.daraz.lk/products/bluetooth-aux-wireless-music-audio-receiver-with-35mm-jack-and-usb-adapter-for-car-stereos-speakers-and-headphones-i117426699.html,9/21/22,TRUE,5,Accurate product. Fast delivery,Color Family:Black,0,,,,,
electronics,"Bluetooth AUX Wireless Music Audio Receiver with 3.5mm Jack and USB Adapter for Car Stereos, Speakers, and Headphones",https://www.daraz.lk/products/bluetooth-aux-wireless-music-audio-receiver-with-35mm-jack-and-usb-adapter-for-car-stereos-speakers-and-headphones-i117426699.html,9/15/21,TRUE,1,වැඩ නැහැ ප්ලාස්ටික් කෑල්ලක් වගේ,Color Family:Black,0,,,,,
electronics,"Bluetooth AUX Wireless Music Audio Receiver with 3.5mm Jack and USB Adapter for Car Stereos, Speakers, and Headphones",https://www.daraz.lk/products/bluetooth-aux-wireless-music-audio-receiver-with-35mm-jack-and-usb-adapter-for-car-stereos-speakers-and-headphones-i117426699.html,9/11/21,TRUE,5,quick delivery . best products.,Color Family:Black,0,,,,,
electronics,"Bluetooth AUX Wireless Music Audio Receiver with 3.5mm Jack and USB Adapter for Car Stereos, Speakers, and Headphones",https://www.daraz.lk/products/bluetooth-aux-wireless-music-audio-receiver-with-35mm-jack-and-usb-adapter-for-car-stereos-speakers-and-headphones-i117426699.html,6/25/21,TRUE,5,this product is not working 😔,Color Family:Black,0,,,,,
electronics,"Bluetooth AUX Wireless Music Audio Receiver with 3.5mm Jack and USB Adapter for Car Stereos, Speakers, and Headphones",https://www.daraz.lk/products/bluetooth-aux-wireless-music-audio-receiver-with-35mm-jack-and-usb-adapter-for-car-stereos-speakers-and-headphones-i117426699.html,9/2/21,TRUE,5,good product awesome 👌👌👍👍,Color Family:Black,1,,,,,
electronics,"Bluetooth AUX Wireless Music Audio Receiver with 3.5mm Jack and USB Adapter for Car Stereos, Speakers, and Headphones",https://www.daraz.lk/products/bluetooth-aux-wireless-music-audio-receiver-with-35mm-jack-and-usb-adapter-for-car-stereos-speakers-and-headphones-i117426699.html,7/11/21,TRUE,5,good product ... recommended,Color Family:Black,0,,,,,
electronics,"Bluetooth AUX Wireless Music Audio Receiver with 3.5mm Jack and USB Adapter for Car Stereos, Speakers, and Headphones",https://www.daraz.lk/products/bluetooth-aux-wireless-music-audio-receiver-with-35mm-jack-and-usb-adapter-for-car-stereos-speakers-and-headphones-i117426699.html,7/11/21,TRUE,5,it's a good product.👍😁👍,Color Family:Black,0,,,,,
electronics,"Bluetooth AUX Wireless Music Audio Receiver with 3.5mm Jack and USB Adapter for Car Stereos, Speakers, and Headphones",https://www.daraz.lk/products/bluetooth-aux-wireless-music-audio-receiver-with-35mm-jack-and-usb-adapter-for-car-stereos-speakers-and-headphones-i117426699.html,8/14/21,TRUE,5,hodatama hiyenawa.super.,Color Family:Black,0,,,,,
electronics,"Bluetooth AUX Wireless Music Audio Receiver with 3.5mm Jack and USB Adapter for Car Stereos, Speakers, and Headphones",https://www.daraz.lk/products/bluetooth-aux-wireless-music-audio-receiver-with-35mm-jack-and-usb-adapter-for-car-stereos-speakers-and-headphones-i117426699.html,7/25/21,TRUE,5,maga kamaitha vanase una,Color Family:Black,0,,,,,
electronics,"Bluetooth AUX Wireless Music Audio Receiver with 3.5mm Jack and USB Adapter for Car Stereos, Speakers, and Headphones",https://www.daraz.lk/products/bluetooth-aux-wireless-music-audio-receiver-with-35mm-jack-and-usb-adapter-for-car-stereos-speakers-and-headphones-i117426699.html,7/21/21,TRUE,5,pen ek wada cabel eka wada karanne na meke badu ewanakota chek karala ewanna ewannm vale badu ewanna epa,Color Family:Black,0,,,,,
electronics,"Bluetooth AUX Wireless Music Audio Receiver with 3.5mm Jack and USB Adapter for Car Stereos, Speakers, and Headphones",https://www.daraz.lk/products/bluetooth-aux-wireless-music-audio-receiver-with-35mm-jack-and-usb-adapter-for-car-stereos-speakers-and-headphones-i117426699.html,4/5/22,TRUE,5,ikmata awa.good device,Color Family:Black,0,,,,,
electronics,"Bluetooth AUX Wireless Music Audio Receiver with 3.5mm Jack and USB Adapter for Car Stereos, Speakers, and Headphones",https://www.daraz.lk/products/bluetooth-aux-wireless-music-audio-receiver-with-35mm-jack-and-usb-adapter-for-car-stereos-speakers-and-headphones-i117426699.html,9/21/21,TRUE,5,nice audio receiver pen,Color Family:Black,0,,,,,
electronics,"Bluetooth AUX Wireless Music Audio Receiver with 3.5mm Jack and USB Adapter for Car Stereos, Speakers, and Headphones",https://www.daraz.lk/products/bluetooth-aux-wireless-music-audio-receiver-with-35mm-jack-and-usb-adapter-for-car-stereos-speakers-and-headphones-i117426699.html,8/31/21,TRUE,1,Quality not good👎,Color Family:Black,0,,,,,
electronics,"Bluetooth AUX Wireless Music Audio Receiver with 3.5mm Jack and USB Adapter for Car Stereos, Speakers, and Headphones",https://www.daraz.lk/products/bluetooth-aux-wireless-music-audio-receiver-with-35mm-jack-and-usb-adapter-for-car-stereos-speakers-and-headphones-i117426699.html,9/18/21,TRUE,5,the best one 👍👌,Color Family:Black,0,,,,,
electronics,"Bluetooth AUX Wireless Music Audio Receiver with 3.5mm Jack and USB Adapter for Car Stereos, Speakers, and Headphones",https://www.daraz.lk/products/bluetooth-aux-wireless-music-audio-receiver-with-35mm-jack-and-usb-adapter-for-car-stereos-speakers-and-headphones-i117426699.html,7/13/21,TRUE,5,Super product.,Color Family:Black,0,,,,,
electronics,"Bluetooth AUX Wireless Music Audio Receiver with 3.5mm Jack and USB Adapter for Car Stereos, Speakers, and Headphones",https://www.daraz.lk/products/bluetooth-aux-wireless-music-audio-receiver-with-35mm-jack-and-usb-adapter-for-car-stereos-speakers-and-headphones-i117426699.html,4/18/22,TRUE,5,its wary super,Color Family:Black,0,,,,,
electronics,"Bluetooth AUX Wireless Music Audio Receiver with 3.5mm Jack and USB Adapter for Car Stereos, Speakers, and Headphones",https://www.daraz.lk/products/bluetooth-aux-wireless-music-audio-receiver-with-35mm-jack-and-usb-adapter-for-car-stereos-speakers-and-headphones-i117426699.html,11/10/21,TRUE,5,good product,වර්ණ කාණ්ඩය:Black,0,,,,,
electronics,"Bluetooth AUX Wireless Music Audio Receiver with 3.5mm Jack and USB Adapter for Car Stereos, Speakers, and Headphones",https://www.daraz.lk/products/bluetooth-aux-wireless-music-audio-receiver-with-35mm-jack-and-usb-adapter-for-car-stereos-speakers-and-headphones-i117426699.html,6/11/21,TRUE,5,good quality,Color Family:Black,0,,,,,
electronics,"Bluetooth AUX Wireless Music Audio Receiver with 3.5mm Jack and USB Adapter for Car Stereos, Speakers, and Headphones",https://www.daraz.lk/products/bluetooth-aux-wireless-music-audio-receiver-with-35mm-jack-and-usb-adapter-for-car-stereos-speakers-and-headphones-i117426699.html,10/6/21,TRUE,5,Item is good,Color Family:Black,0,,,,,
electronics,"Bluetooth AUX Wireless Music Audio Receiver with 3.5mm Jack and USB Adapter for Car Stereos, Speakers, and Headphones",https://www.daraz.lk/products/bluetooth-aux-wireless-music-audio-receiver-with-35mm-jack-and-usb-adapter-for-car-stereos-speakers-and-headphones-i117426699.html,5/4/22,TRUE,5,good product,වර්ණ කාණ්ඩය:කලු,0,,,,,
electronics,"Bluetooth AUX Wireless Music Audio Receiver with 3.5mm Jack and USB Adapter for Car Stereos, Speakers, and Headphones",https://www.daraz.lk/products/bluetooth-aux-wireless-music-audio-receiver-with-35mm-jack-and-usb-adapter-for-car-stereos-speakers-and-headphones-i117426699.html,5/4/26,TRUE,1,Item not working!,Color Family:Black,0,,,,,
electronics,"Bluetooth AUX Wireless Music Audio Receiver with 3.5mm Jack and USB Adapter for Car Stereos, Speakers, and Headphones",https://www.daraz.lk/products/bluetooth-aux-wireless-music-audio-receiver-with-35mm-jack-and-usb-adapter-for-car-stereos-speakers-and-headphones-i117426699.html,2/4/26,TRUE,1,too much noice,Color Family:Black,0,,,,,
electronics,"Bluetooth AUX Wireless Music Audio Receiver with 3.5mm Jack and USB Adapter for Car Stereos, Speakers, and Headphones",https://www.daraz.lk/products/bluetooth-aux-wireless-music-audio-receiver-with-35mm-jack-and-usb-adapter-for-car-stereos-speakers-and-headphones-i117426699.html,11/28/22,TRUE,5,good item,Color Family:Black,0,,,,,
electronics,"Bluetooth AUX Wireless Music Audio Receiver with 3.5mm Jack and USB Adapter for Car Stereos, Speakers, and Headphones",https://www.daraz.lk/products/bluetooth-aux-wireless-music-audio-receiver-with-35mm-jack-and-usb-adapter-for-car-stereos-speakers-and-headphones-i117426699.html,5/4/21,TRUE,5,👍👍👍,Color Family:Black,0,,,,,
electronics,"Bluetooth AUX Wireless Music Audio Receiver with 3.5mm Jack and USB Adapter for Car Stereos, Speakers, and Headphones",https://www.daraz.lk/products/bluetooth-aux-wireless-music-audio-receiver-with-35mm-jack-and-usb-adapter-for-car-stereos-speakers-and-headphones-i117426699.html,3/26/22,TRUE,5,best,Color Family:Black,0,,,,,
electronics,"Bluetooth AUX Wireless Music Audio Receiver with 3.5mm Jack and USB Adapter for Car Stereos, Speakers, and Headphones",https://www.daraz.lk/products/bluetooth-aux-wireless-music-audio-receiver-with-35mm-jack-and-usb-adapter-for-car-stereos-speakers-and-headphones-i117426699.html,4/11/21,FALSE,4,Ill purchase 2 more of this bluetooth for my dad,Color Family:Black,0,,,,,
electronics,"Bluetooth AUX Wireless Music Audio Receiver with 3.5mm Jack and USB Adapter for Car Stereos, Speakers, and Headphones",https://www.daraz.lk/products/bluetooth-aux-wireless-music-audio-receiver-with-35mm-jack-and-usb-adapter-for-car-stereos-speakers-and-headphones-i117426699.html,9/23/21,TRUE,5,wow,Color Family:Black,0,,,,,
electronics,"Bluetooth AUX Wireless Music Audio Receiver with 3.5mm Jack and USB Adapter for Car Stereos, Speakers, and Headphones",https://www.daraz.lk/products/bluetooth-aux-wireless-music-audio-receiver-with-35mm-jack-and-usb-adapter-for-car-stereos-speakers-and-headphones-i117426699.html,4/12/21,FALSE,4,I like this product a lot thank you daraz,Color Family:Black,0,,,,,
electronics,"Bluetooth AUX Wireless Music Audio Receiver with 3.5mm Jack and USB Adapter for Car Stereos, Speakers, and Headphones",https://www.daraz.lk/products/bluetooth-aux-wireless-music-audio-receiver-with-35mm-jack-and-usb-adapter-for-car-stereos-speakers-and-headphones-i117426699.html,4/9/21,FALSE,4,"Where is your shop , I want to buy more",Color Family:Black,0,,,,,
electronics,"Bluetooth AUX Wireless Music Audio Receiver with 3.5mm Jack and USB Adapter for Car Stereos, Speakers, and Headphones",https://www.daraz.lk/products/bluetooth-aux-wireless-music-audio-receiver-with-35mm-jack-and-usb-adapter-for-car-stereos-speakers-and-headphones-i117426699.html,4/14/21,FALSE,5,This is a good bluettoth,Color Family:Black,0,,,,,
electronics,"Bluetooth AUX Wireless Music Audio Receiver with 3.5mm Jack and USB Adapter for Car Stereos, Speakers, and Headphones",https://www.daraz.lk/products/bluetooth-aux-wireless-music-audio-receiver-with-35mm-jack-and-usb-adapter-for-car-stereos-speakers-and-headphones-i117426699.html,4/14/21,FALSE,5,handy to carry around,Color Family:Black,0,,,,,
electronics,"Bluetooth AUX Wireless Music Audio Receiver with 3.5mm Jack and USB Adapter for Car Stereos, Speakers, and Headphones",https://www.daraz.lk/products/bluetooth-aux-wireless-music-audio-receiver-with-35mm-jack-and-usb-adapter-for-car-stereos-speakers-and-headphones-i117426699.html,4/4/21,FALSE,5,really good service,Color Family:Black,0,,,,,
electronics,"Bluetooth AUX Wireless Music Audio Receiver with 3.5mm Jack and USB Adapter for Car Stereos, Speakers, and Headphones",https://www.daraz.lk/products/bluetooth-aux-wireless-music-audio-receiver-with-35mm-jack-and-usb-adapter-for-car-stereos-speakers-and-headphones-i117426699.html,4/6/21,FALSE,4,amazing item,Color Family:Black,0,,,,,
electronics,"Bluetooth AUX Wireless Music Audio Receiver with 3.5mm Jack and USB Adapter for Car Stereos, Speakers, and Headphones",https://www.daraz.lk/products/bluetooth-aux-wireless-music-audio-receiver-with-35mm-jack-and-usb-adapter-for-car-stereos-speakers-and-headphones-i117426699.html,4/1/21,FALSE,4,Came within 20 hours,Color Family:Black,0,,,,,
electronics,"Bluetooth AUX Wireless Music Audio Receiver with 3.5mm Jack and USB Adapter for Car Stereos, Speakers, and Headphones",https://www.daraz.lk/products/bluetooth-aux-wireless-music-audio-receiver-with-35mm-jack-and-usb-adapter-for-car-stereos-speakers-and-headphones-i117426699.html,3/18/21,FALSE,4,Was looking for something like this,Color Family:Black,0,,,,,
electronics,"Bluetooth AUX Wireless Music Audio Receiver with 3.5mm Jack and USB Adapter for Car Stereos, Speakers, and Headphones",https://www.daraz.lk/products/bluetooth-aux-wireless-music-audio-receiver-with-35mm-jack-and-usb-adapter-for-car-stereos-speakers-and-headphones-i117426699.html,3/22/21,FALSE,4,Works good for my wagon R,Color Family:Black,0,,,,,
electronics,"Bluetooth AUX Wireless Music Audio Receiver with 3.5mm Jack and USB Adapter for Car Stereos, Speakers, and Headphones",https://www.daraz.lk/products/bluetooth-aux-wireless-music-audio-receiver-with-35mm-jack-and-usb-adapter-for-car-stereos-speakers-and-headphones-i117426699.html,3/26/21,FALSE,5,worth the price,Color Family:Black,0,,,,,
electronics,"Bluetooth AUX Wireless Music Audio Receiver with 3.5mm Jack and USB Adapter for Car Stereos, Speakers, and Headphones",https://www.daraz.lk/products/bluetooth-aux-wireless-music-audio-receiver-with-35mm-jack-and-usb-adapter-for-car-stereos-speakers-and-headphones-i117426699.html,3/16/21,FALSE,5,"Great service , product came faST",Color Family:Black,0,,,,,
electronics,"Bluetooth AUX Wireless Music Audio Receiver with 3.5mm Jack and USB Adapter for Car Stereos, Speakers, and Headphones",https://www.daraz.lk/products/bluetooth-aux-wireless-music-audio-receiver-with-35mm-jack-and-usb-adapter-for-car-stereos-speakers-and-headphones-i117426699.html,3/7/21,FALSE,5,Good bluetooth,Color Family:Black,0,,,,,
electronics,"Bluetooth AUX Wireless Music Audio Receiver with 3.5mm Jack and USB Adapter for Car Stereos, Speakers, and Headphones",https://www.daraz.lk/products/bluetooth-aux-wireless-music-audio-receiver-with-35mm-jack-and-usb-adapter-for-car-stereos-speakers-and-headphones-i117426699.html,3/15/21,FALSE,5,I love this,Color Family:Black,0,,,,,
electronics,"Bluetooth AUX Wireless Music Audio Receiver with 3.5mm Jack and USB Adapter for Car Stereos, Speakers, and Headphones",https://www.daraz.lk/products/bluetooth-aux-wireless-music-audio-receiver-with-35mm-jack-and-usb-adapter-for-car-stereos-speakers-and-headphones-i117426699.html,4/7/21,FALSE,5,the best,Color Family:Black,0,,,,,
electronics,"Bluetooth AUX Wireless Music Audio Receiver with 3.5mm Jack and USB Adapter for Car Stereos, Speakers, and Headphones",https://www.daraz.lk/products/bluetooth-aux-wireless-music-audio-receiver-with-35mm-jack-and-usb-adapter-for-car-stereos-speakers-and-headphones-i117426699.html,3/31/21,FALSE,4,thankyou,Color Family:Black,0,,,,,
electronics,"Bluetooth AUX Wireless Music Audio Receiver with 3.5mm Jack and USB Adapter for Car Stereos, Speakers, and Headphones",https://www.daraz.lk/products/bluetooth-aux-wireless-music-audio-receiver-with-35mm-jack-and-usb-adapter-for-car-stereos-speakers-and-headphones-i117426699.html,3/29/21,FALSE,5,good AUX,Color Family:Black,0,,,,,
electronics,"Bluetooth AUX Wireless Music Audio Receiver with 3.5mm Jack and USB Adapter for Car Stereos, Speakers, and Headphones",https://www.daraz.lk/products/bluetooth-aux-wireless-music-audio-receiver-with-35mm-jack-and-usb-adapter-for-car-stereos-speakers-and-headphones-i117426699.html,3/20/21,FALSE,4,I like it,Color Family:Black,0,,,,,
electronics,"Bluetooth AUX Wireless Music Audio Receiver with 3.5mm Jack and USB Adapter for Car Stereos, Speakers, and Headphones",https://www.daraz.lk/products/bluetooth-aux-wireless-music-audio-receiver-with-35mm-jack-and-usb-adapter-for-car-stereos-speakers-and-headphones-i117426699.html,1/12/23,FALSE,5,works really well and it has a good sound quality.,වර්ණ කාණ්ඩය:Black,0,,,,,
electronics,"Bluetooth AUX Wireless Music Audio Receiver with 3.5mm Jack and USB Adapter for Car Stereos, Speakers, and Headphones",https://www.daraz.lk/products/bluetooth-aux-wireless-music-audio-receiver-with-35mm-jack-and-usb-adapter-for-car-stereos-speakers-and-headphones-i117426699.html,1/18/23,FALSE,5,Excellent transmitter.,වර්ණ කාණ්ඩය:Black,0,,,,,
electronics,"Bluetooth AUX Wireless Music Audio Receiver with 3.5mm Jack and USB Adapter for Car Stereos, Speakers, and Headphones",https://www.daraz.lk/products/bluetooth-aux-wireless-music-audio-receiver-with-35mm-jack-and-usb-adapter-for-car-stereos-speakers-and-headphones-i117426699.html,1/12/23,FALSE,5,the shipping was fast,වර්ණ කාණ්ඩය:Black,0,,,,,
electronics,"Bluetooth AUX Wireless Music Audio Receiver with 3.5mm Jack and USB Adapter for Car Stereos, Speakers, and Headphones",https://www.daraz.lk/products/bluetooth-aux-wireless-music-audio-receiver-with-35mm-jack-and-usb-adapter-for-car-stereos-speakers-and-headphones-i117426699.html,1/18/23,FALSE,5,this was the best after I tried almost 7 different types!!!,වර්ණ කාණ්ඩය:Black,0,,,,,
electronics,"Bluetooth AUX Wireless Music Audio Receiver with 3.5mm Jack and USB Adapter for Car Stereos, Speakers, and Headphones",https://www.daraz.lk/products/bluetooth-aux-wireless-music-audio-receiver-with-35mm-jack-and-usb-adapter-for-car-stereos-speakers-and-headphones-i117426699.html,1/12/23,FALSE,5,Small and functional.,වර්ණ කාණ්ඩය:Black,0,,,,,
electronics,"Bluetooth AUX Wireless Music Audio Receiver with 3.5mm Jack and USB Adapter for Car Stereos, Speakers, and Headphones",https://www.daraz.lk/products/bluetooth-aux-wireless-music-audio-receiver-with-35mm-jack-and-usb-adapter-for-car-stereos-speakers-and-headphones-i117426699.html,1/18/23,FALSE,5,"Installing it worked, impeccable.",වර්ණ කාණ්ඩය:Black,0,,,,,
electronics,"Bluetooth AUX Wireless Music Audio Receiver with 3.5mm Jack and USB Adapter for Car Stereos, Speakers, and Headphones",https://www.daraz.lk/products/bluetooth-aux-wireless-music-audio-receiver-with-35mm-jack-and-usb-adapter-for-car-stereos-speakers-and-headphones-i117426699.html,1/18/23,FALSE,5,Great upgrade for attaining Bluetooth streaming capabilities.,වර්ණ කාණ්ඩය:Black,0,,,,,
electronics,"Bluetooth AUX Wireless Music Audio Receiver with 3.5mm Jack and USB Adapter for Car Stereos, Speakers, and Headphones",https://www.daraz.lk/products/bluetooth-aux-wireless-music-audio-receiver-with-35mm-jack-and-usb-adapter-for-car-stereos-speakers-and-headphones-i117426699.html,1/12/23,FALSE,5,Great product,වර්ණ කාණ්ඩය:Black,0,,,,,
electronics,"Bluetooth AUX Wireless Music Audio Receiver with 3.5mm Jack and USB Adapter for Car Stereos, Speakers, and Headphones",https://www.daraz.lk/products/bluetooth-aux-wireless-music-audio-receiver-with-35mm-jack-and-usb-adapter-for-car-stereos-speakers-and-headphones-i117426699.html,1/18/23,FALSE,5,The product worked super well.,වර්ණ කාණ්ඩය:Black,0,,,,,
electronics,"Bluetooth AUX Wireless Music Audio Receiver with 3.5mm Jack and USB Adapter for Car Stereos, Speakers, and Headphones",https://www.daraz.lk/products/bluetooth-aux-wireless-music-audio-receiver-with-35mm-jack-and-usb-adapter-for-car-stereos-speakers-and-headphones-i117426699.html,4/21/22,TRUE,5,Mama mehema itom ekak damme na mama Damme back Cawr ekak vitharai me mokakda me ewala thiyenne,Color Family:Black,0,,,,,
electronics,"Bluetooth AUX Wireless Music Audio Receiver with 3.5mm Jack and USB Adapter for Car Stereos, Speakers, and Headphones",https://www.daraz.lk/products/bluetooth-aux-wireless-music-audio-receiver-with-35mm-jack-and-usb-adapter-for-car-stereos-speakers-and-headphones-i117426699.html,1/18/23,FALSE,5,This little thing is very impressive for its size and price.,වර්ණ කාණ්ඩය:Black,0,,,,,
electronics,"Bluetooth AUX Wireless Music Audio Receiver with 3.5mm Jack and USB Adapter for Car Stereos, Speakers, and Headphones",https://www.daraz.lk/products/bluetooth-aux-wireless-music-audio-receiver-with-35mm-jack-and-usb-adapter-for-car-stereos-speakers-and-headphones-i117426699.html,1/12/23,FALSE,5,This is a GREAT little receiver and you can�t beat the price for the quality!!!,වර්ණ කාණ්ඩය:Black,0,,,,,
electronics,"Bluetooth AUX Wireless Music Audio Receiver with 3.5mm Jack and USB Adapter for Car Stereos, Speakers, and Headphones",https://www.daraz.lk/products/bluetooth-aux-wireless-music-audio-receiver-with-35mm-jack-and-usb-adapter-for-car-stereos-speakers-and-headphones-i117426699.html,1/18/23,FALSE,5,works really well and it has a good sound quality.,වර්ණ කාණ්ඩය:Black,0,,,,,
electronics,"Bluetooth AUX Wireless Music Audio Receiver with 3.5mm Jack and USB Adapter for Car Stereos, Speakers, and Headphones",https://www.daraz.lk/products/bluetooth-aux-wireless-music-audio-receiver-with-35mm-jack-and-usb-adapter-for-car-stereos-speakers-and-headphones-i117426699.html,1/18/23,FALSE,5,"easy install, works well",වර්ණ කාණ්ඩය:Black,0,,,,,
electronics,"Bluetooth AUX Wireless Music Audio Receiver with 3.5mm Jack and USB Adapter for Car Stereos, Speakers, and Headphones",https://www.daraz.lk/products/bluetooth-aux-wireless-music-audio-receiver-with-35mm-jack-and-usb-adapter-for-car-stereos-speakers-and-headphones-i117426699.html,1/12/23,FALSE,5,"good build quality of the item, and convenient price.",වර්ණ කාණ්ඩය:Black,0,,,,,
electronics,"Bluetooth AUX Wireless Music Audio Receiver with 3.5mm Jack and USB Adapter for Car Stereos, Speakers, and Headphones",https://www.daraz.lk/products/bluetooth-aux-wireless-music-audio-receiver-with-35mm-jack-and-usb-adapter-for-car-stereos-speakers-and-headphones-i117426699.html,1/12/23,FALSE,5,thank you for a nice transmeter,වර්ණ කාණ්ඩය:Black,0,,,,,
electronics,"Bluetooth AUX Wireless Music Audio Receiver with 3.5mm Jack and USB Adapter for Car Stereos, Speakers, and Headphones",https://www.daraz.lk/products/bluetooth-aux-wireless-music-audio-receiver-with-35mm-jack-and-usb-adapter-for-car-stereos-speakers-and-headphones-i117426699.html,1/18/23,FALSE,5,Beautiful thank you Really brand top,වර්ණ කාණ්ඩය:Black,0,,,,,
electronics,"Bluetooth AUX Wireless Music Audio Receiver with 3.5mm Jack and USB Adapter for Car Stereos, Speakers, and Headphones",https://www.daraz.lk/products/bluetooth-aux-wireless-music-audio-receiver-with-35mm-jack-and-usb-adapter-for-car-stereos-speakers-and-headphones-i117426699.html,1/12/23,FALSE,5,Works both ways. Only need to supply the,වර්ණ කාණ්ඩය:Black,0,,,,,
electronics,"Bluetooth AUX Wireless Music Audio Receiver with 3.5mm Jack and USB Adapter for Car Stereos, Speakers, and Headphones",https://www.daraz.lk/products/bluetooth-aux-wireless-music-audio-receiver-with-35mm-jack-and-usb-adapter-for-car-stereos-speakers-and-headphones-i117426699.html,1/18/23,FALSE,5,Works both ways. Only need to supply the,වර්ණ කාණ්ඩය:Black,0,,,,,
electronics,"Bluetooth AUX Wireless Music Audio Receiver with 3.5mm Jack and USB Adapter for Car Stereos, Speakers, and Headphones",https://www.daraz.lk/products/bluetooth-aux-wireless-music-audio-receiver-with-35mm-jack-and-usb-adapter-for-car-stereos-speakers-and-headphones-i117426699.html,1/12/23,FALSE,5,Quickly and accurately,වර්ණ කාණ්ඩය:Black,0,,,,,
electronics,"Bluetooth AUX Wireless Music Audio Receiver with 3.5mm Jack and USB Adapter for Car Stereos, Speakers, and Headphones",https://www.daraz.lk/products/bluetooth-aux-wireless-music-audio-receiver-with-35mm-jack-and-usb-adapter-for-car-stereos-speakers-and-headphones-i117426699.html,1/18/23,FALSE,5,Another must have if you have any Bluetooth headphones/speakers.,වර්ණ කාණ්ඩය:Black,0,,,,,
electronics,"Bluetooth AUX Wireless Music Audio Receiver with 3.5mm Jack and USB Adapter for Car Stereos, Speakers, and Headphones",https://www.daraz.lk/products/bluetooth-aux-wireless-music-audio-receiver-with-35mm-jack-and-usb-adapter-for-car-stereos-speakers-and-headphones-i117426699.html,1/12/23,FALSE,5,This thing just works.,වර්ණ කාණ්ඩය:Black,0,,,,,
electronics,"Bluetooth AUX Wireless Music Audio Receiver with 3.5mm Jack and USB Adapter for Car Stereos, Speakers, and Headphones",https://www.daraz.lk/products/bluetooth-aux-wireless-music-audio-receiver-with-35mm-jack-and-usb-adapter-for-car-stereos-speakers-and-headphones-i117426699.html,1/18/23,FALSE,5,"Great and quality product, untill now i am satisfied.",වර්ණ කාණ්ඩය:Black,0,,,,,
electronics,"Bluetooth AUX Wireless Music Audio Receiver with 3.5mm Jack and USB Adapter for Car Stereos, Speakers, and Headphones",https://www.daraz.lk/products/bluetooth-aux-wireless-music-audio-receiver-with-35mm-jack-and-usb-adapter-for-car-stereos-speakers-and-headphones-i117426699.html,1/18/23,FALSE,5,I am very pleased with this purchase and would buy it all over again if I need another one.,වර්ණ කාණ්ඩය:Black,0,,,,,
electronics,"Bluetooth AUX Wireless Music Audio Receiver with 3.5mm Jack and USB Adapter for Car Stereos, Speakers, and Headphones",https://www.daraz.lk/products/bluetooth-aux-wireless-music-audio-receiver-with-35mm-jack-and-usb-adapter-for-car-stereos-speakers-and-headphones-i117426699.html,1/12/23,FALSE,5,Great product for the price!,වර්ණ කාණ්ඩය:Black,0,,,,,
electronics,"Bluetooth AUX Wireless Music Audio Receiver with 3.5mm Jack and USB Adapter for Car Stereos, Speakers, and Headphones",https://www.daraz.lk/products/bluetooth-aux-wireless-music-audio-receiver-with-35mm-jack-and-usb-adapter-for-car-stereos-speakers-and-headphones-i117426699.html,1/12/23,FALSE,5,clear sound and easy to use.,වර්ණ කාණ්ඩය:Black,0,,,,,
electronics,"Bluetooth AUX Wireless Music Audio Receiver with 3.5mm Jack and USB Adapter for Car Stereos, Speakers, and Headphones",https://www.daraz.lk/products/bluetooth-aux-wireless-music-audio-receiver-with-35mm-jack-and-usb-adapter-for-car-stereos-speakers-and-headphones-i117426699.html,1/18/23,FALSE,5,This is a GREAT little receiver and you can�t beat the price for the quality!!!,වර්ණ කාණ්ඩය:Black,0,,,,,
electronics,"Bluetooth AUX Wireless Music Audio Receiver with 3.5mm Jack and USB Adapter for Car Stereos, Speakers, and Headphones",https://www.daraz.lk/products/bluetooth-aux-wireless-music-audio-receiver-with-35mm-jack-and-usb-adapter-for-car-stereos-speakers-and-headphones-i117426699.html,1/18/23,FALSE,5,This Bluetooth receiver is awesome and especially at the price!!,වර්ණ කාණ්ඩය:Black,0,,,,,
electronics,"Bluetooth AUX Wireless Music Audio Receiver with 3.5mm Jack and USB Adapter for Car Stereos, Speakers, and Headphones",https://www.daraz.lk/products/bluetooth-aux-wireless-music-audio-receiver-with-35mm-jack-and-usb-adapter-for-car-stereos-speakers-and-headphones-i117426699.html,1/12/23,FALSE,5,Great product for great price.,වර්ණ කාණ්ඩය:Black,0,,,,,
electronics,"Bluetooth AUX Wireless Music Audio Receiver with 3.5mm Jack and USB Adapter for Car Stereos, Speakers, and Headphones",https://www.daraz.lk/products/bluetooth-aux-wireless-music-audio-receiver-with-35mm-jack-and-usb-adapter-for-car-stereos-speakers-and-headphones-i117426699.html,1/12/23,FALSE,5,First impressions are that this device is worth every money,වර්ණ කාණ්ඩය:Black,0,,,,,
electronics,"Bluetooth AUX Wireless Music Audio Receiver with 3.5mm Jack and USB Adapter for Car Stereos, Speakers, and Headphones",https://www.daraz.lk/products/bluetooth-aux-wireless-music-audio-receiver-with-35mm-jack-and-usb-adapter-for-car-stereos-speakers-and-headphones-i117426699.html,1/18/23,FALSE,5,Very good product I really liked it,වර්ණ කාණ්ඩය:Black,0,,,,,
electronics,"Bluetooth AUX Wireless Music Audio Receiver with 3.5mm Jack and USB Adapter for Car Stereos, Speakers, and Headphones",https://www.daraz.lk/products/bluetooth-aux-wireless-music-audio-receiver-with-35mm-jack-and-usb-adapter-for-car-stereos-speakers-and-headphones-i117426699.html,1/12/23,FALSE,5,this was the best after I tried almost 7 different types!!!,වර්ණ කාණ්ඩය:Black,0,,,,,
electronics,"Bluetooth AUX Wireless Music Audio Receiver with 3.5mm Jack and USB Adapter for Car Stereos, Speakers, and Headphones",https://www.daraz.lk/products/bluetooth-aux-wireless-music-audio-receiver-with-35mm-jack-and-usb-adapter-for-car-stereos-speakers-and-headphones-i117426699.html,1/18/23,FALSE,5,It works excellent,වර්ණ කාණ්ඩය:Black,0,,,,,
electronics,"Bluetooth AUX Wireless Music Audio Receiver with 3.5mm Jack and USB Adapter for Car Stereos, Speakers, and Headphones",https://www.daraz.lk/products/bluetooth-aux-wireless-music-audio-receiver-with-35mm-jack-and-usb-adapter-for-car-stereos-speakers-and-headphones-i117426699.html,1/12/23,FALSE,5,Very good I recommend it very good sound quality excellent product,වර්ණ කාණ්ඩය:Black,0,,,,,
electronics,"Bluetooth AUX Wireless Music Audio Receiver with 3.5mm Jack and USB Adapter for Car Stereos, Speakers, and Headphones",https://www.daraz.lk/products/bluetooth-aux-wireless-music-audio-receiver-with-35mm-jack-and-usb-adapter-for-car-stereos-speakers-and-headphones-i117426699.html,1/12/23,FALSE,5,Another must have if you have any Bluetooth headphones/speakers.,වර්ණ කාණ්ඩය:Black,0,,,,,
electronics,"Bluetooth AUX Wireless Music Audio Receiver with 3.5mm Jack and USB Adapter for Car Stereos, Speakers, and Headphones",https://www.daraz.lk/products/bluetooth-aux-wireless-music-audio-receiver-with-35mm-jack-and-usb-adapter-for-car-stereos-speakers-and-headphones-i117426699.html,1/12/23,FALSE,5,ery pleasantly surprised!,වර්ණ කාණ්ඩය:Black,0,,,,,
electronics,"Bluetooth AUX Wireless Music Audio Receiver with 3.5mm Jack and USB Adapter for Car Stereos, Speakers, and Headphones",https://www.daraz.lk/products/bluetooth-aux-wireless-music-audio-receiver-with-35mm-jack-and-usb-adapter-for-car-stereos-speakers-and-headphones-i117426699.html,1/12/23,FALSE,5,Sound quality is great and it always connects!,වර්ණ කාණ්ඩය:Black,0,,,,,
electronics,"Bluetooth AUX Wireless Music Audio Receiver with 3.5mm Jack and USB Adapter for Car Stereos, Speakers, and Headphones",https://www.daraz.lk/products/bluetooth-aux-wireless-music-audio-receiver-with-35mm-jack-and-usb-adapter-for-car-stereos-speakers-and-headphones-i117426699.html,1/18/23,FALSE,5,Very small and tiny product.,වර්ණ කාණ්ඩය:Black,0,,,,,
electronics,"Bluetooth AUX Wireless Music Audio Receiver with 3.5mm Jack and USB Adapter for Car Stereos, Speakers, and Headphones",https://www.daraz.lk/products/bluetooth-aux-wireless-music-audio-receiver-with-35mm-jack-and-usb-adapter-for-car-stereos-speakers-and-headphones-i117426699.html,1/18/23,FALSE,5,I liked the easy of use. I�m using in my car.,වර්ණ කාණ්ඩය:Black,0,,,,,
electronics,"Bluetooth AUX Wireless Music Audio Receiver with 3.5mm Jack and USB Adapter for Car Stereos, Speakers, and Headphones",https://www.daraz.lk/products/bluetooth-aux-wireless-music-audio-receiver-with-35mm-jack-and-usb-adapter-for-car-stereos-speakers-and-headphones-i117426699.html,1/12/23,FALSE,5,Very happy with this purchase,වර්ණ කාණ්ඩය:Black,0,,,,,
electronics,"Bluetooth AUX Wireless Music Audio Receiver with 3.5mm Jack and USB Adapter for Car Stereos, Speakers, and Headphones",https://www.daraz.lk/products/bluetooth-aux-wireless-music-audio-receiver-with-35mm-jack-and-usb-adapter-for-car-stereos-speakers-and-headphones-i117426699.html,1/12/23,FALSE,5,Very small and tiny product.,වර්ණ කාණ්ඩය:Black,0,,,,,
electronics,"Bluetooth AUX Wireless Music Audio Receiver with 3.5mm Jack and USB Adapter for Car Stereos, Speakers, and Headphones",https://www.daraz.lk/products/bluetooth-aux-wireless-music-audio-receiver-with-35mm-jack-and-usb-adapter-for-car-stereos-speakers-and-headphones-i117426699.html,1/12/23,FALSE,5,"Installing it worked, impeccable.",වර්ණ කාණ්ඩය:Black,0,,,,,
electronics,"Bluetooth AUX Wireless Music Audio Receiver with 3.5mm Jack and USB Adapter for Car Stereos, Speakers, and Headphones",https://www.daraz.lk/products/bluetooth-aux-wireless-music-audio-receiver-with-35mm-jack-and-usb-adapter-for-car-stereos-speakers-and-headphones-i117426699.html,1/12/23,FALSE,5,Great upgrade for attaining Bluetooth streaming capabilities.,වර්ණ කාණ්ඩය:Black,0,,,,,
electronics,"Bluetooth AUX Wireless Music Audio Receiver with 3.5mm Jack and USB Adapter for Car Stereos, Speakers, and Headphones",https://www.daraz.lk/products/bluetooth-aux-wireless-music-audio-receiver-with-35mm-jack-and-usb-adapter-for-car-stereos-speakers-and-headphones-i117426699.html,1/18/23,FALSE,5,clear sound and easy to use.,වර්ණ කාණ්ඩය:Black,0,,,,,
electronics,"Bluetooth AUX Wireless Music Audio Receiver with 3.5mm Jack and USB Adapter for Car Stereos, Speakers, and Headphones",https://www.daraz.lk/products/bluetooth-aux-wireless-music-audio-receiver-with-35mm-jack-and-usb-adapter-for-car-stereos-speakers-and-headphones-i117426699.html,1/18/23,FALSE,5,First impressions are that this device is worth every money,වර්ණ කාණ්ඩය:Black,0,,,,,
electronics,"Bluetooth AUX Wireless Music Audio Receiver with 3.5mm Jack and USB Adapter for Car Stereos, Speakers, and Headphones",https://www.daraz.lk/products/bluetooth-aux-wireless-music-audio-receiver-with-35mm-jack-and-usb-adapter-for-car-stereos-speakers-and-headphones-i117426699.html,1/12/23,FALSE,5,Excellent transmitter.,වර්ණ කාණ්ඩය:Black,0,,,,,
electronics,"Bluetooth AUX Wireless Music Audio Receiver with 3.5mm Jack and USB Adapter for Car Stereos, Speakers, and Headphones",https://www.daraz.lk/products/bluetooth-aux-wireless-music-audio-receiver-with-35mm-jack-and-usb-adapter-for-car-stereos-speakers-and-headphones-i117426699.html,1/12/23,FALSE,5,"amazing functionality, connects instantly with phone every time",වර්ණ කාණ්ඩය:Black,0,,,,,
electronics,"Bluetooth AUX Wireless Music Audio Receiver with 3.5mm Jack and USB Adapter for Car Stereos, Speakers, and Headphones",https://www.daraz.lk/products/bluetooth-aux-wireless-music-audio-receiver-with-35mm-jack-and-usb-adapter-for-car-stereos-speakers-and-headphones-i117426699.html,1/12/23,FALSE,5,A great product. Very happy as goods and shipping. Quickly deliver,වර්ණ කාණ්ඩය:Black,0,,,,,
electronics,"Bluetooth AUX Wireless Music Audio Receiver with 3.5mm Jack and USB Adapter for Car Stereos, Speakers, and Headphones",https://www.daraz.lk/products/bluetooth-aux-wireless-music-audio-receiver-with-35mm-jack-and-usb-adapter-for-car-stereos-speakers-and-headphones-i117426699.html,1/18/23,FALSE,5,Product really very good. Sound quality is excellent,වර්ණ කාණ්ඩය:Black,0,,,,,
electronics,"Bluetooth AUX Wireless Music Audio Receiver with 3.5mm Jack and USB Adapter for Car Stereos, Speakers, and Headphones",https://www.daraz.lk/products/bluetooth-aux-wireless-music-audio-receiver-with-35mm-jack-and-usb-adapter-for-car-stereos-speakers-and-headphones-i117426699.html,1/18/23,FALSE,5,hands down THE BEST SOUNDING BLUETOOTH ADAPTER,වර්ණ කාණ්ඩය:Black,0,,,,,
electronics,"Bluetooth AUX Wireless Music Audio Receiver with 3.5mm Jack and USB Adapter for Car Stereos, Speakers, and Headphones",https://www.daraz.lk/products/bluetooth-aux-wireless-music-audio-receiver-with-35mm-jack-and-usb-adapter-for-car-stereos-speakers-and-headphones-i117426699.html,1/18/23,FALSE,5,Excellent product.,වර්ණ කාණ්ඩය:Black,0,,,,,
electronics,"Bluetooth AUX Wireless Music Audio Receiver with 3.5mm Jack and USB Adapter for Car Stereos, Speakers, and Headphones",https://www.daraz.lk/products/bluetooth-aux-wireless-music-audio-receiver-with-35mm-jack-and-usb-adapter-for-car-stereos-speakers-and-headphones-i117426699.html,1/12/23,FALSE,5,"The adapter works well, the phone is easily connected",වර්ණ කාණ්ඩය:Black,0,,,,,
electronics,"Bluetooth AUX Wireless Music Audio Receiver with 3.5mm Jack and USB Adapter for Car Stereos, Speakers, and Headphones",https://www.daraz.lk/products/bluetooth-aux-wireless-music-audio-receiver-with-35mm-jack-and-usb-adapter-for-car-stereos-speakers-and-headphones-i117426699.html,1/18/23,FALSE,5,Connects to last device connected once turned on so no need to connect every time,වර්ණ කාණ්ඩය:Black,0,,,,,
electronics,"Bluetooth AUX Wireless Music Audio Receiver with 3.5mm Jack and USB Adapter for Car Stereos, Speakers, and Headphones",https://www.daraz.lk/products/bluetooth-aux-wireless-music-audio-receiver-with-35mm-jack-and-usb-adapter-for-car-stereos-speakers-and-headphones-i117426699.html,1/18/23,FALSE,5,The sound quality is excellent.,වර්ණ කාණ්ඩය:Black,0,,,,,
electronics,"Bluetooth AUX Wireless Music Audio Receiver with 3.5mm Jack and USB Adapter for Car Stereos, Speakers, and Headphones",https://www.daraz.lk/products/bluetooth-aux-wireless-music-audio-receiver-with-35mm-jack-and-usb-adapter-for-car-stereos-speakers-and-headphones-i117426699.html,1/18/23,FALSE,5,This thing just works.,වර්ණ කාණ්ඩය:Black,0,,,,,
fashion,Elegant A-Line Ruffle Hem Dress with Spaghetti Strap,https://www.daraz.lk/products/elegant-a-line-ruffle-hem-dress-with-spaghetti-strap-i732980194.html,2/11/26,TRUE,5,Top product. I would buy again. Thanks.,"Color Family:Dark Green, Size:Int:M",0,,,,,
fashion,Elegant A-Line Ruffle Hem Dress with Spaghetti Strap,https://www.daraz.lk/products/elegant-a-line-ruffle-hem-dress-with-spaghetti-strap-i732980194.html,2/20/26,TRUE,5,Perfect. I will buy again. Thank you.,"Color Family:White, Size:Int:M",0,,,,,
fashion,Elegant A-Line Ruffle Hem Dress with Spaghetti Strap,https://www.daraz.lk/products/elegant-a-line-ruffle-hem-dress-with-spaghetti-strap-i732980194.html,2/20/26,TRUE,5,Perfect. I will buy again. Thank you.,"Color Family:Maroon, Size:Int:M",0,,,,,
fashion,Elegant A-Line Ruffle Hem Dress with Spaghetti Strap,https://www.daraz.lk/products/elegant-a-line-ruffle-hem-dress-with-spaghetti-strap-i732980194.html,4/2/26,TRUE,5,"Beautiful, good quality fabric.","Color Family:Black, Size:Int:M",0,,,,,
fashion,Ladies Casual Shirt Tops/Women's shirt tops,https://www.daraz.lk/products/ladies-casual-shirt-topswomens-shirt-tops-i481186231.html,1/10/26,TRUE,5,We got a wrong item. Please we need to return it,"Color Family:Black, Size:Int:L",0,,,,,
fashion,Ladies Casual Shirt Tops/Women's shirt tops,https://www.daraz.lk/products/ladies-casual-shirt-topswomens-shirt-tops-i481186231.html,11/21/25,TRUE,5,it is a good product it fit to the size,"Color Family:Black, Size:Int:5XL",0,,,,,
fashion,Ladies Casual Shirt Tops/Women's shirt tops,https://www.daraz.lk/products/ladies-casual-shirt-topswomens-shirt-tops-i481186231.html,11/21/25,TRUE,5,it's a good product.it fit the size.,"Color Family:Black, Size:Int:XXXL",0,,,,,
fashion,Ladies Casual Shirt Tops/Women's shirt tops,https://www.daraz.lk/products/ladies-casual-shirt-topswomens-shirt-tops-i481186231.html,5/9/26,TRUE,5,"quality items......
satisfied....","Color Family:Black, Size:Int:XXL",0,,,,,
fashion,Ladies Casual Shirt Tops/Women's shirt tops,https://www.daraz.lk/products/ladies-casual-shirt-topswomens-shirt-tops-i481186231.html,2/25/26,TRUE,5,harima ne mahala thiyenawa.photo eke thiyenawa wage kohethma ne.harima ne.mahanna danne nethi kenek mahala thiyenne.harima jarawak.,"Color Family:Brown, Size:Int:6XL",0,,,,,
fashion,Ladies Casual Shirt Tops/Women's shirt tops,https://www.daraz.lk/products/ladies-casual-shirt-topswomens-shirt-tops-i481186231.html,1/2/26,TRUE,5,This seller is fake. Very bad stitching. Extremely bad material. They are cheating us with these pictures. it's absolutely not like what they have displayed. 🤬🤬🤬,"Color Family:Brown, Size:Int:4XL",1,,,,,
fashion,Ladies Casual Shirt Tops/Women's shirt tops,https://www.daraz.lk/products/ladies-casual-shirt-topswomens-shirt-tops-i481186231.html,7/13/25,TRUE,5,දකින තරම් ලස්සන නැහැ .මහලා තියෙනවා හැඩත් නැහැ .ඒ රෙදි වර්ගය ට දාඩිය දානවා.,"Color Family:Brown, Size:Int:XXXL",5,,,,,
fashion,Ladies Casual Shirt Tops/Women's shirt tops,https://www.daraz.lk/products/ladies-casual-shirt-topswomens-shirt-tops-i481186231.html,10/17/25,TRUE,5,meka kuruth ganna epa magulak awala,"Color Family:Light yellow, Size:Int:XL",1,,,,,
fashion,Ladies Casual Shirt Tops/Women's shirt tops,https://www.daraz.lk/products/ladies-casual-shirt-topswomens-shirt-tops-i481186231.html,1/28/26,TRUE,5,smaller in size,"Color Family:Brown, Size:Int:XXL",0,,,,,
fashion,Ladies Casual Shirt Tops/Women's shirt tops,https://www.daraz.lk/products/ladies-casual-shirt-topswomens-shirt-tops-i481186231.html,2/5/26,TRUE,3,නියමිත ප්‍ර්මිතිය නෙවෙයි,"වර්ණ කාණ්ඩය:ලා කහ, ප්‍රමාණය:Int:XXL",0,,,,,
fashion,Ladies Casual Shirt Tops/Women's shirt tops,https://www.daraz.lk/products/ladies-casual-shirt-topswomens-shirt-tops-i481186231.html,10/16/25,TRUE,1,"I’m very disappointed because the size I ordered wasn’t sent — they sent a small size instead, and the quality is also poor. I paid for the item, but it didn’t come as described. 😔😔😔😔","Color Family:Black, Size:Int:XL",0,,,,,
fashion,Ladies Casual Shirt Tops/Women's shirt tops,https://www.daraz.lk/products/ladies-casual-shirt-topswomens-shirt-tops-i481186231.html,4/6/26,TRUE,1,A dress with no shape or finish. Not worth the price I paid.,"Color Family:Black, Size:Int:L",0,,,,,
fashion,Casual Multicolor Linen Fabric Frock Skirt with Pockets for Spring/Summer/Autumn Dress For Women,https://www.daraz.lk/products/casual-multicolor-linen-fabric-frock-skirt-with-pockets-for-springsummerautumn-dress-for-women-i262120332.html,5/8/25,TRUE,5,මාරම ලස්සනට තියෙනවා.ඇත්තටම ඇත්තටම ලස්සනයි.රෙද්දත් ඇගට හරිම පහසුයි.photo  එකෙ තියෙනවට වඩා ලස්සනයි.ඕනම කෙනෙක් බය නැතුව ගන්න...thank you....thank you...thank you daraz...❤️❤️❤️❤️❤️❤️❤️❤️❤️,"වර්ණ කාණ්ඩය:රෝස, ප්‍රමාණය:Int:XXXL",0,,,,,
fashion,Casual Multicolor Linen Fabric Frock Skirt with Pockets for Spring/Summer/Autumn Dress For Women,https://www.daraz.lk/products/casual-multicolor-linen-fabric-frock-skirt-with-pockets-for-springsummerautumn-dress-for-women-i262120332.html,3/17/25,TRUE,5,sleeves were much shorter than as it appears on the photo.,"Color Family:Black, Size:Int:XL",1,,,,,
fashion,Casual Multicolor Linen Fabric Frock Skirt with Pockets for Spring/Summer/Autumn Dress For Women,https://www.daraz.lk/products/casual-multicolor-linen-fabric-frock-skirt-with-pockets-for-springsummerautumn-dress-for-women-i262120332.html,4/9/25,TRUE,5,fast delivery and frock is same as the picture .,"Color Family:Blue, Size:Int:S",0,,,,,
fashion,Casual Multicolor Linen Fabric Frock Skirt with Pockets for Spring/Summer/Autumn Dress For Women,https://www.daraz.lk/products/casual-multicolor-linen-fabric-frock-skirt-with-pockets-for-springsummerautumn-dress-for-women-i262120332.html,11/7/24,TRUE,5,"super thank you 
daraz","Color Family:Black, Size:Int:L",0,,,,,
fashion,Casual Multicolor Linen Fabric Frock Skirt with Pockets for Spring/Summer/Autumn Dress For Women,https://www.daraz.lk/products/casual-multicolor-linen-fabric-frock-skirt-with-pockets-for-springsummerautumn-dress-for-women-i262120332.html,8/22/25,TRUE,5,size problem,"Color Family:Pink, Size:Int:M",1,,,,,
fashion,Casual Multicolor Linen Fabric Frock Skirt with Pockets for Spring/Summer/Autumn Dress For Women,https://www.daraz.lk/products/casual-multicolor-linen-fabric-frock-skirt-with-pockets-for-springsummerautumn-dress-for-women-i262120332.html,4/24/25,TRUE,5,"Super 👍👍👍 it’s really good, quilty wise also good,……,","Color Family:Green, Size:Int:XL",0,,,,,
fashion,Casual Multicolor Linen Fabric Frock Skirt with Pockets for Spring/Summer/Autumn Dress For Women,https://www.daraz.lk/products/casual-multicolor-linen-fabric-frock-skirt-with-pockets-for-springsummerautumn-dress-for-women-i262120332.html,12/12/25,TRUE,5,its good. but material quality not good much.,"Color Family:Purple, Size:Int:XXXL",0,,,,,
fashion,Casual Multicolor Linen Fabric Frock Skirt with Pockets for Spring/Summer/Autumn Dress For Women,https://www.daraz.lk/products/casual-multicolor-linen-fabric-frock-skirt-with-pockets-for-springsummerautumn-dress-for-women-i262120332.html,9/22/25,TRUE,5,hodata  tibba recommend  karnna puluwn,"Color Family:Green, Size:Int:M",0,,,,,
fashion,Casual Multicolor Linen Fabric Frock Skirt with Pockets for Spring/Summer/Autumn Dress For Women,https://www.daraz.lk/products/casual-multicolor-linen-fabric-frock-skirt-with-pockets-for-springsummerautumn-dress-for-women-i262120332.html,8/12/25,TRUE,5,verry good product baya nathuwa ganna,"Color Family:Blue, Size:Int:XS",0,,,,,
fashion,Casual Multicolor Linen Fabric Frock Skirt with Pockets for Spring/Summer/Autumn Dress For Women,https://www.daraz.lk/products/casual-multicolor-linen-fabric-frock-skirt-with-pockets-for-springsummerautumn-dress-for-women-i262120332.html,3/21/25,TRUE,5,very nice.Good quality.,"Color Family:Red, Size:Int:M",0,,,,,
fashion,Casual Multicolor Linen Fabric Frock Skirt with Pockets for Spring/Summer/Autumn Dress For Women,https://www.daraz.lk/products/casual-multicolor-linen-fabric-frock-skirt-with-pockets-for-springsummerautumn-dress-for-women-i262120332.html,4/30/26,TRUE,5,Great product #win,"Color Family:Purple, Size:Int:M",0,,,,,
fashion,Casual Multicolor Linen Fabric Frock Skirt with Pockets for Spring/Summer/Autumn Dress For Women,https://www.daraz.lk/products/casual-multicolor-linen-fabric-frock-skirt-with-pockets-for-springsummerautumn-dress-for-women-i262120332.html,12/4/24,TRUE,5,good,"Color Family:Blue, Size:Int:XL",0,,,,,
fashion,Casual Multicolor Linen Fabric Frock Skirt with Pockets for Spring/Summer/Autumn Dress For Women,https://www.daraz.lk/products/casual-multicolor-linen-fabric-frock-skirt-with-pockets-for-springsummerautumn-dress-for-women-i262120332.html,9/5/25,TRUE,5,Good 👍,"Color Family:Green, Size:Int:L",0,,,,,
fashion,Casual Multicolor Linen Fabric Frock Skirt with Pockets for Spring/Summer/Autumn Dress For Women,https://www.daraz.lk/products/casual-multicolor-linen-fabric-frock-skirt-with-pockets-for-springsummerautumn-dress-for-women-i262120332.html,5/26/26,TRUE,3,,"Color Family:White, Size:Int:S",0,,,,,
fashion,"Bodycon Short Frock for Women Summer Wear High Quality Fabric Sleeveless Mock Neck, Available in Multicolor",https://www.daraz.lk/products/bodycon-short-frock-for-women-summer-wear-high-quality-fabric-sleeveless-mock-neck-available-in-multicolor-i192742797.html,8/15/24,TRUE,5,"ඇත්තටම ගවුම හරිම ලස්සනයි.Shape එකත් හරියටම තියෙනවා.Discription එකේ විදියමයි.qulity එකත් හොඳයි.colour,size එහෙම හරියට එවලා තිබ්බා.දවස් දෙකෙන් ඩිලිවරි කරා.. Thank you Daraz & Thank you seller❤️🧡","Color Family:Magenta, Size:Int:XS",0,,,,,
fashion,"Bodycon Short Frock for Women Summer Wear High Quality Fabric Sleeveless Mock Neck, Available in Multicolor",https://www.daraz.lk/products/bodycon-short-frock-for-women-summer-wear-high-quality-fabric-sleeveless-mock-neck-available-in-multicolor-i192742797.html,8/26/24,TRUE,5,It’s wooooow thank you so much 😊,"Color Family:Black, Size:Int:M",0,,,,,
fashion,"Bodycon Short Frock for Women Summer Wear High Quality Fabric Sleeveless Mock Neck, Available in Multicolor",https://www.daraz.lk/products/bodycon-short-frock-for-women-summer-wear-high-quality-fabric-sleeveless-mock-neck-available-in-multicolor-i192742797.html,6/27/25,TRUE,5,#Win Very beautiful frock..Comfortable material..Fast delivery service.. Thank you Daraz n Seller..,"Color Family:Maroon, Size:Int:L",0,,,,,
fashion,"Bodycon Short Frock for Women Summer Wear High Quality Fabric Sleeveless Mock Neck, Available in Multicolor",https://www.daraz.lk/products/bodycon-short-frock-for-women-summer-wear-high-quality-fabric-sleeveless-mock-neck-available-in-multicolor-i192742797.html,7/18/25,TRUE,5,"Beautiful dresses, super soft and feel very comfortable. Suitable for summer and winter. My buddy likes it very much. Feels more sexy 😍 😋","Color Family:Lake Blue, Size:Int:M",0,,,,,
fashion,"Bodycon Short Frock for Women Summer Wear High Quality Fabric Sleeveless Mock Neck, Available in Multicolor",https://www.daraz.lk/products/bodycon-short-frock-for-women-summer-wear-high-quality-fabric-sleeveless-mock-neck-available-in-multicolor-i192742797.html,1/3/26,TRUE,5,lassanai Hodata thiyanawa matiriyal aka hodai Adena fabric Akak honda siz Balala ganna,"Color Family:Black, Size:Int:M",0,,,,,
fashion,"Bodycon Short Frock for Women Summer Wear High Quality Fabric Sleeveless Mock Neck, Available in Multicolor",https://www.daraz.lk/products/bodycon-short-frock-for-women-summer-wear-high-quality-fabric-sleeveless-mock-neck-available-in-multicolor-i192742797.html,3/22/24,TRUE,5,frock eka mara lassanai hituvata vada lassanata tibba .. mn ayeth ganna balaporoththu venava Free scrunchie ekakuth labuna Thank you soo mush best seller  ❤️❤️,"Size:Int:L, Color Family:Black",0,,,,,
fashion,"Bodycon Short Frock for Women Summer Wear High Quality Fabric Sleeveless Mock Neck, Available in Multicolor",https://www.daraz.lk/products/bodycon-short-frock-for-women-summer-wear-high-quality-fabric-sleeveless-mock-neck-available-in-multicolor-i192742797.html,8/15/25,TRUE,5,it isn't a frock stupids are you blind  is this a frock stupids 😡😡😡👎,"Color Family:Maroon, Size:Int:XL",0,,,,,
fashion,"Bodycon Short Frock for Women Summer Wear High Quality Fabric Sleeveless Mock Neck, Available in Multicolor",https://www.daraz.lk/products/bodycon-short-frock-for-women-summer-wear-high-quality-fabric-sleeveless-mock-neck-available-in-multicolor-i192742797.html,6/8/24,TRUE,5,Beutifull Dress❤,"Size:Int:M, Color Family:Ochre Brown",0,,,,,
fashion,"Bodycon Short Frock for Women Summer Wear High Quality Fabric Sleeveless Mock Neck, Available in Multicolor",https://www.daraz.lk/products/bodycon-short-frock-for-women-summer-wear-high-quality-fabric-sleeveless-mock-neck-available-in-multicolor-i192742797.html,10/30/24,TRUE,5,කිසිම quality ekak ne අපරාදේ salli,"Color Family:Champagne Pink, Size:Int:XL",0,,,,,
fashion,"Bodycon Short Frock for Women Summer Wear High Quality Fabric Sleeveless Mock Neck, Available in Multicolor",https://www.daraz.lk/products/bodycon-short-frock-for-women-summer-wear-high-quality-fabric-sleeveless-mock-neck-available-in-multicolor-i192742797.html,1/3/26,TRUE,5,lassanai Hodata a thiyanawa super,"Color Family:Maroon, Size:Int:M",0,,,,,
fashion,"Bodycon Short Frock for Women Summer Wear High Quality Fabric Sleeveless Mock Neck, Available in Multicolor",https://www.daraz.lk/products/bodycon-short-frock-for-women-summer-wear-high-quality-fabric-sleeveless-mock-neck-available-in-multicolor-i192742797.html,9/23/24,TRUE,5,its superb.,"Color Family:Maroon, Size:Int:XL",0,,,,,
fashion,"Bodycon Short Frock for Women Summer Wear High Quality Fabric Sleeveless Mock Neck, Available in Multicolor",https://www.daraz.lk/products/bodycon-short-frock-for-women-summer-wear-high-quality-fabric-sleeveless-mock-neck-available-in-multicolor-i192742797.html,4/3/25,TRUE,5,Thank you,"Color Family:Green, Size:Int:M",0,,,,,
fashion,"Bodycon Short Frock for Women Summer Wear High Quality Fabric Sleeveless Mock Neck, Available in Multicolor",https://www.daraz.lk/products/bodycon-short-frock-for-women-summer-wear-high-quality-fabric-sleeveless-mock-neck-available-in-multicolor-i192742797.html,4/3/25,TRUE,3,different color ..disappointed with the color  too light ...but it is a nice frock,"Color Family:Green, Size:Int:L",0,,,,,
fashion,"Bodycon Short Frock for Women Summer Wear High Quality Fabric Sleeveless Mock Neck, Available in Multicolor",https://www.daraz.lk/products/bodycon-short-frock-for-women-summer-wear-high-quality-fabric-sleeveless-mock-neck-available-in-multicolor-i192742797.html,4/15/24,TRUE,5,"That dress is very beautiful👗The material is also very soft. As I said, it had been extended and sewn. It was sent with the same material as requested. The seller is very good. He is a very friendly person. When I ask something, they answer quickly. Every time I order something, they send me a beautiful skunch of the same color as the dress.. Thank you very much, seller. May God bless you in all your endeavors.❤️❤️😘","Size:Int:L, Color Family:Black",0,,,,,
fashion,"Bodycon Short Frock for Women Summer Wear High Quality Fabric Sleeveless Mock Neck, Available in Multicolor",https://www.daraz.lk/products/bodycon-short-frock-for-women-summer-wear-high-quality-fabric-sleeveless-mock-neck-available-in-multicolor-i192742797.html,11/18/24,TRUE,5,Wow! Received the Exactly color with perfect measurement. Really Genuine Seller and Responded the msg with vey friendly… Also super duper fast Delivery. Good job seller and team Daraz.☺️☺️,"Color Family:Champagne Pink, Size:Int:L",0,,,,,
fashion,"Bodycon Short Frock for Women Summer Wear High Quality Fabric Sleeveless Mock Neck, Available in Multicolor",https://www.daraz.lk/products/bodycon-short-frock-for-women-summer-wear-high-quality-fabric-sleeveless-mock-neck-available-in-multicolor-i192742797.html,7/3/25,TRUE,5,"wowww.this is good and low price 
excent daraz packing is good 
thank you daraz.
that product is good quality l really like it thank you daraz for the wonderful dress","Color Family:Sand Brown, Size:Int:L",0,,,,,
fashion,"Bodycon Short Frock for Women Summer Wear High Quality Fabric Sleeveless Mock Neck, Available in Multicolor",https://www.daraz.lk/products/bodycon-short-frock-for-women-summer-wear-high-quality-fabric-sleeveless-mock-neck-available-in-multicolor-i192742797.html,9/9/24,TRUE,5,It was so sooo beautiful love it soo much ❤️❤️❤️ the material also so soft. Highly recommend 💫 worth price thank youu...,"Color Family:Maroon, Size:Int:M",0,,,,,
fashion,"Bodycon Short Frock for Women Summer Wear High Quality Fabric Sleeveless Mock Neck, Available in Multicolor",https://www.daraz.lk/products/bodycon-short-frock-for-women-summer-wear-high-quality-fabric-sleeveless-mock-neck-available-in-multicolor-i192742797.html,12/14/24,TRUE,5,මේක ගන්න එපා අපරාදෙ සල්ලි. නිකන්ම රෙද්ද විතරයි. ඉල්ලුවෙ L එවලා තියෙන්නෙ M මෙරූන් පාට ඉල්ලපු එකට තද රතු පාට එවලා තියෙන්නෙ,"වර්ණ කාණ්ඩය:මෙරූන්, ප්‍රමාණය:Int:M",0,,,,,
fashion,"Bodycon Short Frock for Women Summer Wear High Quality Fabric Sleeveless Mock Neck, Available in Multicolor",https://www.daraz.lk/products/bodycon-short-frock-for-women-summer-wear-high-quality-fabric-sleeveless-mock-neck-available-in-multicolor-i192742797.html,10/22/24,TRUE,5,"Dress is very impressive and Material,color,fiton,quality is Perfect . And Seller is really Good person and had my lovely gift too. Deliver is super fast and within 3 days I got it. Thanks seller for this lovely dress and Team Daraz.    👍😊😍…","Color Family:Green, Size:Int:L",0,,,,,
fashion,"Bodycon Short Frock for Women Summer Wear High Quality Fabric Sleeveless Mock Neck, Available in Multicolor",https://www.daraz.lk/products/bodycon-short-frock-for-women-summer-wear-high-quality-fabric-sleeveless-mock-neck-available-in-multicolor-i192742797.html,6/7/24,TRUE,5,I love the dress and the metrical also good,"Size:Int:S, Color Family:Black",0,,,,,
fashion,"Bodycon Short Frock for Women Summer Wear High Quality Fabric Sleeveless Mock Neck, Available in Multicolor",https://www.daraz.lk/products/bodycon-short-frock-for-women-summer-wear-high-quality-fabric-sleeveless-mock-neck-available-in-multicolor-i192742797.html,10/24/24,TRUE,5,Very Fast Delivery and Lovely Dress. Everything is perfect. Thanks Seller and team Daraz.,"Color Family:Black, Size:Int:L",0,,,,,
fashion,"Bodycon Short Frock for Women Summer Wear High Quality Fabric Sleeveless Mock Neck, Available in Multicolor",https://www.daraz.lk/products/bodycon-short-frock-for-women-summer-wear-high-quality-fabric-sleeveless-mock-neck-available-in-multicolor-i192742797.html,11/29/24,TRUE,5,frock 1 godak lassanai... kiyapu vidiyata ma oder 1 awala thiyenawa.... good seller 👍❤️,"Color Family:Black, Size:Int:XL",0,,,,,
fashion,"Bodycon Short Frock for Women Summer Wear High Quality Fabric Sleeveless Mock Neck, Available in Multicolor",https://www.daraz.lk/products/bodycon-short-frock-for-women-summer-wear-high-quality-fabric-sleeveless-mock-neck-available-in-multicolor-i192742797.html,9/8/25,TRUE,5,"perfectly fit to my body and comfy dress
delivery was okay 
overall i love it","Color Family:Champagne Pink, Size:Int:L",0,,,,,
fashion,"Bodycon Short Frock for Women Summer Wear High Quality Fabric Sleeveless Mock Neck, Available in Multicolor",https://www.daraz.lk/products/bodycon-short-frock-for-women-summer-wear-high-quality-fabric-sleeveless-mock-neck-available-in-multicolor-i192742797.html,6/22/25,TRUE,5,This product is so good. I love it. it's size fits me perfectly.,"Color Family:Black, Size:Int:S",0,,,,,
fashion,"Bodycon Short Frock for Women Summer Wear High Quality Fabric Sleeveless Mock Neck, Available in Multicolor",https://www.daraz.lk/products/bodycon-short-frock-for-women-summer-wear-high-quality-fabric-sleeveless-mock-neck-available-in-multicolor-i192742797.html,6/8/24,TRUE,5,Beutifull Dress❤,"Size:Int:M, Color Family:Blue",0,,,,,
fashion,"Bodycon Short Frock for Women Summer Wear High Quality Fabric Sleeveless Mock Neck, Available in Multicolor",https://www.daraz.lk/products/bodycon-short-frock-for-women-summer-wear-high-quality-fabric-sleeveless-mock-neck-available-in-multicolor-i192742797.html,9/6/24,TRUE,5,සුපිරියටම තිබ්බා හිතපු විදිහට කොලිටියට තිබ්බා Highly recommend 🤗,"Color Family:Blue, Size:Int:L",0,,,,,
fashion,"Bodycon Short Frock for Women Summer Wear High Quality Fabric Sleeveless Mock Neck, Available in Multicolor",https://www.daraz.lk/products/bodycon-short-frock-for-women-summer-wear-high-quality-fabric-sleeveless-mock-neck-available-in-multicolor-i192742797.html,7/10/25,TRUE,5,Beautiful dress and hair band. Good quality. Thank you!,"Color Family:Lake Blue, Size:Int:M",0,,,,,
fashion,"Bodycon Short Frock for Women Summer Wear High Quality Fabric Sleeveless Mock Neck, Available in Multicolor",https://www.daraz.lk/products/bodycon-short-frock-for-women-summer-wear-high-quality-fabric-sleeveless-mock-neck-available-in-multicolor-i192742797.html,5/31/25,TRUE,5,"good product, received a complimentary scrunchy too!🧡","Color Family:Maroon, Size:Int:L",0,,,,,
fashion,"Bodycon Short Frock for Women Summer Wear High Quality Fabric Sleeveless Mock Neck, Available in Multicolor",https://www.daraz.lk/products/bodycon-short-frock-for-women-summer-wear-high-quality-fabric-sleeveless-mock-neck-available-in-multicolor-i192742797.html,11/7/24,TRUE,5,"Excellent quality and body hugging,just beautiful","Color Family:Black, Size:Int:M",0,,,,,
fashion,"Bodycon Short Frock for Women Summer Wear High Quality Fabric Sleeveless Mock Neck, Available in Multicolor",https://www.daraz.lk/products/bodycon-short-frock-for-women-summer-wear-high-quality-fabric-sleeveless-mock-neck-available-in-multicolor-i192742797.html,7/18/25,TRUE,5,Good quality and highly recommended 🙌🏼,"Color Family:Sand Brown, Size:Int:L",0,,,,,
fashion,"Bodycon Short Frock for Women Summer Wear High Quality Fabric Sleeveless Mock Neck, Available in Multicolor",https://www.daraz.lk/products/bodycon-short-frock-for-women-summer-wear-high-quality-fabric-sleeveless-mock-neck-available-in-multicolor-i192742797.html,12/12/24,TRUE,5,product eka hodai. baya nathuwa ganna,"Color Family:Black, Size:Int:XS",0,,,,,
fashion,"Bodycon Short Frock for Women Summer Wear High Quality Fabric Sleeveless Mock Neck, Available in Multicolor",https://www.daraz.lk/products/bodycon-short-frock-for-women-summer-wear-high-quality-fabric-sleeveless-mock-neck-available-in-multicolor-i192742797.html,8/13/25,TRUE,5,Good quality and highly recommended,"Color Family:Black, Size:Int:XL",0,,,,,
fashion,"Bodycon Short Frock for Women Summer Wear High Quality Fabric Sleeveless Mock Neck, Available in Multicolor",https://www.daraz.lk/products/bodycon-short-frock-for-women-summer-wear-high-quality-fabric-sleeveless-mock-neck-available-in-multicolor-i192742797.html,11/1/24,TRUE,5,Beautiful & stylish.  Soft fabric,"Color Family:Green, Size:Int:L",0,,,,,
fashion,"Bodycon Short Frock for Women Summer Wear High Quality Fabric Sleeveless Mock Neck, Available in Multicolor",https://www.daraz.lk/products/bodycon-short-frock-for-women-summer-wear-high-quality-fabric-sleeveless-mock-neck-available-in-multicolor-i192742797.html,10/11/24,TRUE,5,Nice but illpu colour ek nmei 😒,"Color Family:Sand Brown, Size:Int:M",0,,,,,
fashion,"Bodycon Short Frock for Women Summer Wear High Quality Fabric Sleeveless Mock Neck, Available in Multicolor",https://www.daraz.lk/products/bodycon-short-frock-for-women-summer-wear-high-quality-fabric-sleeveless-mock-neck-available-in-multicolor-i192742797.html,11/23/24,TRUE,5,Very  god i like  it... wooowww,"Color Family:Black, Size:Int:L",0,,,,,
fashion,"Bodycon Short Frock for Women Summer Wear High Quality Fabric Sleeveless Mock Neck, Available in Multicolor",https://www.daraz.lk/products/bodycon-short-frock-for-women-summer-wear-high-quality-fabric-sleeveless-mock-neck-available-in-multicolor-i192742797.html,11/19/24,TRUE,5,Good product and Fast delivery,"Color Family:Maroon, Size:Int:L",0,,,,,
fashion,"Bodycon Short Frock for Women Summer Wear High Quality Fabric Sleeveless Mock Neck, Available in Multicolor",https://www.daraz.lk/products/bodycon-short-frock-for-women-summer-wear-high-quality-fabric-sleeveless-mock-neck-available-in-multicolor-i192742797.html,4/29/26,TRUE,5,very cute quality produced 😍,"Color Family:White, Size:Int:XL",0,,,,,
fashion,"Bodycon Short Frock for Women Summer Wear High Quality Fabric Sleeveless Mock Neck, Available in Multicolor",https://www.daraz.lk/products/bodycon-short-frock-for-women-summer-wear-high-quality-fabric-sleeveless-mock-neck-available-in-multicolor-i192742797.html,10/24/24,TRUE,5,👌😍 Delivery is Super fast,"Color Family:Blue, Size:Int:L",0,,,,,
fashion,"Bodycon Short Frock for Women Summer Wear High Quality Fabric Sleeveless Mock Neck, Available in Multicolor",https://www.daraz.lk/products/bodycon-short-frock-for-women-summer-wear-high-quality-fabric-sleeveless-mock-neck-available-in-multicolor-i192742797.html,6/21/25,TRUE,5,meka echchara hoda naha 👎,"Color Family:Black, Size:Int:L",0,,,,,
fashion,"Bodycon Short Frock for Women Summer Wear High Quality Fabric Sleeveless Mock Neck, Available in Multicolor",https://www.daraz.lk/products/bodycon-short-frock-for-women-summer-wear-high-quality-fabric-sleeveless-mock-neck-available-in-multicolor-i192742797.html,10/24/24,TRUE,5,Lovely Dress. So Happy 😊,"Color Family:Maroon, Size:Int:L",0,,,,,
fashion,"Bodycon Short Frock for Women Summer Wear High Quality Fabric Sleeveless Mock Neck, Available in Multicolor",https://www.daraz.lk/products/bodycon-short-frock-for-women-summer-wear-high-quality-fabric-sleeveless-mock-neck-available-in-multicolor-i192742797.html,11/9/24,TRUE,5,Good product 👍❤️‍🩹,"Color Family:Champagne Pink, Size:Int:XS",0,,,,,
fashion,"Bodycon Short Frock for Women Summer Wear High Quality Fabric Sleeveless Mock Neck, Available in Multicolor",https://www.daraz.lk/products/bodycon-short-frock-for-women-summer-wear-high-quality-fabric-sleeveless-mock-neck-available-in-multicolor-i192742797.html,11/27/24,TRUE,5,Good for the price,"Color Family:Maroon, Size:Int:L",0,,,,,
fashion,"Bodycon Short Frock for Women Summer Wear High Quality Fabric Sleeveless Mock Neck, Available in Multicolor",https://www.daraz.lk/products/bodycon-short-frock-for-women-summer-wear-high-quality-fabric-sleeveless-mock-neck-available-in-multicolor-i192742797.html,12/20/24,TRUE,5,Nice and I like et,"වර්ණ කාණ්ඩය:Black, ප්‍රමාණය:Int:L",0,,,,,
fashion,"Bodycon Short Frock for Women Summer Wear High Quality Fabric Sleeveless Mock Neck, Available in Multicolor",https://www.daraz.lk/products/bodycon-short-frock-for-women-summer-wear-high-quality-fabric-sleeveless-mock-neck-available-in-multicolor-i192742797.html,12/9/24,TRUE,5,very nice ❤️❤️❤️❤️,"Color Family:Lake Blue, Size:Int:M",0,,,,,
fashion,"Bodycon Short Frock for Women Summer Wear High Quality Fabric Sleeveless Mock Neck, Available in Multicolor",https://www.daraz.lk/products/bodycon-short-frock-for-women-summer-wear-high-quality-fabric-sleeveless-mock-neck-available-in-multicolor-i192742797.html,11/23/24,TRUE,5,Black color  wooww,"Color Family:Black, Size:Int:XL",0,,,,,
fashion,"Bodycon Short Frock for Women Summer Wear High Quality Fabric Sleeveless Mock Neck, Available in Multicolor",https://www.daraz.lk/products/bodycon-short-frock-for-women-summer-wear-high-quality-fabric-sleeveless-mock-neck-available-in-multicolor-i192742797.html,7/21/25,TRUE,5,highly recommend,"Color Family:Black, Size:Int:M",0,,,,,
fashion,"Bodycon Short Frock for Women Summer Wear High Quality Fabric Sleeveless Mock Neck, Available in Multicolor",https://www.daraz.lk/products/bodycon-short-frock-for-women-summer-wear-high-quality-fabric-sleeveless-mock-neck-available-in-multicolor-i192742797.html,8/27/25,TRUE,5,ඇත්තටම හොදයි 🥰❤️,"Color Family:Orange, Size:Int:L",0,,,,,
fashion,"Bodycon Short Frock for Women Summer Wear High Quality Fabric Sleeveless Mock Neck, Available in Multicolor",https://www.daraz.lk/products/bodycon-short-frock-for-women-summer-wear-high-quality-fabric-sleeveless-mock-neck-available-in-multicolor-i192742797.html,6/21/25,TRUE,5,meka lassanai 👍,"Color Family:Champagne Pink, Size:Int:XL",0,,,,,
fashion,"Bodycon Short Frock for Women Summer Wear High Quality Fabric Sleeveless Mock Neck, Available in Multicolor",https://www.daraz.lk/products/bodycon-short-frock-for-women-summer-wear-high-quality-fabric-sleeveless-mock-neck-available-in-multicolor-i192742797.html,8/18/25,TRUE,5,👍 and beutyfull,"Color Family:Champagne Pink, Size:Int:XS",0,,,,,
fashion,"Bodycon Short Frock for Women Summer Wear High Quality Fabric Sleeveless Mock Neck, Available in Multicolor",https://www.daraz.lk/products/bodycon-short-frock-for-women-summer-wear-high-quality-fabric-sleeveless-mock-neck-available-in-multicolor-i192742797.html,2/11/26,TRUE,5,beautiful dress,"Color Family:Green, Size:Int:XL",0,,,,,
fashion,"Bodycon Short Frock for Women Summer Wear High Quality Fabric Sleeveless Mock Neck, Available in Multicolor",https://www.daraz.lk/products/bodycon-short-frock-for-women-summer-wear-high-quality-fabric-sleeveless-mock-neck-available-in-multicolor-i192742797.html,7/21/25,TRUE,5,omg so good 😊,"Color Family:Orange, Size:Int:M",0,,,,,
fashion,"Bodycon Short Frock for Women Summer Wear High Quality Fabric Sleeveless Mock Neck, Available in Multicolor",https://www.daraz.lk/products/bodycon-short-frock-for-women-summer-wear-high-quality-fabric-sleeveless-mock-neck-available-in-multicolor-i192742797.html,1/30/25,TRUE,5,Best product♥️,"Color Family:Lake Blue, Size:Int:M",0,,,,,
fashion,"Bodycon Short Frock for Women Summer Wear High Quality Fabric Sleeveless Mock Neck, Available in Multicolor",https://www.daraz.lk/products/bodycon-short-frock-for-women-summer-wear-high-quality-fabric-sleeveless-mock-neck-available-in-multicolor-i192742797.html,2/19/24,TRUE,5,love it ❤️,"Size:Int:XS, Color Family:Black",0,,,,,
fashion,"Bodycon Short Frock for Women Summer Wear High Quality Fabric Sleeveless Mock Neck, Available in Multicolor",https://www.daraz.lk/products/bodycon-short-frock-for-women-summer-wear-high-quality-fabric-sleeveless-mock-neck-available-in-multicolor-i192742797.html,11/27/24,TRUE,5,Good product,"Color Family:Champagne Pink, Size:Int:XL",0,,,,,
fashion,"Bodycon Short Frock for Women Summer Wear High Quality Fabric Sleeveless Mock Neck, Available in Multicolor",https://www.daraz.lk/products/bodycon-short-frock-for-women-summer-wear-high-quality-fabric-sleeveless-mock-neck-available-in-multicolor-i192742797.html,3/18/25,TRUE,5,Nice product,"Color Family:Black, Size:Int:L",0,,,,,
fashion,"Bodycon Short Frock for Women Summer Wear High Quality Fabric Sleeveless Mock Neck, Available in Multicolor",https://www.daraz.lk/products/bodycon-short-frock-for-women-summer-wear-high-quality-fabric-sleeveless-mock-neck-available-in-multicolor-i192742797.html,12/19/25,TRUE,5,Good product,"Color Family:Magenta, Size:Int:M",0,,,,,
fashion,"Bodycon Short Frock for Women Summer Wear High Quality Fabric Sleeveless Mock Neck, Available in Multicolor",https://www.daraz.lk/products/bodycon-short-frock-for-women-summer-wear-high-quality-fabric-sleeveless-mock-neck-available-in-multicolor-i192742797.html,1/23/25,TRUE,5,I love it!!!,"Color Family:Maroon, Size:Int:S",0,,,,,
fashion,"Bodycon Short Frock for Women Summer Wear High Quality Fabric Sleeveless Mock Neck, Available in Multicolor",https://www.daraz.lk/products/bodycon-short-frock-for-women-summer-wear-high-quality-fabric-sleeveless-mock-neck-available-in-multicolor-i192742797.html,8/4/25,TRUE,5,Beutiful 💗,"Color Family:Black, Size:Int:XL",0,,,,,
fashion,"Bodycon Short Frock for Women Summer Wear High Quality Fabric Sleeveless Mock Neck, Available in Multicolor",https://www.daraz.lk/products/bodycon-short-frock-for-women-summer-wear-high-quality-fabric-sleeveless-mock-neck-available-in-multicolor-i192742797.html,8/8/25,TRUE,5,ගූඩ්.👍👍,"Color Family:Sand Brown, Size:Int:M",0,,,,,
fashion,"Bodycon Short Frock for Women Summer Wear High Quality Fabric Sleeveless Mock Neck, Available in Multicolor",https://www.daraz.lk/products/bodycon-short-frock-for-women-summer-wear-high-quality-fabric-sleeveless-mock-neck-available-in-multicolor-i192742797.html,2/28/25,TRUE,5,Perfect ❤️,"Color Family:Maroon, Size:Int:S",0,,,,,
fashion,"Bodycon Short Frock for Women Summer Wear High Quality Fabric Sleeveless Mock Neck, Available in Multicolor",https://www.daraz.lk/products/bodycon-short-frock-for-women-summer-wear-high-quality-fabric-sleeveless-mock-neck-available-in-multicolor-i192742797.html,11/28/24,TRUE,5,Very good,"Color Family:Green, Size:Int:M",0,,,,,
fashion,"Bodycon Short Frock for Women Summer Wear High Quality Fabric Sleeveless Mock Neck, Available in Multicolor",https://www.daraz.lk/products/bodycon-short-frock-for-women-summer-wear-high-quality-fabric-sleeveless-mock-neck-available-in-multicolor-i192742797.html,11/23/24,TRUE,5,Wooow ❤️,"Color Family:Maroon, Size:Int:XL",0,,,,,
fashion,"Bodycon Short Frock for Women Summer Wear High Quality Fabric Sleeveless Mock Neck, Available in Multicolor",https://www.daraz.lk/products/bodycon-short-frock-for-women-summer-wear-high-quality-fabric-sleeveless-mock-neck-available-in-multicolor-i192742797.html,7/21/25,TRUE,5,Love it,"Color Family:Orange, Size:Int:L",0,,,,,
fashion,"Bodycon Short Frock for Women Summer Wear High Quality Fabric Sleeveless Mock Neck, Available in Multicolor",https://www.daraz.lk/products/bodycon-short-frock-for-women-summer-wear-high-quality-fabric-sleeveless-mock-neck-available-in-multicolor-i192742797.html,11/23/24,TRUE,5,Super ❤️❤️,"Color Family:Champagne Pink, Size:Int:XL",0,,,,,
fashion,"Bodycon Short Frock for Women Summer Wear High Quality Fabric Sleeveless Mock Neck, Available in Multicolor",https://www.daraz.lk/products/bodycon-short-frock-for-women-summer-wear-high-quality-fabric-sleeveless-mock-neck-available-in-multicolor-i192742797.html,1/26/25,TRUE,5,good 💚🤜,"Color Family:Magenta, Size:Int:S",0,,,,,
fashion,"Bodycon Short Frock for Women Summer Wear High Quality Fabric Sleeveless Mock Neck, Available in Multicolor",https://www.daraz.lk/products/bodycon-short-frock-for-women-summer-wear-high-quality-fabric-sleeveless-mock-neck-available-in-multicolor-i192742797.html,7/19/25,TRUE,5,its good,"Color Family:Black, Size:Int:M",0,,,,,
fashion,"Bodycon Short Frock for Women Summer Wear High Quality Fabric Sleeveless Mock Neck, Available in Multicolor",https://www.daraz.lk/products/bodycon-short-frock-for-women-summer-wear-high-quality-fabric-sleeveless-mock-neck-available-in-multicolor-i192742797.html,8/2/25,TRUE,5,Good,"Color Family:Magenta, Size:Int:XL",0,,,,,
fashion,"Bodycon Short Frock for Women Summer Wear High Quality Fabric Sleeveless Mock Neck, Available in Multicolor",https://www.daraz.lk/products/bodycon-short-frock-for-women-summer-wear-high-quality-fabric-sleeveless-mock-neck-available-in-multicolor-i192742797.html,11/23/24,TRUE,5,Wooow,"Color Family:Maroon, Size:Int:L",0,,,,,
fashion,"Bodycon Short Frock for Women Summer Wear High Quality Fabric Sleeveless Mock Neck, Available in Multicolor",https://www.daraz.lk/products/bodycon-short-frock-for-women-summer-wear-high-quality-fabric-sleeveless-mock-neck-available-in-multicolor-i192742797.html,2/7/26,TRUE,5,good👍,"Color Family:Maroon, Size:Int:M",0,,,,,
fashion,"Bodycon Short Frock for Women Summer Wear High Quality Fabric Sleeveless Mock Neck, Available in Multicolor",https://www.daraz.lk/products/bodycon-short-frock-for-women-summer-wear-high-quality-fabric-sleeveless-mock-neck-available-in-multicolor-i192742797.html,3/17/25,TRUE,5,good,"Color Family:Champagne Pink, Size:Int:M",0,,,,,
fashion,"Bodycon Short Frock for Women Summer Wear High Quality Fabric Sleeveless Mock Neck, Available in Multicolor",https://www.daraz.lk/products/bodycon-short-frock-for-women-summer-wear-high-quality-fabric-sleeveless-mock-neck-available-in-multicolor-i192742797.html,2/9/25,TRUE,3,"This is my second order, the orange is a neon orange too bright for me, Can I change this for a green dress? Please let me know how!","Color Family:Orange, Size:Int:L",0,,,,,
fashion,"Bodycon Short Frock for Women Summer Wear High Quality Fabric Sleeveless Mock Neck, Available in Multicolor",https://www.daraz.lk/products/bodycon-short-frock-for-women-summer-wear-high-quality-fabric-sleeveless-mock-neck-available-in-multicolor-i192742797.html,4/3/25,TRUE,3,"not the same color ...different with the picture ,..","Color Family:Magenta, Size:Int:L",0,,,,,
fashion,"Bodycon Short Frock for Women Summer Wear High Quality Fabric Sleeveless Mock Neck, Available in Multicolor",https://www.daraz.lk/products/bodycon-short-frock-for-women-summer-wear-high-quality-fabric-sleeveless-mock-neck-available-in-multicolor-i192742797.html,11/7/24,TRUE,1,"The size tag of the dress was missing & the size was not correct when compared with the previous dress of Large size I bought last week from Daraz itself. I returned it hoping to buy the right size, but my return also has been rejected for the first time in my very long history of purchasing from Daraz. Disappointed & do not recommend the sales of this item.","Color Family:Blue, Size:Int:L",0,,,,,
fashion,"Bodycon Short Frock for Women Summer Wear High Quality Fabric Sleeveless Mock Neck, Available in Multicolor",https://www.daraz.lk/products/bodycon-short-frock-for-women-summer-wear-high-quality-fabric-sleeveless-mock-neck-available-in-multicolor-i192742797.html,8/17/24,TRUE,1,what i recieved light blue not the color i ordered,"Color Family:Magenta, Size:Int:XL",0,,,,,
fashion,"Bodycon Short Frock for Women Summer Wear High Quality Fabric Sleeveless Mock Neck, Available in Multicolor",https://www.daraz.lk/products/bodycon-short-frock-for-women-summer-wear-high-quality-fabric-sleeveless-mock-neck-available-in-multicolor-i192742797.html,10/3/24,TRUE,2,wena color ekak ewala tgeyenne 😔,"Color Family:Champagne Pink, Size:Int:L",0,,,,,
fashion,"Bodycon Short Frock for Women Summer Wear High Quality Fabric Sleeveless Mock Neck, Available in Multicolor",https://www.daraz.lk/products/bodycon-short-frock-for-women-summer-wear-high-quality-fabric-sleeveless-mock-neck-available-in-multicolor-i192742797.html,1/25/25,TRUE,2,මැහුම් neat නෑ!!,"Color Family:Black, Size:Int:S",0,,,,,
fashion,Long Frock Coat Design,https://www.daraz.lk/products/coat-design-long-frock-i189700280.html,12/17/25,TRUE,5,මගෙ ඕඩර් එක ආවා හිතුවට වඩා ගොඩක් හොඳයි  ....බය නැතුව ඔයාලත් ඕඩර් කරන්න..රෙද්දත් හොඳයි...,"Color Family:Blue, Size:Int:L",0,,,,,
fashion,Long Frock Coat Design,https://www.daraz.lk/products/coat-design-long-frock-i189700280.html,5/29/25,TRUE,5,same as pic. tnx a lot. material also good. tnq seller and tnq daraz. delivery is good,"Color Family:Green, Size:Int:XL",0,,,,,
fashion,Long Frock Coat Design,https://www.daraz.lk/products/coat-design-long-frock-i189700280.html,8/16/23,TRUE,5,beautiful dress.Thank you seller & daraz !!,"Size:Int:XXL, Color Family:Blue",0,,,,,
fashion,Long Frock Coat Design,https://www.daraz.lk/products/coat-design-long-frock-i189700280.html,11/25/23,TRUE,5,Good product,"Size:Int:L, Color Family:Green",0,,,,,
fashion,Long Frock Coat Design,https://www.daraz.lk/products/coat-design-long-frock-i189700280.html,3/6/24,TRUE,5,Lovely dress. Placed further couple of pieces. Have bought several dresses from this seller. Highly recommended for quality and sizes,"Size:Int:XXL, Color Family:Green",0,,,,,
fashion,Long Frock Coat Design,https://www.daraz.lk/products/coat-design-long-frock-i189700280.html,4/11/24,TRUE,5,සුපිරියක් තමා පට්ටම කොලිටි එකට තියෙනවා,"Size:Int:3XL, Color Family:Green",0,,,,,
fashion,Long Frock Coat Design,https://www.daraz.lk/products/coat-design-long-frock-i189700280.html,8/4/23,TRUE,5,coler change code definitely coler sad now but I like ❤️ this is,"Size:Int:XXL, Color Family:Yellow",5,,,,,
fashion,Long Frock Coat Design,https://www.daraz.lk/products/coat-design-long-frock-i189700280.html,3/20/26,TRUE,5,good,"Color Family:Blue, Size:Int:M",0,,,,,
fashion,Long Frock Coat Design,https://www.daraz.lk/products/coat-design-long-frock-i189700280.html,8/15/24,TRUE,5,I received my parcel....I was doubt that this dress would be flattering on me...but it was so cute and perfect...thank you so so much💕🤗🤗🤗🤗 iam so so happpyyyyy😍,"Color Family:Maroon, Size:Int:XL",0,,,,,
fashion,Long Frock Coat Design,https://www.daraz.lk/products/coat-design-long-frock-i189700280.html,7/24/24,TRUE,5,good product,"Color Family:Maroon, Size:Int:XXL",3,,,,,
fashion,Long Frock Coat Design,https://www.daraz.lk/products/coat-design-long-frock-i189700280.html,8/7/23,TRUE,5,change coat sad now but i like ❤️,"Size:Int:M, Color Family:Green",0,,,,,
fashion,Long Frock Coat Design,https://www.daraz.lk/products/coat-design-long-frock-i189700280.html,1/30/25,TRUE,5,හරියට දවස් 10 ක් ගියා ඔඩර් එක එන්න. ඉල්ලපු පාට නැත්තං මැසේජ් එකක් හරි දාන්න තිබුනනෙ මන් වෙන කලර් එකක් තෝරලා එවනවනෙ එහෙනම් ඒ එවපු කලර් එක හරියන්නෙත් නැ.,"Color Family:Pink, Size:Int:L",0,,,,,
fashion,Long Frock Coat Design,https://www.daraz.lk/products/coat-design-long-frock-i189700280.html,4/3/25,TRUE,5,mn lillapu color eka newa avihthiyenne godak lait pinc ekka jakateka set wan na wagr badu nam hoda ath oyala colas wenas karaa ewanne ai aaa,"වර්ණ කාණ්ඩය:රෝස, ප්‍රමාණය:Int:3XL",0,,,,,
fashion,Long Frock Coat Design,https://www.daraz.lk/products/coat-design-long-frock-i189700280.html,6/12/24,TRUE,5,"super l like dress 
,💛💛","Size:Int:M, Color Family:Maroon",0,,,,,
fashion,Long Frock Coat Design,https://www.daraz.lk/products/coat-design-long-frock-i189700280.html,3/1/24,TRUE,5,superb dress.... but xl use panravanka 2xl edunka appo thaan ok VA erukkum,"Size:Int:XXL, Color Family:Maroon",0,,,,,
fashion,Long Frock Coat Design,https://www.daraz.lk/products/coat-design-long-frock-i189700280.html,3/3/25,TRUE,1,"මුලින්ම මේකේ එව්න්ට පාට කියලා දෙන්න ඔනි
oder karanne ekk ewnne ekk","Color Family:Green, Size:Int:XL",1,,,,,
fashion,Long Frock Coat Design,https://www.daraz.lk/products/coat-design-long-frock-i189700280.html,4/17/24,TRUE,4,ගොඩක් හොඳයි මැටීරියල් එක ගානට වටිනව super,"Size:Int:XL, Color Family:Pink",0,,,,,
fashion,Long Frock Coat Design,https://www.daraz.lk/products/coat-design-long-frock-i189700280.html,11/22/24,TRUE,5,gawuma lassanai😍😍eth kiyapu colour eka neweine ewala thiyenne☺️,"වර්ණ කාණ්ඩය:Green, ප්‍රමාණය:Int:3XL",0,,,,,
fashion,Long Frock Coat Design,https://www.daraz.lk/products/coat-design-long-frock-i189700280.html,6/9/24,TRUE,4,nice,"Size:Int:M, Color Family:Green",0,,,,,
fashion,Long Frock Coat Design,https://www.daraz.lk/products/coat-design-long-frock-i189700280.html,4/4/25,TRUE,5,"Great Great clothes and fast delivery!!!
Loved the dress","Color Family:Blue, Size:Int:L",0,,,,,
fashion,Long Frock Coat Design,https://www.daraz.lk/products/coat-design-long-frock-i189700280.html,1/27/24,TRUE,5,"දවස් තුනෙන් අවා හොදටම තියෙනවා I recommend 
Thank you daraz and shop 😀😀","Size:Int:L, Color Family:Maroon",0,,,,,
fashion,Long Frock Coat Design,https://www.daraz.lk/products/coat-design-long-frock-i189700280.html,2/19/26,TRUE,5,Different things frock clour change code no use,"Color Family:Maroon, Size:Int:XXL",0,,,,,
fashion,Long Frock Coat Design,https://www.daraz.lk/products/coat-design-long-frock-i189700280.html,11/9/24,TRUE,5,its very nice. harima lassanai. thanks daraz ...,"Color Family:Blue, Size:Int:3XL",0,,,,,
fashion,Long Frock Coat Design,https://www.daraz.lk/products/coat-design-long-frock-i189700280.html,11/5/24,TRUE,5,its really amazing .. woooow thanks daraz ....,"Color Family:Green, Size:Int:L",0,,,,,
fashion,Long Frock Coat Design,https://www.daraz.lk/products/coat-design-long-frock-i189700280.html,8/30/25,TRUE,5,coat is very ugly.frock is beautiful,"Color Family:Pink, Size:Int:3XL",1,,,,,
fashion,Long Frock Coat Design,https://www.daraz.lk/products/coat-design-long-frock-i189700280.html,10/10/25,TRUE,5,superb.. beautiful .thank you seller,"Color Family:Blue, Size:Int:XXL",0,,,,,
fashion,Long Frock Coat Design,https://www.daraz.lk/products/coat-design-long-frock-i189700280.html,2/17/25,TRUE,4,Nice but coat colour changed.,"Color Family:Blue, Size:Int:XXL",0,,,,,
fashion,Long Frock Coat Design,https://www.daraz.lk/products/coat-design-long-frock-i189700280.html,9/29/24,TRUE,5,superb.. 💜️💜️💜️💜️💜️💜️,"Color Family:Green, Size:Int:M",0,,,,,
fashion,Long Frock Coat Design,https://www.daraz.lk/products/coat-design-long-frock-i189700280.html,3/21/25,TRUE,5,thankuu good quality,"Color Family:Green, Size:Int:3XL",0,,,,,
fashion,Long Frock Coat Design,https://www.daraz.lk/products/coat-design-long-frock-i189700280.html,12/25/25,TRUE,5,Colour changed😭,"Color Family:Maroon, Size:Int:XL",0,,,,,
fashion,Long Frock Coat Design,https://www.daraz.lk/products/coat-design-long-frock-i189700280.html,7/20/24,TRUE,5,super.. size perfect. highly recommended,"Color Family:Green, Size:Int:L",0,,,,,
fashion,Long Frock Coat Design,https://www.daraz.lk/products/coat-design-long-frock-i189700280.html,4/26/24,TRUE,1,"not same color very disappointment 
please send correct color.dont send another color","Size:Int:XL, Color Family:Green",1,,,,,
fashion,Long Frock Coat Design,https://www.daraz.lk/products/coat-design-long-frock-i189700280.html,1/4/25,TRUE,5,super quality,"Size:Int:XXL, Color Family:Maroon",0,,,,,
fashion,Long Frock Coat Design,https://www.daraz.lk/products/coat-design-long-frock-i189700280.html,8/28/25,TRUE,5,valuable price,"Color Family:Blue, Size:Int:XL",0,,,,,
fashion,Long Frock Coat Design,https://www.daraz.lk/products/coat-design-long-frock-i189700280.html,1/28/24,TRUE,5,best quality thanks daraz,"Size:Int:L, Color Family:Green",0,,,,,
fashion,Long Frock Coat Design,https://www.daraz.lk/products/coat-design-long-frock-i189700280.html,12/11/24,TRUE,5,Good product,"Color Family:Blue, Size:Int:3XL",0,,,,,
fashion,Long Frock Coat Design,https://www.daraz.lk/products/coat-design-long-frock-i189700280.html,3/19/25,TRUE,5,Good product,"Color Family:Maroon, Size:Int:XXL",0,,,,,
fashion,Long Frock Coat Design,https://www.daraz.lk/products/coat-design-long-frock-i189700280.html,12/27/23,TRUE,5,"niyamayi........
I love this one ❤️","Size:Int:3XL, Color Family:Green",0,,,,,
fashion,Long Frock Coat Design,https://www.daraz.lk/products/coat-design-long-frock-i189700280.html,12/21/24,TRUE,5,Very good😃,"Color Family:මෙරූන්, Size:Int:XXL",0,,,,,
fashion,Long Frock Coat Design,https://www.daraz.lk/products/coat-design-long-frock-i189700280.html,11/19/24,TRUE,5,nice,"Color Family:Pink, Size:Int:XXL",0,,,,,
fashion,Long Frock Coat Design,https://www.daraz.lk/products/coat-design-long-frock-i189700280.html,10/5/25,TRUE,5,good 👍👍,"Color Family:Blue, Size:Int:XL",0,,,,,
fashion,Long Frock Coat Design,https://www.daraz.lk/products/coat-design-long-frock-i189700280.html,1/1/25,TRUE,5,koliti na,"වර්ණ කාණ්ඩය:රෝස, ප්‍රමාණය:Int:L",0,,,,,
fashion,Long Frock Coat Design,https://www.daraz.lk/products/coat-design-long-frock-i189700280.html,10/4/24,TRUE,5,Good,"Color Family:Maroon, Size:Int:3XL",0,,,,,
fashion,Long Frock Coat Design,https://www.daraz.lk/products/coat-design-long-frock-i189700280.html,4/11/25,TRUE,5,சூப்பர்,"Color Family:Green, Size:Int:3XL",0,,,,,
fashion,Long Frock Coat Design,https://www.daraz.lk/products/coat-design-long-frock-i189700280.html,9/7/24,TRUE,5,good,"Color Family:Green, Size:Int:XXL",0,,,,,
fashion,Long Frock Coat Design,https://www.daraz.lk/products/coat-design-long-frock-i189700280.html,7/3/24,TRUE,5,very nice,"Size:Int:XXL, Color Family:Maroon",0,,,,,
fashion,Long Frock Coat Design,https://www.daraz.lk/products/coat-design-long-frock-i189700280.html,11/19/23,TRUE,5,good,"Size:Int:XXL, Color Family:Pink",0,,,,,
fashion,Long Frock Coat Design,https://www.daraz.lk/products/coat-design-long-frock-i189700280.html,7/6/23,TRUE,5,very beautiful dress  I really happy 😊,"Size:Int:XL, Color Family:Blue",0,,,,,
fashion,Long Frock Coat Design,https://www.daraz.lk/products/coat-design-long-frock-i189700280.html,8/20/23,TRUE,4,coat is not looking like the picture but it is ok,"Size:Int:XL, Color Family:Blue",0,,,,,
fashion,Long Frock Coat Design,https://www.daraz.lk/products/coat-design-long-frock-i189700280.html,6/29/23,TRUE,5,very nice frock. quality material .,"Size:Int:L, Color Family:Green",0,,,,,
fashion,Long Frock Coat Design,https://www.daraz.lk/products/coat-design-long-frock-i189700280.html,6/21/23,TRUE,5,very very Nice,"Size:Int:L, Color Family:Yellow",0,,,,,
fashion,Long Frock Coat Design,https://www.daraz.lk/products/coat-design-long-frock-i189700280.html,7/25/25,TRUE,5,,"Color Family:Pink, Size:Int:XXL",0,,,,,
fashion,Long Frock Coat Design,https://www.daraz.lk/products/coat-design-long-frock-i189700280.html,11/14/24,TRUE,5,,"Color Family:Blue, Size:Int:XL",0,,,,,
fashion,Long Frock Coat Design,https://www.daraz.lk/products/coat-design-long-frock-i189700280.html,3/13/24,TRUE,5,excellent product.,"Size:Int:XL, Color Family:Green",0,,,,,
fashion,Long Frock Coat Design,https://www.daraz.lk/products/coat-design-long-frock-i189700280.html,10/7/23,TRUE,5,me prock ekath maarama lassanai.hodatama thibuna.baya nethuwa ganna lassanai.❤️,"Size:Int:XXL, Color Family:Blue",0,,,,,
fashion,Long Frock Coat Design,https://www.daraz.lk/products/coat-design-long-frock-i189700280.html,1/28/24,TRUE,5,very nice 🙂,"Size:Int:XL, Color Family:Maroon",0,,,,,
fashion,Long Frock Coat Design,https://www.daraz.lk/products/coat-design-long-frock-i189700280.html,11/3/23,TRUE,4,"Thank you so much 🙏
good quality ❤️","Size:Int:3XL, Color Family:Green",0,,,,,
fashion,Long Frock Coat Design,https://www.daraz.lk/products/coat-design-long-frock-i189700280.html,7/23/23,TRUE,5,Good quality. past delivery  thanks daraz,"Size:Int:XXL, Color Family:Blue",1,,,,,
fashion,Long Frock Coat Design,https://www.daraz.lk/products/coat-design-long-frock-i189700280.html,9/11/23,TRUE,5,"Thank you daraz ,,🥰","Size:Int:XXL, Color Family:Green",1,,,,,
fashion,Long Frock Coat Design,https://www.daraz.lk/products/coat-design-long-frock-i189700280.html,8/15/23,TRUE,4,Perfect size nice color,"Size:Int:M, Color Family:Green",1,,,,,
fashion,Long Frock Coat Design,https://www.daraz.lk/products/coat-design-long-frock-i189700280.html,7/30/23,TRUE,5,beautiful dress,"Size:Int:L, Color Family:Green",1,,,,,
fashion,Long Frock Coat Design,https://www.daraz.lk/products/coat-design-long-frock-i189700280.html,3/21/24,TRUE,3,Not same colour 😑😕,"Size:Int:3XL, Color Family:Blue",1,,,,,
fashion,Long Frock Coat Design,https://www.daraz.lk/products/coat-design-long-frock-i189700280.html,8/30/24,TRUE,5,"Highly recommended 💯  
Quality is the best and it's look so beautiful","Color Family:Pink, Size:Int:XL",0,,,,,
fashion,Ladies dress Elephant Print lungi wrap Skirt / woman beach dress /party dress,https://www.daraz.lk/products/ladies-dress-elephant-print-lungi-wrap-skirt-woman-beach-dress-party-dress-i120779938.html,5/12/26,TRUE,5,good produced very nice😍,"Color Family:black and cream, Size:Int: One size",0,,,,,
fashion,Short girls dress Sleeve Linen Bow Frock,https://www.daraz.lk/products/short-girls-dress-sleeve-linen-bow-frock-i181695862.html,12/11/23,TRUE,5,සුපිරියි ගොඩක් හොදයි,"Size:Int:M, Color Family:Blue",0,,,,,
fashion,Short girls dress Sleeve Linen Bow Frock,https://www.daraz.lk/products/short-girls-dress-sleeve-linen-bow-frock-i181695862.html,7/28/23,TRUE,5,very 💕Beautiful the dress color  okay 👌thanks you daraz 🫡,"Size:Int:M, Color Family:Blue",0,,,,,
fashion,Short girls dress Sleeve Linen Bow Frock,https://www.daraz.lk/products/short-girls-dress-sleeve-linen-bow-frock-i181695862.html,5/30/23,TRUE,5,As expected thank you very much,"Size:Int:L, Color Family:Blue",19,,,,,
fashion,Short girls dress Sleeve Linen Bow Frock,https://www.daraz.lk/products/short-girls-dress-sleeve-linen-bow-frock-i181695862.html,5/14/24,TRUE,5,"Very good material ❤️
Very Beautiful frock ❤️","Size:Int:XL, Color Family:Blue",0,,,,,
fashion,Short girls dress Sleeve Linen Bow Frock,https://www.daraz.lk/products/short-girls-dress-sleeve-linen-bow-frock-i181695862.html,1/23/24,TRUE,5,"හොදයි අවුලක් නෑ  ලස්සනයි 🤗♥️
චූට්ටක් කුඩා උනානම්.. එයාට ලොකු වෙයි ටිකක්🥺 නැත්තම් ශෝයි ගවුම♥️🥰","Size:Int:M, Color Family:Red",0,,,,,
fashion,Short girls dress Sleeve Linen Bow Frock,https://www.daraz.lk/products/short-girls-dress-sleeve-linen-bow-frock-i181695862.html,1/23/24,TRUE,5,"හොදයි අවුලක් නෑ  ලස්සනයි 🤗♥️
චූට්ටක් කුඩා උනානම්.. එයාට ලොකු වෙයි ටිකක්🥺 නැත්තම් ශෝයි ගවුම♥️🥰","Size:Int:M, Color Family:Red",0,,,,,
fashion,Short girls dress Sleeve Linen Bow Frock,https://www.daraz.lk/products/short-girls-dress-sleeve-linen-bow-frock-i181695862.html,12/24/23,TRUE,5,#win  very beautiful dress ..මම පලමු වතාවට මේකට දැම්මේ.. ඉස්සෙල්ල ගත්ත ගවුමෙ ඔක්කෝම හොදයි ..ඉක්මන්ට ලැබුනා....,"Size:Int:XL, Color Family:Yellow",0,,,,,
fashion,Short girls dress Sleeve Linen Bow Frock,https://www.daraz.lk/products/short-girls-dress-sleeve-linen-bow-frock-i181695862.html,10/2/23,TRUE,5,👍👍👍,"ප්‍රමාණය:Int:S, වර්ණ කාණ්ඩය:මෙරූන්",3,,,,,
fashion,Short girls dress Sleeve Linen Bow Frock,https://www.daraz.lk/products/short-girls-dress-sleeve-linen-bow-frock-i181695862.html,11/29/23,TRUE,5,Good product.Thank you.,"Color Family:Blue, Size:Int:XL",0,,,,,
fashion,Short girls dress Sleeve Linen Bow Frock,https://www.daraz.lk/products/short-girls-dress-sleeve-linen-bow-frock-i181695862.html,7/7/23,TRUE,5,"As shown in images,  Nice cotton product, received before scheduled date.","Size:Int:L, Color Family:Pink",0,,,,,
fashion,Short girls dress Sleeve Linen Bow Frock,https://www.daraz.lk/products/short-girls-dress-sleeve-linen-bow-frock-i181695862.html,1/23/24,TRUE,5,"හොදයි අවුලක් නෑ  ලස්සනයි 🤗♥️
චූට්ටක් කුඩා උනානම්.. එයාට ලොකු වෙයි ටිකක්🥺 නැත්තම් ශෝයි ගවුම♥️🥰","Size:Int:M, Color Family:Red",0,,,,,
fashion,Short girls dress Sleeve Linen Bow Frock,https://www.daraz.lk/products/short-girls-dress-sleeve-linen-bow-frock-i181695862.html,12/24/23,TRUE,5,#win  very beautiful dress ..මම පලමු වතාවට මේකට දැම්මේ.. ඉස්සෙල්ල ගත්ත ගවුමෙ ඔක්කෝම හොදයි ..ඉක්මන්ට ලැබුනා....,"Size:Int:XL, Color Family:Yellow",0,,,,,
fashion,Short girls dress Sleeve Linen Bow Frock,https://www.daraz.lk/products/short-girls-dress-sleeve-linen-bow-frock-i181695862.html,4/23/24,TRUE,4,Fair value for money. But too late,"Size:Int:M, Color Family:Blue",0,,,,,
fashion,Short girls dress Sleeve Linen Bow Frock,https://www.daraz.lk/products/short-girls-dress-sleeve-linen-bow-frock-i181695862.html,8/29/23,TRUE,5,Godak Lassani🤗 Thanks Daraz Good Job🤗😁♥️,"Size:Int:M, Color Family:Black",1,,,,,
fashion,Short girls dress Sleeve Linen Bow Frock,https://www.daraz.lk/products/short-girls-dress-sleeve-linen-bow-frock-i181695862.html,6/14/23,TRUE,5,S size eka madi M size ekak oni me color ekenma,"Size:Int:S, Color Family:Blue",0,,,,,
fashion,Short girls dress Sleeve Linen Bow Frock,https://www.daraz.lk/products/short-girls-dress-sleeve-linen-bow-frock-i181695862.html,4/8/24,TRUE,5,Quality product that worth the price,"Size:Int:L, Color Family:Maroon",0,,,,,
fashion,Short girls dress Sleeve Linen Bow Frock,https://www.daraz.lk/products/short-girls-dress-sleeve-linen-bow-frock-i181695862.html,4/5/25,TRUE,5,"nice frock, same as picture. highly recommended","Color Family:Blue, Size:Int:XXL",0,,,,,
fashion,Short girls dress Sleeve Linen Bow Frock,https://www.daraz.lk/products/short-girls-dress-sleeve-linen-bow-frock-i181695862.html,2/15/25,TRUE,5,one off the best seller in Darazzzzz❤️❤️❤️🤗,"Color Family:Blue, Size:Int:L",0,,,,,
fashion,Short girls dress Sleeve Linen Bow Frock,https://www.daraz.lk/products/short-girls-dress-sleeve-linen-bow-frock-i181695862.html,1/15/25,TRUE,5,it's really nice 💯 worth of money recommend to byier,"Color Family:Maroon, Size:Int:L",0,,,,,
fashion,Short girls dress Sleeve Linen Bow Frock,https://www.daraz.lk/products/short-girls-dress-sleeve-linen-bow-frock-i181695862.html,11/27/23,TRUE,4,"the frock is very beautiful and there no damages 
it was delivered on the exact day.","Color Family:Pink, Size:Int:L",0,,,,,
fashion,Short girls dress Sleeve Linen Bow Frock,https://www.daraz.lk/products/short-girls-dress-sleeve-linen-bow-frock-i181695862.html,3/25/26,TRUE,5,not good dress change really upset,"Color Family:Maroon, Size:Int:XL",0,,,,,
fashion,Short girls dress Sleeve Linen Bow Frock,https://www.daraz.lk/products/short-girls-dress-sleeve-linen-bow-frock-i181695862.html,6/18/25,TRUE,5,lassanffgts dghfsgyrdvv dyrffhfffd,"Color Family:Blue, Size:Int:XL",0,,,,,
fashion,Short girls dress Sleeve Linen Bow Frock,https://www.daraz.lk/products/short-girls-dress-sleeve-linen-bow-frock-i181695862.html,4/2/24,TRUE,5,"beautiful❤
#Win","Size:Int:3XL, Color Family:Blue",0,,,,,
fashion,Short girls dress Sleeve Linen Bow Frock,https://www.daraz.lk/products/short-girls-dress-sleeve-linen-bow-frock-i181695862.html,11/19/24,TRUE,5,Perfectly fit and looks nice❤️,"Color Family:Blue, Size:Int:M",0,,,,,
fashion,Short girls dress Sleeve Linen Bow Frock,https://www.daraz.lk/products/short-girls-dress-sleeve-linen-bow-frock-i181695862.html,12/18/23,TRUE,5,Great product Quality also 😍 really love it Highly recommed,"Size:Int:L, Color Family:Blue",0,,,,,
fashion,Short girls dress Sleeve Linen Bow Frock,https://www.daraz.lk/products/short-girls-dress-sleeve-linen-bow-frock-i181695862.html,1/1/25,TRUE,5,beautiful frock.good quality.,"Color Family:Maroon, Size:Int:M",0,,,,,
fashion,Short girls dress Sleeve Linen Bow Frock,https://www.daraz.lk/products/short-girls-dress-sleeve-linen-bow-frock-i181695862.html,7/7/25,TRUE,5,perfect size thank you 🙏🏻💝,"Color Family:Blue, Size:Int:XL",0,,,,,
fashion,Short girls dress Sleeve Linen Bow Frock,https://www.daraz.lk/products/short-girls-dress-sleeve-linen-bow-frock-i181695862.html,3/15/24,TRUE,5,Best 👍,"Size:Int:S, Color Family:Blue",0,,,,,
fashion,Short girls dress Sleeve Linen Bow Frock,https://www.daraz.lk/products/short-girls-dress-sleeve-linen-bow-frock-i181695862.html,3/12/25,TRUE,5,thanks for your support,"Color Family:Maroon, Size:Int:L",0,,,,,
fashion,Short girls dress Sleeve Linen Bow Frock,https://www.daraz.lk/products/short-girls-dress-sleeve-linen-bow-frock-i181695862.html,8/20/24,TRUE,5,Good product...recommend this ❤️,"Color Family:Blue, Size:Int:M",0,,,,,
fashion,Short girls dress Sleeve Linen Bow Frock,https://www.daraz.lk/products/short-girls-dress-sleeve-linen-bow-frock-i181695862.html,4/12/25,TRUE,5,Good quality product,"Color Family:Blue, Size:Int:L",0,,,,,
fashion,Short girls dress Sleeve Linen Bow Frock,https://www.daraz.lk/products/short-girls-dress-sleeve-linen-bow-frock-i181695862.html,11/10/24,TRUE,5,very nice and cute..,"Color Family:Blue, Size:Int:XL",0,,,,,
fashion,Short girls dress Sleeve Linen Bow Frock,https://www.daraz.lk/products/short-girls-dress-sleeve-linen-bow-frock-i181695862.html,11/16/24,TRUE,5,nice thank you,"Color Family:Maroon, Size:Int:XL",0,,,,,
fashion,Short girls dress Sleeve Linen Bow Frock,https://www.daraz.lk/products/short-girls-dress-sleeve-linen-bow-frock-i181695862.html,10/7/24,TRUE,5,nice dress,"Size:Int:L, Color Family:Blue",0,,,,,
fashion,Short girls dress Sleeve Linen Bow Frock,https://www.daraz.lk/products/short-girls-dress-sleeve-linen-bow-frock-i181695862.html,6/4/23,TRUE,4,I ordered pink colour one.. But they have sent orange/red colour one without asking..,"Size:Int:S, Color Family:Pink",0,,,,,
fashion,Short girls dress Sleeve Linen Bow Frock,https://www.daraz.lk/products/short-girls-dress-sleeve-linen-bow-frock-i181695862.html,10/24/24,TRUE,5,Nice,"Color Family:Blue, Size:Int:XL",0,,,,,
fashion,Short girls dress Sleeve Linen Bow Frock,https://www.daraz.lk/products/short-girls-dress-sleeve-linen-bow-frock-i181695862.html,12/21/24,TRUE,5,very good,"Size:Int:M, Color Family:Maroon",0,,,,,
fashion,Short girls dress Sleeve Linen Bow Frock,https://www.daraz.lk/products/short-girls-dress-sleeve-linen-bow-frock-i181695862.html,5/18/25,TRUE,5,good one,"Color Family:Maroon, Size:Int:M",0,,,,,
fashion,Short girls dress Sleeve Linen Bow Frock,https://www.daraz.lk/products/short-girls-dress-sleeve-linen-bow-frock-i181695862.html,6/29/25,TRUE,5,nice,"Color Family:Maroon, Size:Int:L",0,,,,,
fashion,Short girls dress Sleeve Linen Bow Frock,https://www.daraz.lk/products/short-girls-dress-sleeve-linen-bow-frock-i181695862.html,6/29/25,TRUE,5,🫰,"Color Family:Maroon, Size:Int:S",0,,,,,
fashion,Short girls dress Sleeve Linen Bow Frock,https://www.daraz.lk/products/short-girls-dress-sleeve-linen-bow-frock-i181695862.html,9/10/24,TRUE,5,NORMAL,"Size:Int:XXL, Color Family:Blue",0,,,,,
fashion,Short girls dress Sleeve Linen Bow Frock,https://www.daraz.lk/products/short-girls-dress-sleeve-linen-bow-frock-i181695862.html,5/2/25,TRUE,5,good,"Color Family:Blue, Size:Int:M",0,,,,,
fashion,Short girls dress Sleeve Linen Bow Frock,https://www.daraz.lk/products/short-girls-dress-sleeve-linen-bow-frock-i181695862.html,9/19/24,TRUE,4,Good,"Color Family:Maroon, Size:Int:XL",0,,,,,
fashion,Short girls dress Sleeve Linen Bow Frock,https://www.daraz.lk/products/short-girls-dress-sleeve-linen-bow-frock-i181695862.html,1/23/25,TRUE,4,good,"Size:Int:XL, Color Family:Blue",0,,,,,
fashion,Short girls dress Sleeve Linen Bow Frock,https://www.daraz.lk/products/short-girls-dress-sleeve-linen-bow-frock-i181695862.html,11/22/24,TRUE,5,tnx😍,"Color Family:Blue, Size:Int:L",0,,,,,
fashion,Short girls dress Sleeve Linen Bow Frock,https://www.daraz.lk/products/short-girls-dress-sleeve-linen-bow-frock-i181695862.html,9/18/24,TRUE,5,good,"Color Family:Maroon, Size:Int:L",0,,,,,
fashion,Short girls dress Sleeve Linen Bow Frock,https://www.daraz.lk/products/short-girls-dress-sleeve-linen-bow-frock-i181695862.html,12/21/24,TRUE,5,very good,"Size:Int:M, Color Family:Blue",0,,,,,
fashion,Short girls dress Sleeve Linen Bow Frock,https://www.daraz.lk/products/short-girls-dress-sleeve-linen-bow-frock-i181695862.html,9/19/24,TRUE,4,Good,"Color Family:Blue, Size:Int:XXL",0,,,,,
fashion,Short girls dress Sleeve Linen Bow Frock,https://www.daraz.lk/products/short-girls-dress-sleeve-linen-bow-frock-i181695862.html,5/29/25,TRUE,5,Good,"Color Family:Maroon, Size:Int:S",0,,,,,
fashion,Short girls dress Sleeve Linen Bow Frock,https://www.daraz.lk/products/short-girls-dress-sleeve-linen-bow-frock-i181695862.html,8/19/24,TRUE,5,good,"Size:Int:XL, Color Family:Blue",0,,,,,
fashion,Short girls dress Sleeve Linen Bow Frock,https://www.daraz.lk/products/short-girls-dress-sleeve-linen-bow-frock-i181695862.html,6/2/23,TRUE,5,Highly Recommend.. Very Beautiful Design and Quality Material ❤️,"Size:Int:M, Color Family:Pink",0,,,,,
fashion,Short girls dress Sleeve Linen Bow Frock,https://www.daraz.lk/products/short-girls-dress-sleeve-linen-bow-frock-i181695862.html,12/14/23,TRUE,5,nice dress,"Size:Int:M, Color Family:Maroon",0,,,,,
fashion,Short girls dress Sleeve Linen Bow Frock,https://www.daraz.lk/products/short-girls-dress-sleeve-linen-bow-frock-i181695862.html,6/17/24,TRUE,5,Nice dress,"Size:Int:L, Color Family:Blue",0,,,,,
fashion,Short girls dress Sleeve Linen Bow Frock,https://www.daraz.lk/products/short-girls-dress-sleeve-linen-bow-frock-i181695862.html,7/15/23,TRUE,5,beautiful frock . very nice. thank you,"Size:Int:L, Color Family:Pink",0,,,,,
fashion,Short girls dress Sleeve Linen Bow Frock,https://www.daraz.lk/products/short-girls-dress-sleeve-linen-bow-frock-i181695862.html,6/5/24,TRUE,5,so nice,"Size:Int:XL, Color Family:Maroon",0,,,,,
fashion,Short girls dress Sleeve Linen Bow Frock,https://www.daraz.lk/products/short-girls-dress-sleeve-linen-bow-frock-i181695862.html,12/31/23,TRUE,5,"#WIN.    
hodai 🙂 #WIN ,🎁
value for money 🤑💰🎁👻
🎈💯
reccomend 💯🥰","Color Family:Blue, Size:Int:M",0,,,,,
fashion,Short girls dress Sleeve Linen Bow Frock,https://www.daraz.lk/products/short-girls-dress-sleeve-linen-bow-frock-i181695862.html,5/24/23,TRUE,5,# win good product,"Size:Int:L, Color Family:Red",0,,,,,
fashion,Short girls dress Sleeve Linen Bow Frock,https://www.daraz.lk/products/short-girls-dress-sleeve-linen-bow-frock-i181695862.html,6/4/23,TRUE,4,මරු ඒක,"Size:Int:M, Color Family:Blue",0,,,,,
fashion,Short girls dress Sleeve Linen Bow Frock,https://www.daraz.lk/products/short-girls-dress-sleeve-linen-bow-frock-i181695862.html,7/16/23,TRUE,5,good product..,"Size:Int:S, Color Family:Blue",0,,,,,
fashion,Short girls dress Sleeve Linen Bow Frock,https://www.daraz.lk/products/short-girls-dress-sleeve-linen-bow-frock-i181695862.html,4/25/24,TRUE,4,good,"Color Family:Blue, Size:Int:XL",0,,,,,
fashion,Short girls dress Sleeve Linen Bow Frock,https://www.daraz.lk/products/short-girls-dress-sleeve-linen-bow-frock-i181695862.html,5/24/25,TRUE,5,,"Size:Int:L, Color Family:Maroon",0,,,,,
fashion,Short girls dress Sleeve Linen Bow Frock,https://www.daraz.lk/products/short-girls-dress-sleeve-linen-bow-frock-i181695862.html,6/12/23,TRUE,5,"Quick delivery. Thank you Daraz 
Neat stitching perfact packing . Good meterial 
Worth for price. Recommended seller . Thank you..","Size:Int:XXL, Color Family:Pink",0,,,,,
fashion,Short girls dress Sleeve Linen Bow Frock,https://www.daraz.lk/products/short-girls-dress-sleeve-linen-bow-frock-i181695862.html,4/13/23,TRUE,5,ලස්සනයි. ඒත් ගෙන්වපු සයිස් එක ගොඩක් මදි. මේක මාරු කරල දෙන්න බැරිද ලොකු සයිස් එකකට,"ප්‍රමාණය:Int:L, වර්ණ කාණ්ඩය:රෝස",0,,,,,
fashion,Short girls dress Sleeve Linen Bow Frock,https://www.daraz.lk/products/short-girls-dress-sleeve-linen-bow-frock-i181695862.html,3/19/24,TRUE,5,,"Size:Int:L, Color Family:Blue",0,,,,,
fashion,Short girls dress Sleeve Linen Bow Frock,https://www.daraz.lk/products/short-girls-dress-sleeve-linen-bow-frock-i181695862.html,10/12/23,TRUE,5,As same as description and beautiful frock.,"Size:Int:M, Color Family:Maroon",0,,,,,
fashion,Short girls dress Sleeve Linen Bow Frock,https://www.daraz.lk/products/short-girls-dress-sleeve-linen-bow-frock-i181695862.html,11/23/23,TRUE,4,good product,"Size:Int:XXL, Color Family:Blue",0,,,,,
fashion,Short girls dress Sleeve Linen Bow Frock,https://www.daraz.lk/products/short-girls-dress-sleeve-linen-bow-frock-i181695862.html,6/12/23,TRUE,5,super darz,"Size:Int:M, Color Family:Blue",0,,,,,
fashion,Short girls dress Sleeve Linen Bow Frock,https://www.daraz.lk/products/short-girls-dress-sleeve-linen-bow-frock-i181695862.html,8/4/23,TRUE,5,👍👍👍👍,"Size:Int:S, Color Family:Yellow",0,,,,,
fashion,Short girls dress Sleeve Linen Bow Frock,https://www.daraz.lk/products/short-girls-dress-sleeve-linen-bow-frock-i181695862.html,4/6/23,TRUE,5,"recived,it's nice as i shown on site thanks...","Size:Int:S, Color Family:Red",0,,,,,
fashion,Short girls dress Sleeve Linen Bow Frock,https://www.daraz.lk/products/short-girls-dress-sleeve-linen-bow-frock-i181695862.html,12/1/24,TRUE,5,good product recommended,"Color Family:Maroon, Size:Int:L",0,,,,,
fashion,Short girls dress Sleeve Linen Bow Frock,https://www.daraz.lk/products/short-girls-dress-sleeve-linen-bow-frock-i181695862.html,8/26/23,TRUE,4,,"Size:Int:M, Color Family:Yellow",2,,,,,
fashion,Short girls dress Sleeve Linen Bow Frock,https://www.daraz.lk/products/short-girls-dress-sleeve-linen-bow-frock-i181695862.html,6/7/24,TRUE,1,nice material,"Size:Int:XXL, Color Family:Maroon",0,,,,,
fashion,Short Sleeve Plain Frock,https://www.daraz.lk/products/short-sleeve-plain-frock-i190779703.html,12/4/23,TRUE,5,ගොඩක් හොදයි.ඉක්මනට අාව.දාපු සයිස් එකම අාව.බය නැතුව ගන්න.,"Size:Int:L, Color Family:Maroon",0,,,,,
fashion,Short Sleeve Plain Frock,https://www.daraz.lk/products/short-sleeve-plain-frock-i190779703.html,10/30/23,TRUE,5,Its very nice and perfect size and good.,"Size:Int:XXL, Color Family:Yellow",0,,,,,
fashion,Short Sleeve Plain Frock,https://www.daraz.lk/products/short-sleeve-plain-frock-i190779703.html,4/16/25,TRUE,5,i bought it for my wife and it seems like a very well fitted item for her,"Color Family:Blue, Size:Int:M",0,,,,,
fashion,Short Sleeve Plain Frock,https://www.daraz.lk/products/short-sleeve-plain-frock-i190779703.html,9/6/23,TRUE,4,thank you daraz perfect matching,"Size:Int:M, Color Family:Maroon",0,,,,,
fashion,Short Sleeve Plain Frock,https://www.daraz.lk/products/short-sleeve-plain-frock-i190779703.html,1/27/24,TRUE,5,good product,"Size:Int:L, Color Family:Yellow",1,,,,,
fashion,Short Sleeve Plain Frock,https://www.daraz.lk/products/short-sleeve-plain-frock-i190779703.html,3/30/26,TRUE,5,very beautiful frock. I love it.❤❤❤,"Color Family:Blue, Size:Int:L",1,,,,,
fashion,Short Sleeve Plain Frock,https://www.daraz.lk/products/short-sleeve-plain-frock-i190779703.html,1/18/24,TRUE,5,#win,"Color Family:Green, Size:Int:3XL",0,,,,,
fashion,Short Sleeve Plain Frock,https://www.daraz.lk/products/short-sleeve-plain-frock-i190779703.html,1/18/24,TRUE,5,dress eka godak lassanai.delivery service eka thamai awla.mama 07 km gihin thamai ganna sidda une,"Size:Int:M, Color Family:Maroon",0,,,,,
fashion,Short Sleeve Plain Frock,https://www.daraz.lk/products/short-sleeve-plain-frock-i190779703.html,11/18/25,TRUE,5,Good one and Highly recommend ❤️‍🔥 . best material .,"Color Family:Maroon, Size:Int:XL",0,,,,,
fashion,Short Sleeve Plain Frock,https://www.daraz.lk/products/short-sleeve-plain-frock-i190779703.html,3/20/25,TRUE,5,Meroon color illuwe red aweth tibbe ekath lassanai,"Color Family:Maroon, Size:Int:XL",0,,,,,
fashion,Short Sleeve Plain Frock,https://www.daraz.lk/products/short-sleeve-plain-frock-i190779703.html,2/10/25,TRUE,5,photo eke widiyatama thinawa size ekath ganatama,"Color Family:Blue, Size:Int:XL",0,,,,,
fashion,Short Sleeve Plain Frock,https://www.daraz.lk/products/short-sleeve-plain-frock-i190779703.html,2/23/24,TRUE,5,godak hodai. ellapu size ekma awa.thanks daraz,"Size:Int:XXL, Color Family:Blue",0,,,,,
fashion,Short Sleeve Plain Frock,https://www.daraz.lk/products/short-sleeve-plain-frock-i190779703.html,11/15/25,TRUE,5,"very beautiful, i just loved it❤️","Color Family:Maroon, Size:Int:XL",0,,,,,
fashion,Short Sleeve Plain Frock,https://www.daraz.lk/products/short-sleeve-plain-frock-i190779703.html,2/9/26,TRUE,5,good 😊 Soo comfortable,"Color Family:Maroon, Size:Int:XL",0,,,,,
fashion,Short Sleeve Plain Frock,https://www.daraz.lk/products/short-sleeve-plain-frock-i190779703.html,4/13/25,TRUE,5,ගොඩක් ලස්සන ගවුමක්.,"Color Family:Maroon, Size:Int:L",0,,,,,
fashion,Short Sleeve Plain Frock,https://www.daraz.lk/products/short-sleeve-plain-frock-i190779703.html,11/18/23,TRUE,5,speed delivery. dress quality ok. value for money.,"Color Family:Blue, Size:Int:3XL",0,,,,,
fashion,Short Sleeve Plain Frock,https://www.daraz.lk/products/short-sleeve-plain-frock-i190779703.html,3/26/25,TRUE,5,Nice dress.,"Color Family:Maroon, Size:Int:M",0,,,,,
fashion,Short Sleeve Plain Frock,https://www.daraz.lk/products/short-sleeve-plain-frock-i190779703.html,12/21/24,TRUE,5,Very good😃,"Color Family:Green, Size:Int:XXL",0,,,,,
fashion,Short Sleeve Plain Frock,https://www.daraz.lk/products/short-sleeve-plain-frock-i190779703.html,1/8/25,TRUE,5,Good,"Color Family:Maroon, Size:Int:XL",0,,,,,
fashion,Short Sleeve Plain Frock,https://www.daraz.lk/products/short-sleeve-plain-frock-i190779703.html,1/10/25,TRUE,5,perfect,"Color Family:Blue, Size:Int:M",0,,,,,
fashion,Short Sleeve Plain Frock,https://www.daraz.lk/products/short-sleeve-plain-frock-i190779703.html,4/9/25,TRUE,5,Good,"Color Family:Blue, Size:Int:L",0,,,,,
fashion,Short Sleeve Plain Frock,https://www.daraz.lk/products/short-sleeve-plain-frock-i190779703.html,4/2/25,TRUE,5,Superb,"Color Family:Blue, Size:Int:L",0,,,,,
fashion,Short Sleeve Plain Frock,https://www.daraz.lk/products/short-sleeve-plain-frock-i190779703.html,8/4/24,TRUE,5,Good protect,"Color Family:Yellow, Size:Int:XL",0,,,,,
fashion,Short Sleeve Plain Frock,https://www.daraz.lk/products/short-sleeve-plain-frock-i190779703.html,7/29/24,TRUE,5,good service 👍,"Size:Int:S, Color Family:Pink",0,,,,,
fashion,Short Sleeve Plain Frock,https://www.daraz.lk/products/short-sleeve-plain-frock-i190779703.html,7/2/24,TRUE,5,beautiful ❤️,"Size:Int:3XL, Color Family:Maroon",0,,,,,
fashion,Short Sleeve Plain Frock,https://www.daraz.lk/products/short-sleeve-plain-frock-i190779703.html,7/6/24,TRUE,5,Nice frock,"Size:Int:M, Color Family:Maroon",0,,,,,
fashion,Short Sleeve Plain Frock,https://www.daraz.lk/products/short-sleeve-plain-frock-i190779703.html,10/25/23,TRUE,5,very good product.color is diferent.but very good more than i selected.,"Size:Int:S, Color Family:Pink",0,,,,,
fashion,Short Sleeve Plain Frock,https://www.daraz.lk/products/short-sleeve-plain-frock-i190779703.html,11/11/23,TRUE,5,මේ මගේ දෙවෙනි oder එක . its beautiful frock . thank you daraz,"Size:Int:XXL, Color Family:Maroon",0,,,,,
fashion,Short Sleeve Plain Frock,https://www.daraz.lk/products/short-sleeve-plain-frock-i190779703.html,1/9/24,TRUE,4,quality and beautiful frock❤️,"Size:Int:3XL, Color Family:Blue",0,,,,,
fashion,Short Sleeve Plain Frock,https://www.daraz.lk/products/short-sleeve-plain-frock-i190779703.html,12/31/23,TRUE,5,super 😍 හිතුවටත් වඩා හොඳට තිබුනා,"Size:Int:L, Color Family:Green",0,,,,,
fashion,Short Sleeve Plain Frock,https://www.daraz.lk/products/short-sleeve-plain-frock-i190779703.html,11/16/23,TRUE,5,හිතුවටත් වඩා හොඳයි.highly recomend කරන්න පුලුවන්,"Color Family:Maroon, Size:Int:XL",0,,,,,
fashion,Short Sleeve Plain Frock,https://www.daraz.lk/products/short-sleeve-plain-frock-i190779703.html,11/11/23,TRUE,5,Very nice. Nice frock,"Size:Int:XL, Color Family:Maroon",0,,,,,
fashion,Short Sleeve Plain Frock,https://www.daraz.lk/products/short-sleeve-plain-frock-i190779703.html,11/15/23,TRUE,4,Super 👍👍,"Color Family:Maroon, Size:Int:L",0,,,,,
fashion,Short Sleeve Plain Frock,https://www.daraz.lk/products/short-sleeve-plain-frock-i190779703.html,11/9/23,TRUE,3,length is not enough.,"Size:Int:XL, Color Family:Maroon",0,,,,,
fashion,Short Sleeve Plain Frock,https://www.daraz.lk/products/short-sleeve-plain-frock-i190779703.html,11/14/23,TRUE,3,3xl was small,"Color Family:Maroon, Size:Int:3XL",0,,,,,
fashion,Short Sleeve Plain Frock,https://www.daraz.lk/products/short-sleeve-plain-frock-i190779703.html,11/2/23,TRUE,1,very very very cheap and worse products..,"Size:Int:L, Color Family:Maroon",0,,,,,
fashion,Short Sleeve Plain Frock,https://www.daraz.lk/products/short-sleeve-plain-frock-i190779703.html,7/26/23,TRUE,1,😠😠😠,"Size:Int:L, Color Family:Pink",0,,,,,
fashion,Double Sleeve Front Button Women Plain Frock,https://www.daraz.lk/products/double-sleeve-front-button-women-plain-frock-i195257357.html,3/15/24,TRUE,5,its good,"Size:Int:XL, Color Family:Purple",0,,,,,
fashion,Double Sleeve Front Button Women Plain Frock,https://www.daraz.lk/products/double-sleeve-front-button-women-plain-frock-i195257357.html,11/22/25,TRUE,5,"good product and recommend seller 
thank you","Color Family:Blue, Size:Int:XXL",0,,,,,
fashion,Double Sleeve Front Button Women Plain Frock,https://www.daraz.lk/products/double-sleeve-front-button-women-plain-frock-i195257357.html,1/15/26,TRUE,5,Color is little less than description images,"Color Family:Purple, Size:Int:XXL",1,,,,,
fashion,Double Sleeve Front Button Women Plain Frock,https://www.daraz.lk/products/double-sleeve-front-button-women-plain-frock-i195257357.html,4/21/25,TRUE,5,good product❤️I love this frock...,"Color Family:Purple, Size:Int:XL",0,,,,,
fashion,Double Sleeve Front Button Women Plain Frock,https://www.daraz.lk/products/double-sleeve-front-button-women-plain-frock-i195257357.html,1/10/26,TRUE,5,good,"Color Family:Purple, Size:Int:XL",0,,,,,
fashion,Double Sleeve Front Button Women Plain Frock,https://www.daraz.lk/products/double-sleeve-front-button-women-plain-frock-i195257357.html,7/27/24,TRUE,5,"good quality
worth for the money","Color Family:Purple, Size:Int:L",2,,,,,
fashion,Double Sleeve Front Button Women Plain Frock,https://www.daraz.lk/products/double-sleeve-front-button-women-plain-frock-i195257357.html,12/17/23,TRUE,5,good,"Size:Int:XL, Color Family:Black",0,,,,,
fashion,Double Sleeve Front Button Women Plain Frock,https://www.daraz.lk/products/double-sleeve-front-button-women-plain-frock-i195257357.html,12/4/23,TRUE,5,good,"Size:Int:XL, Color Family:Purple",0,,,,,
fashion,Double Sleeve Front Button Women Plain Frock,https://www.daraz.lk/products/double-sleeve-front-button-women-plain-frock-i195257357.html,7/18/24,TRUE,5,wow nice dress 🥰🥰,"Color Family:Purple, Size:Int:XXL",0,,,,,
fashion,Double Sleeve Front Button Women Plain Frock,https://www.daraz.lk/products/double-sleeve-front-button-women-plain-frock-i195257357.html,6/27/24,TRUE,4,lt is good.,"Size:Int:3XL, Color Family:Purple",0,,,,,
fashion,Double Sleeve Front Button Women Plain Frock,https://www.daraz.lk/products/double-sleeve-front-button-women-plain-frock-i195257357.html,12/24/24,TRUE,5,"purple oder paninathu
vaintha thu black.  konjam paathu coriyer potta nallm.🤨","Color Family:Purple, Size:Int:L",0,,,,,
fashion,Double Sleeve Front Button Women Plain Frock,https://www.daraz.lk/products/double-sleeve-front-button-women-plain-frock-i195257357.html,11/16/24,TRUE,5,This frock was very beautiful. 100% highly recommended this frock💯💯💯,"Color Family:Purple, Size:Int:3XL",0,,,,,
fashion,Double Sleeve Front Button Women Plain Frock,https://www.daraz.lk/products/double-sleeve-front-button-women-plain-frock-i195257357.html,6/11/25,TRUE,5,very well product.its very nicely froge.i appreciate all women.,"Color Family:Blue, Size:Int:XL",0,,,,,
fashion,Double Sleeve Front Button Women Plain Frock,https://www.daraz.lk/products/double-sleeve-front-button-women-plain-frock-i195257357.html,5/20/25,TRUE,5,Great dress but the sleeves are not double. Beautiful dress.,"Color Family:Blue, Size:Int:3XL",0,,,,,
fashion,Double Sleeve Front Button Women Plain Frock,https://www.daraz.lk/products/double-sleeve-front-button-women-plain-frock-i195257357.html,11/17/23,TRUE,4,nice,"Size:Int:3XL, Color Family:Purple",1,,,,,
fashion,Double Sleeve Front Button Women Plain Frock,https://www.daraz.lk/products/double-sleeve-front-button-women-plain-frock-i195257357.html,7/26/25,TRUE,5,glad to receive and happy to see the beauty after wearing,"Color Family:Purple, Size:Int:L",0,,,,,
fashion,Double Sleeve Front Button Women Plain Frock,https://www.daraz.lk/products/double-sleeve-front-button-women-plain-frock-i195257357.html,7/9/25,TRUE,5,හිතුවට වඩා හොඳටම තිබුනා. මටම තියලා මැහුවා වගේ....🙂,"Color Family:Purple, Size:Int:XL",0,,,,,
fashion,Double Sleeve Front Button Women Plain Frock,https://www.daraz.lk/products/double-sleeve-front-button-women-plain-frock-i195257357.html,2/27/24,TRUE,5,Very beautiful frock. Thank you Daraz,"Size:Int:XL, Color Family:Purple",0,,,,,
fashion,Double Sleeve Front Button Women Plain Frock,https://www.daraz.lk/products/double-sleeve-front-button-women-plain-frock-i195257357.html,3/29/25,TRUE,5,good product recommend to buy it everyone❤️,"Color Family:Purple, Size:Int:3XL",0,,,,,
fashion,Double Sleeve Front Button Women Plain Frock,https://www.daraz.lk/products/double-sleeve-front-button-women-plain-frock-i195257357.html,4/3/25,TRUE,5,"good quality and very nice
thanks","Color Family:Purple, Size:Int:XL",0,,,,,
fashion,Double Sleeve Front Button Women Plain Frock,https://www.daraz.lk/products/double-sleeve-front-button-women-plain-frock-i195257357.html,8/14/25,TRUE,5,Good quality and quick delivery,"Color Family:Purple, Size:Int:XL",0,,,,,
fashion,Double Sleeve Front Button Women Plain Frock,https://www.daraz.lk/products/double-sleeve-front-button-women-plain-frock-i195257357.html,11/24/24,TRUE,4,Very Nice & Past delivery,"Color Family:Red, Size:Int:L",0,,,,,
fashion,Double Sleeve Front Button Women Plain Frock,https://www.daraz.lk/products/double-sleeve-front-button-women-plain-frock-i195257357.html,10/21/24,TRUE,5,good quality nice frock,"Color Family:Black, Size:Int:XL",0,,,,,
fashion,Double Sleeve Front Button Women Plain Frock,https://www.daraz.lk/products/double-sleeve-front-button-women-plain-frock-i195257357.html,4/11/25,TRUE,5,good ..........💜️☺️☺️☺️,"Color Family:Purple, Size:Int:3XL",0,,,,,
fashion,Double Sleeve Front Button Women Plain Frock,https://www.daraz.lk/products/double-sleeve-front-button-women-plain-frock-i195257357.html,3/20/25,TRUE,5,wow eka mara lassanai,"Color Family:Purple, Size:Int:XL",0,,,,,
fashion,Double Sleeve Front Button Women Plain Frock,https://www.daraz.lk/products/double-sleeve-front-button-women-plain-frock-i195257357.html,5/24/24,TRUE,5,thank you daraz and delivery boy and seller service excellent 👍👍👍👍👍,"Size:Int:3XL, Color Family:Red",1,,,,,
fashion,Double Sleeve Front Button Women Plain Frock,https://www.daraz.lk/products/double-sleeve-front-button-women-plain-frock-i195257357.html,9/4/24,TRUE,5,Highly Recommended 💙,"Color Family:Red, Size:Int:XXL",0,,,,,
fashion,Double Sleeve Front Button Women Plain Frock,https://www.daraz.lk/products/double-sleeve-front-button-women-plain-frock-i195257357.html,11/12/24,TRUE,5,quality is good 👍,"Color Family:Red, Size:Int:XL",0,,,,,
fashion,Double Sleeve Front Button Women Plain Frock,https://www.daraz.lk/products/double-sleeve-front-button-women-plain-frock-i195257357.html,1/22/25,TRUE,5,Beautiful Thanks..,"Color Family:Purple, Size:Int:L",0,,,,,
fashion,Double Sleeve Front Button Women Plain Frock,https://www.daraz.lk/products/double-sleeve-front-button-women-plain-frock-i195257357.html,4/12/25,TRUE,5,හොදයි ලස්සනයි 🫩,"වර්ණ කාණ්ඩය:Purple, ප්‍රමාණය:Int:XL",0,,,,,
fashion,Double Sleeve Front Button Women Plain Frock,https://www.daraz.lk/products/double-sleeve-front-button-women-plain-frock-i195257357.html,2/16/24,TRUE,5,beautiful frock .,"Size:Int:XL, Color Family:Purple",0,,,,,
fashion,Double Sleeve Front Button Women Plain Frock,https://www.daraz.lk/products/double-sleeve-front-button-women-plain-frock-i195257357.html,2/27/25,TRUE,5,Good product,"Color Family:Black, Size:Int:L",0,,,,,
fashion,Double Sleeve Front Button Women Plain Frock,https://www.daraz.lk/products/double-sleeve-front-button-women-plain-frock-i195257357.html,12/11/24,TRUE,4,Good product,"Color Family:Purple, Size:Int:3XL",0,,,,,
fashion,Double Sleeve Front Button Women Plain Frock,https://www.daraz.lk/products/double-sleeve-front-button-women-plain-frock-i195257357.html,9/12/24,TRUE,5,Nice work 🤗,"Color Family:Red, Size:Int:XL",1,,,,,
fashion,Double Sleeve Front Button Women Plain Frock,https://www.daraz.lk/products/double-sleeve-front-button-women-plain-frock-i195257357.html,6/21/25,TRUE,5,really nice,"Color Family:Blue, Size:Int:XXL",0,,,,,
fashion,Double Sleeve Front Button Women Plain Frock,https://www.daraz.lk/products/double-sleeve-front-button-women-plain-frock-i195257357.html,4/8/25,TRUE,5,nice dress,"Color Family:Purple, Size:Int:L",0,,,,,
fashion,Double Sleeve Front Button Women Plain Frock,https://www.daraz.lk/products/double-sleeve-front-button-women-plain-frock-i195257357.html,7/27/24,TRUE,5,"l like this drees 
God quality","Color Family:Black, Size:Int:3XL",1,,,,,
fashion,Double Sleeve Front Button Women Plain Frock,https://www.daraz.lk/products/double-sleeve-front-button-women-plain-frock-i195257357.html,4/11/25,TRUE,5,nice,"Color Family:Purple, Size:Int:3XL",0,,,,,
fashion,Double Sleeve Front Button Women Plain Frock,https://www.daraz.lk/products/double-sleeve-front-button-women-plain-frock-i195257357.html,1/1/25,TRUE,5,super,"Size:Int:XXL, Color Family:Black",0,,,,,
fashion,Double Sleeve Front Button Women Plain Frock,https://www.daraz.lk/products/double-sleeve-front-button-women-plain-frock-i195257357.html,4/19/25,TRUE,5,super,"Color Family:Purple, Size:Int:3XL",0,,,,,
fashion,Double Sleeve Front Button Women Plain Frock,https://www.daraz.lk/products/double-sleeve-front-button-women-plain-frock-i195257357.html,11/21/24,TRUE,5,thanks,"වර්ණ කාණ්ඩය:කලු, ප්‍රමාණය:Int:L",0,,,,,
fashion,Double Sleeve Front Button Women Plain Frock,https://www.daraz.lk/products/double-sleeve-front-button-women-plain-frock-i195257357.html,6/4/25,TRUE,5,good 👍😊,"Color Family:Red, Size:Int:XXL",0,,,,,
fashion,Double Sleeve Front Button Women Plain Frock,https://www.daraz.lk/products/double-sleeve-front-button-women-plain-frock-i195257357.html,8/5/25,TRUE,5,good iti,"Color Family:Purple, Size:Int:L",0,,,,,
fashion,Double Sleeve Front Button Women Plain Frock,https://www.daraz.lk/products/double-sleeve-front-button-women-plain-frock-i195257357.html,1/8/25,TRUE,5,Good 👍,"Color Family:Purple, Size:Int:XL",0,,,,,
fashion,Double Sleeve Front Button Women Plain Frock,https://www.daraz.lk/products/double-sleeve-front-button-women-plain-frock-i195257357.html,12/31/23,TRUE,5,good,"Size:Int:XXL, Color Family:Purple",0,,,,,
fashion,Double Sleeve Front Button Women Plain Frock,https://www.daraz.lk/products/double-sleeve-front-button-women-plain-frock-i195257357.html,11/22/23,TRUE,3,good product,"Size:Int:XXL, Color Family:Purple",1,,,,,
fashion,Double Sleeve Front Button Women Plain Frock,https://www.daraz.lk/products/double-sleeve-front-button-women-plain-frock-i195257357.html,7/4/24,TRUE,5,👍,"Size:Int:L, Color Family:Purple",1,,,,,
fashion,Double Sleeve Front Button Women Plain Frock,https://www.daraz.lk/products/double-sleeve-front-button-women-plain-frock-i195257357.html,6/27/24,TRUE,5,good,"Size:Int:XXL, Color Family:Red",1,,,,,
fashion,Double Sleeve Front Button Women Plain Frock,https://www.daraz.lk/products/double-sleeve-front-button-women-plain-frock-i195257357.html,6/14/24,TRUE,5,Supiri,"Size:Int:XXL, Color Family:Purple",0,,,,,
fashion,Double Sleeve Front Button Women Plain Frock,https://www.daraz.lk/products/double-sleeve-front-button-women-plain-frock-i195257357.html,2/19/24,TRUE,5,very  good    item  and  fast  delivery 🚚🚚,"Size:Int:3XL, Color Family:Black",0,,,,,
fashion,Double Sleeve Front Button Women Plain Frock,https://www.daraz.lk/products/double-sleeve-front-button-women-plain-frock-i195257357.html,3/24/26,TRUE,3,Sent wrong size,"Color Family:Blue, Size:Int:XL",0,,,,,
fashion,Double Sleeve Front Button Women Plain Frock,https://www.daraz.lk/products/double-sleeve-front-button-women-plain-frock-i195257357.html,12/29/23,TRUE,5,,"Size:Int:3XL, Color Family:Maroon",2,,,,,
fashion,Double Sleeve Front Button Women Plain Frock,https://www.daraz.lk/products/double-sleeve-front-button-women-plain-frock-i195257357.html,6/15/24,TRUE,1,vedak ne,"Size:Int:L, Color Family:Purple",0,,,,,
fashion,Nibber Summer Bachelor Party White Solid Simple Elegant Mature Beautiful Confident Feminine Sexy Women's Short Tight Dress,https://www.daraz.lk/products/nibber-summer-bachelor-party-white-solid-simple-elegant-mature-beautiful-confident-feminine-sexy-womens-short-tight-dress-i377395636.html,3/3/26,FALSE,5,"Shipping was much faster than expected (came in 6 days)! The dress fit great. I'm fairly petite and dresses usually fit my proportions odd. I'm 157cm, 98-101lb, measurements 29-24-33"" and S fit perfect. Quality is great for the price","වර්ණ කාණ්ඩය:සුදු, ප්‍රමාණය:M",0,,,,,
fashion,Nibber Summer Bachelor Party White Solid Simple Elegant Mature Beautiful Confident Feminine Sexy Women's Short Tight Dress,https://www.daraz.lk/products/nibber-summer-bachelor-party-white-solid-simple-elegant-mature-beautiful-confident-feminine-sexy-womens-short-tight-dress-i377395636.html,2/27/26,FALSE,5,"Shipping was much faster than expected (came in 6 days)! The dress fit great. I'm fairly petite and dresses usually fit my proportions odd. I'm 157cm, 98-101lb, measurements 29-24-33"" and S fit perfect. Quality is great for the price","වර්ණ කාණ්ඩය:සුදු, ප්‍රමාණය:M",0,,,,,
fashion,Nibber Summer Bachelor Party White Solid Simple Elegant Mature Beautiful Confident Feminine Sexy Women's Short Tight Dress,https://www.daraz.lk/products/nibber-summer-bachelor-party-white-solid-simple-elegant-mature-beautiful-confident-feminine-sexy-womens-short-tight-dress-i377395636.html,3/2/26,FALSE,5,"Shipping was much faster than expected (came in 6 days)! The dress fit great. I'm fairly petite and dresses usually fit my proportions odd. I'm 157cm, 98-101lb, measurements 29-24-33"" and S fit perfect. Quality is great for the price","වර්ණ කාණ්ඩය:සුදු, ප්‍රමාණය:M",0,,,,,
fashion,Nibber Summer Bachelor Party White Solid Simple Elegant Mature Beautiful Confident Feminine Sexy Women's Short Tight Dress,https://www.daraz.lk/products/nibber-summer-bachelor-party-white-solid-simple-elegant-mature-beautiful-confident-feminine-sexy-womens-short-tight-dress-i377395636.html,3/1/26,FALSE,5,"Shipping was much faster than expected (came in 6 days)! The dress fit great. I'm fairly petite and dresses usually fit my proportions odd. I'm 157cm, 98-101lb, measurements 29-24-33"" and S fit perfect. Quality is great for the price","වර්ණ කාණ්ඩය:සුදු, ප්‍රමාණය:M",0,,,,,
fashion,Nibber Summer Bachelor Party White Solid Simple Elegant Mature Beautiful Confident Feminine Sexy Women's Short Tight Dress,https://www.daraz.lk/products/nibber-summer-bachelor-party-white-solid-simple-elegant-mature-beautiful-confident-feminine-sexy-womens-short-tight-dress-i377395636.html,3/1/26,FALSE,5,really good quality!!!!!,"වර්ණ කාණ්ඩය:සුදු, ප්‍රමාණය:M",0,,,,,
fashion,Nibber Summer Bachelor Party White Solid Simple Elegant Mature Beautiful Confident Feminine Sexy Women's Short Tight Dress,https://www.daraz.lk/products/nibber-summer-bachelor-party-white-solid-simple-elegant-mature-beautiful-confident-feminine-sexy-womens-short-tight-dress-i377395636.html,2/27/26,FALSE,5,really good quality!!!!!,"වර්ණ කාණ්ඩය:සුදු, ප්‍රමාණය:M",0,,,,,
fashion,Nibber Summer Bachelor Party White Solid Simple Elegant Mature Beautiful Confident Feminine Sexy Women's Short Tight Dress,https://www.daraz.lk/products/nibber-summer-bachelor-party-white-solid-simple-elegant-mature-beautiful-confident-feminine-sexy-womens-short-tight-dress-i377395636.html,3/3/26,FALSE,5,really good quality!!!!!,"වර්ණ කාණ්ඩය:සුදු, ප්‍රමාණය:M",0,,,,,
fashion,Nibber Summer Bachelor Party White Solid Simple Elegant Mature Beautiful Confident Feminine Sexy Women's Short Tight Dress,https://www.daraz.lk/products/nibber-summer-bachelor-party-white-solid-simple-elegant-mature-beautiful-confident-feminine-sexy-womens-short-tight-dress-i377395636.html,3/2/26,FALSE,5,really good quality!!!!!,"වර්ණ කාණ්ඩය:සුදු, ප්‍රමාණය:M",0,,,,,
fashion,3Pack Dopamine Pockets Tennis Skirts for Women Fitness Skinny Pleated Skirt Outdoors Corset Pockets Shorts High V Waist,https://www.daraz.lk/products/3pack-dopamine-pockets-tennis-skirts-for-women-fitness-skinny-pleated-skirt-outdoors-corset-pockets-shorts-high-v-waist-i593529503.html,3/2/26,FALSE,5,fits great I have a mom pooch and it does flatten out my waist a bit. Great for summer very cool fabric.,"Color:Grey1PCS, ප්‍රමාණය:S",0,,,,,
fashion,3Pack Dopamine Pockets Tennis Skirts for Women Fitness Skinny Pleated Skirt Outdoors Corset Pockets Shorts High V Waist,https://www.daraz.lk/products/3pack-dopamine-pockets-tennis-skirts-for-women-fitness-skinny-pleated-skirt-outdoors-corset-pockets-shorts-high-v-waist-i593529503.html,3/3/26,FALSE,5,fits great I have a mom pooch and it does flatten out my waist a bit. Great for summer very cool fabric.,"Color:Grey1PCS, ප්‍රමාණය:S",0,,,,,
fashion,3Pack Dopamine Pockets Tennis Skirts for Women Fitness Skinny Pleated Skirt Outdoors Corset Pockets Shorts High V Waist,https://www.daraz.lk/products/3pack-dopamine-pockets-tennis-skirts-for-women-fitness-skinny-pleated-skirt-outdoors-corset-pockets-shorts-high-v-waist-i593529503.html,3/1/26,FALSE,5,fits great I have a mom pooch and it does flatten out my waist a bit. Great for summer very cool fabric.,"Color:Grey1PCS, ප්‍රමාණය:S",0,,,,,
fashion,3Pack Dopamine Pockets Tennis Skirts for Women Fitness Skinny Pleated Skirt Outdoors Corset Pockets Shorts High V Waist,https://www.daraz.lk/products/3pack-dopamine-pockets-tennis-skirts-for-women-fitness-skinny-pleated-skirt-outdoors-corset-pockets-shorts-high-v-waist-i593529503.html,3/1/26,FALSE,5,I like this skort. Fits well and it's very comfortable.   gives the look of short skirt but has coverage due to stretchy shorts underneath.,"Color:Grey1PCS, ප්‍රමාණය:S",0,,,,,
fashion,3Pack Dopamine Pockets Tennis Skirts for Women Fitness Skinny Pleated Skirt Outdoors Corset Pockets Shorts High V Waist,https://www.daraz.lk/products/3pack-dopamine-pockets-tennis-skirts-for-women-fitness-skinny-pleated-skirt-outdoors-corset-pockets-shorts-high-v-waist-i593529503.html,5/9/26,FALSE,5,fits great I have a mom pooch and it does flatten out my waist a bit. Great for summer very cool fabric.,"Color:Grey1PCS, ප්‍රමාණය:S",0,,,,,
fashion,3Pack Dopamine Pockets Tennis Skirts for Women Fitness Skinny Pleated Skirt Outdoors Corset Pockets Shorts High V Waist,https://www.daraz.lk/products/3pack-dopamine-pockets-tennis-skirts-for-women-fitness-skinny-pleated-skirt-outdoors-corset-pockets-shorts-high-v-waist-i593529503.html,2/27/26,FALSE,5,fits great I have a mom pooch and it does flatten out my waist a bit. Great for summer very cool fabric.,"Color:Grey1PCS, ප්‍රමාණය:S",0,,,,,
fashion,3Pack Dopamine Pockets Tennis Skirts for Women Fitness Skinny Pleated Skirt Outdoors Corset Pockets Shorts High V Waist,https://www.daraz.lk/products/3pack-dopamine-pockets-tennis-skirts-for-women-fitness-skinny-pleated-skirt-outdoors-corset-pockets-shorts-high-v-waist-i593529503.html,3/2/26,FALSE,5,I like this skort. Fits well and it's very comfortable.   gives the look of short skirt but has coverage due to stretchy shorts underneath.,"Color:Grey1PCS, ප්‍රමාණය:S",0,,,,,
fashion,3Pack Dopamine Pockets Tennis Skirts for Women Fitness Skinny Pleated Skirt Outdoors Corset Pockets Shorts High V Waist,https://www.daraz.lk/products/3pack-dopamine-pockets-tennis-skirts-for-women-fitness-skinny-pleated-skirt-outdoors-corset-pockets-shorts-high-v-waist-i593529503.html,3/3/26,FALSE,5,I like this skort. Fits well and it's very comfortable.   gives the look of short skirt but has coverage due to stretchy shorts underneath.,"Color:Grey1PCS, ප්‍රමාණය:S",0,,,,,
fashion,3Pack Dopamine Pockets Tennis Skirts for Women Fitness Skinny Pleated Skirt Outdoors Corset Pockets Shorts High V Waist,https://www.daraz.lk/products/3pack-dopamine-pockets-tennis-skirts-for-women-fitness-skinny-pleated-skirt-outdoors-corset-pockets-shorts-high-v-waist-i593529503.html,2/27/26,FALSE,5,I like this skort. Fits well and it's very comfortable.   gives the look of short skirt but has coverage due to stretchy shorts underneath.,"Color:Grey1PCS, ප්‍රමාණය:S",0,,,,,
fashion,3Pack Dopamine Pockets Tennis Skirts for Women Fitness Skinny Pleated Skirt Outdoors Corset Pockets Shorts High V Waist,https://www.daraz.lk/products/3pack-dopamine-pockets-tennis-skirts-for-women-fitness-skinny-pleated-skirt-outdoors-corset-pockets-shorts-high-v-waist-i593529503.html,5/9/26,FALSE,5,I like this skort. Fits well and it's very comfortable.   gives the look of short skirt but has coverage due to stretchy shorts underneath.,"Color:Grey1PCS, ප්‍රමාණය:S",0,,,,,
fashion,3Pack Dopamine Pockets Tennis Skirts for Women Fitness Skinny Pleated Skirt Outdoors Corset Pockets Shorts High V Waist,https://www.daraz.lk/products/3pack-dopamine-pockets-tennis-skirts-for-women-fitness-skinny-pleated-skirt-outdoors-corset-pockets-shorts-high-v-waist-i593529503.html,3/2/26,FALSE,5,"Amazing quality and fit. Highly recommend, I wish I purchased more colours at the same time.","Color:Grey1PCS, ප්‍රමාණය:S",0,,,,,
fashion,3Pack Dopamine Pockets Tennis Skirts for Women Fitness Skinny Pleated Skirt Outdoors Corset Pockets Shorts High V Waist,https://www.daraz.lk/products/3pack-dopamine-pockets-tennis-skirts-for-women-fitness-skinny-pleated-skirt-outdoors-corset-pockets-shorts-high-v-waist-i593529503.html,5/9/26,FALSE,5,"Amazing quality and fit. Highly recommend, I wish I purchased more colours at the same time.","Color:Grey1PCS, ප්‍රමාණය:S",0,,,,,
fashion,3Pack Dopamine Pockets Tennis Skirts for Women Fitness Skinny Pleated Skirt Outdoors Corset Pockets Shorts High V Waist,https://www.daraz.lk/products/3pack-dopamine-pockets-tennis-skirts-for-women-fitness-skinny-pleated-skirt-outdoors-corset-pockets-shorts-high-v-waist-i593529503.html,3/3/26,FALSE,5,"Amazing quality and fit. Highly recommend, I wish I purchased more colours at the same time.","Color:Grey1PCS, ප්‍රමාණය:S",0,,,,,
fashion,3Pack Dopamine Pockets Tennis Skirts for Women Fitness Skinny Pleated Skirt Outdoors Corset Pockets Shorts High V Waist,https://www.daraz.lk/products/3pack-dopamine-pockets-tennis-skirts-for-women-fitness-skinny-pleated-skirt-outdoors-corset-pockets-shorts-high-v-waist-i593529503.html,2/27/26,FALSE,5,"Amazing quality and fit. Highly recommend, I wish I purchased more colours at the same time.","Color:Grey1PCS, ප්‍රමාණය:S",0,,,,,
fashion,3Pack Dopamine Pockets Tennis Skirts for Women Fitness Skinny Pleated Skirt Outdoors Corset Pockets Shorts High V Waist,https://www.daraz.lk/products/3pack-dopamine-pockets-tennis-skirts-for-women-fitness-skinny-pleated-skirt-outdoors-corset-pockets-shorts-high-v-waist-i593529503.html,3/1/26,FALSE,5,"Amazing quality and fit. Highly recommend, I wish I purchased more colours at the same time.","Color:Grey1PCS, ප්‍රමාණය:S",0,,,,,
fashion,3Pack Dopamine Pockets Tennis Skirts for Women Fitness Skinny Pleated Skirt Outdoors Corset Pockets Shorts High V Waist,https://www.daraz.lk/products/3pack-dopamine-pockets-tennis-skirts-for-women-fitness-skinny-pleated-skirt-outdoors-corset-pockets-shorts-high-v-waist-i593529503.html,3/1/26,FALSE,5,"Really nice skirt. The material is great and the fit is too, true to size. Thank you","Color:Grey1PCS, ප්‍රමාණය:S",0,,,,,
fashion,3Pack Dopamine Pockets Tennis Skirts for Women Fitness Skinny Pleated Skirt Outdoors Corset Pockets Shorts High V Waist,https://www.daraz.lk/products/3pack-dopamine-pockets-tennis-skirts-for-women-fitness-skinny-pleated-skirt-outdoors-corset-pockets-shorts-high-v-waist-i593529503.html,2/27/26,FALSE,5,"Really nice skirt. The material is great and the fit is too, true to size. Thank you","Color:Grey1PCS, ප්‍රමාණය:S",0,,,,,
fashion,3Pack Dopamine Pockets Tennis Skirts for Women Fitness Skinny Pleated Skirt Outdoors Corset Pockets Shorts High V Waist,https://www.daraz.lk/products/3pack-dopamine-pockets-tennis-skirts-for-women-fitness-skinny-pleated-skirt-outdoors-corset-pockets-shorts-high-v-waist-i593529503.html,3/2/26,FALSE,5,"Really nice skirt. The material is great and the fit is too, true to size. Thank you","Color:Grey1PCS, ප්‍රමාණය:S",0,,,,,
fashion,3Pack Dopamine Pockets Tennis Skirts for Women Fitness Skinny Pleated Skirt Outdoors Corset Pockets Shorts High V Waist,https://www.daraz.lk/products/3pack-dopamine-pockets-tennis-skirts-for-women-fitness-skinny-pleated-skirt-outdoors-corset-pockets-shorts-high-v-waist-i593529503.html,5/9/26,FALSE,5,"Really nice skirt. The material is great and the fit is too, true to size. Thank you","Color:Grey1PCS, ප්‍රමාණය:S",0,,,,,
fashion,3Pack Dopamine Pockets Tennis Skirts for Women Fitness Skinny Pleated Skirt Outdoors Corset Pockets Shorts High V Waist,https://www.daraz.lk/products/3pack-dopamine-pockets-tennis-skirts-for-women-fitness-skinny-pleated-skirt-outdoors-corset-pockets-shorts-high-v-waist-i593529503.html,3/3/26,FALSE,5,"Really nice skirt. The material is great and the fit is too, true to size. Thank you","Color:Grey1PCS, ප්‍රමාණය:S",0,,,,,
fashion,3Pack Dopamine Pockets Tennis Skirts for Women Fitness Skinny Pleated Skirt Outdoors Corset Pockets Shorts High V Waist,https://www.daraz.lk/products/3pack-dopamine-pockets-tennis-skirts-for-women-fitness-skinny-pleated-skirt-outdoors-corset-pockets-shorts-high-v-waist-i593529503.html,3/2/26,FALSE,5,"Very nice skirt, just as described","Color:Grey1PCS, ප්‍රමාණය:S",0,,,,,
fashion,3Pack Dopamine Pockets Tennis Skirts for Women Fitness Skinny Pleated Skirt Outdoors Corset Pockets Shorts High V Waist,https://www.daraz.lk/products/3pack-dopamine-pockets-tennis-skirts-for-women-fitness-skinny-pleated-skirt-outdoors-corset-pockets-shorts-high-v-waist-i593529503.html,2/27/26,FALSE,5,"Very nice skirt, just as described","Color:Grey1PCS, ප්‍රමාණය:S",0,,,,,
fashion,3Pack Dopamine Pockets Tennis Skirts for Women Fitness Skinny Pleated Skirt Outdoors Corset Pockets Shorts High V Waist,https://www.daraz.lk/products/3pack-dopamine-pockets-tennis-skirts-for-women-fitness-skinny-pleated-skirt-outdoors-corset-pockets-shorts-high-v-waist-i593529503.html,3/1/26,FALSE,5,"Very nice skirt, just as described","Color:Grey1PCS, ප්‍රමාණය:S",0,,,,,
fashion,3Pack Dopamine Pockets Tennis Skirts for Women Fitness Skinny Pleated Skirt Outdoors Corset Pockets Shorts High V Waist,https://www.daraz.lk/products/3pack-dopamine-pockets-tennis-skirts-for-women-fitness-skinny-pleated-skirt-outdoors-corset-pockets-shorts-high-v-waist-i593529503.html,3/3/26,FALSE,5,"Very nice skirt, just as described","Color:Grey1PCS, ප්‍රමාණය:S",0,,,,,
fashion,3Pack Dopamine Pockets Tennis Skirts for Women Fitness Skinny Pleated Skirt Outdoors Corset Pockets Shorts High V Waist,https://www.daraz.lk/products/3pack-dopamine-pockets-tennis-skirts-for-women-fitness-skinny-pleated-skirt-outdoors-corset-pockets-shorts-high-v-waist-i593529503.html,5/9/26,FALSE,5,"Very nice skirt, just as described","Color:Grey1PCS, ප්‍රමාණය:S",0,,,,,
fashion,Ladies Casual Frocks Women's Dresses,https://www.daraz.lk/products/ladies-casual-frocks-womens-dresses-i290916716.html,11/2/25,TRUE,5,"very disappointed, not good as displayed, material is not good and it does not match with the material that the seller displayed. Please do not cheat people by displaying one and sending different. quality is very low. we are spending money on this. Please give the good one to the customers.","Color Family:Black, Size:Int:L",1,,,,,
fashion,Ladies Casual Frocks Women's Dresses,https://www.daraz.lk/products/ladies-casual-frocks-womens-dresses-i290916716.html,4/2/26,TRUE,5,Mama Oder karapu aduma nemei awe .photo eke aduma thamai mata oni .mama feeding karana amma kenek,"Color Family:Light blue, Size:Int:4XL",0,,,,,
fashion,Ladies Casual Frocks Women's Dresses,https://www.daraz.lk/products/ladies-casual-frocks-womens-dresses-i290916716.html,8/26/25,TRUE,5,"A very nice frock. Ug you have white colour I hope to order, in the he same size. Thanks","Color Family:Light blue, Size:Int:XXXL",0,,,,,
fashion,Ladies Casual Frocks Women's Dresses,https://www.daraz.lk/products/ladies-casual-frocks-womens-dresses-i290916716.html,1/27/26,TRUE,5,me gauma hoda nh patath venas epa gnn,"Color Family:Light blue, Size:Int:5XL",1,,,,,
fashion,Ladies Casual Frocks Women's Dresses,https://www.daraz.lk/products/ladies-casual-frocks-womens-dresses-i290916716.html,11/20/25,TRUE,5,Quality Frock. Highly recommended,"Color Family:Light blue, Size:Int:XL",0,,,,,
fashion,Ladies Casual Frocks Women's Dresses,https://www.daraz.lk/products/ladies-casual-frocks-womens-dresses-i290916716.html,7/29/25,TRUE,5,හරිම ලස්සනයි  ඇගට පහසුයි,"Color Family:Light blue, Size:Int:XXL",0,,,,,
fashion,Ladies Casual Frocks Women's Dresses,https://www.daraz.lk/products/ladies-casual-frocks-womens-dresses-i290916716.html,12/3/25,TRUE,5,Not nice need to return,"Color Family:Black, Size:Int:XL",1,,,,,
fashion,Ladies Casual Frocks Women's Dresses,https://www.daraz.lk/products/ladies-casual-frocks-womens-dresses-i290916716.html,1/26/26,TRUE,5,Nice,"Color Family:Black, Size:Int:4XL",0,,,,,
fashion,Ladies Casual Frocks Women's Dresses,https://www.daraz.lk/products/ladies-casual-frocks-womens-dresses-i290916716.html,4/4/26,TRUE,5,good,"Color Family:Light blue, Size:Int:L",0,,,,,
fashion,Ladies Casual Frocks Women's Dresses,https://www.daraz.lk/products/ladies-casual-frocks-womens-dresses-i290916716.html,8/26/25,TRUE,5,nice,"Color Family:Light blue, Size:Int:L",0,,,,,
fashion,Ladies Casual Frocks Women's Dresses,https://www.daraz.lk/products/ladies-casual-frocks-womens-dresses-i290916716.html,12/8/25,TRUE,2,Material is not good uneven collar and bad finishing,"Color Family:Light blue, Size:Int:XXL",1,,,,,
fashion,"Casual Frocks for Women - Summer Season, High Quality Fabric, Stylish square neck and elegant 3/4 sleeves, Available in Dark blue Color",https://www.daraz.lk/products/casual-frocks-for-women-summer-season-high-quality-fabric-stylish-square-neck-and-elegant-34-sleeves-available-in-dark-blue-color-i215913331.html,10/26/25,TRUE,5,"good morning, your produced is good.","Color Family:Dark blue, Size:Int:L",1,,,,,
fashion,"Casual Frocks for Women - Summer Season, High Quality Fabric, Stylish square neck and elegant 3/4 sleeves, Available in Dark blue Color",https://www.daraz.lk/products/casual-frocks-for-women-summer-season-high-quality-fabric-stylish-square-neck-and-elegant-34-sleeves-available-in-dark-blue-color-i215913331.html,5/1/26,TRUE,5,ydizuzxoovcofroufofoyfoycixdjxixi,"Color Family:Dark blue, Size:Int:5XL",0,,,,,
fashion,"Casual Frocks for Women - Summer Season, High Quality Fabric, Stylish square neck and elegant 3/4 sleeves, Available in Dark blue Color",https://www.daraz.lk/products/casual-frocks-for-women-summer-season-high-quality-fabric-stylish-square-neck-and-elegant-34-sleeves-available-in-dark-blue-color-i215913331.html,7/22/24,TRUE,5,"Lovely colour n fabric, good for office wear","Color Family:Dark blue, Size:Int:4XL",0,,,,,
fashion,"Casual Frocks for Women - Summer Season, High Quality Fabric, Stylish square neck and elegant 3/4 sleeves, Available in Dark blue Color",https://www.daraz.lk/products/casual-frocks-for-women-summer-season-high-quality-fabric-stylish-square-neck-and-elegant-34-sleeves-available-in-dark-blue-color-i215913331.html,3/30/25,TRUE,5,"I was very happy. It was just as I expected. It seemed like I had saved a little money, but I was happy.","Color Family:Dark blue, Size:Int:L",0,,,,,
fashion,"Casual Frocks for Women - Summer Season, High Quality Fabric, Stylish square neck and elegant 3/4 sleeves, Available in Dark blue Color",https://www.daraz.lk/products/casual-frocks-for-women-summer-season-high-quality-fabric-stylish-square-neck-and-elegant-34-sleeves-available-in-dark-blue-color-i215913331.html,11/24/25,TRUE,5,received in good condition but took almost one week so sad about that,"Color Family:Dark blue, Size:Int:5XL",0,,,,,
fashion,"Casual Frocks for Women - Summer Season, High Quality Fabric, Stylish square neck and elegant 3/4 sleeves, Available in Dark blue Color",https://www.daraz.lk/products/casual-frocks-for-women-summer-season-high-quality-fabric-stylish-square-neck-and-elegant-34-sleeves-available-in-dark-blue-color-i215913331.html,1/19/25,TRUE,5,Kisima quality ekak naha. Gatta mudalata kisima watinakamk naha.,"Color Family:Dark blue, Size:Int:XXL",2,,,,,
fashion,"Casual Frocks for Women - Summer Season, High Quality Fabric, Stylish square neck and elegant 3/4 sleeves, Available in Dark blue Color",https://www.daraz.lk/products/casual-frocks-for-women-summer-season-high-quality-fabric-stylish-square-neck-and-elegant-34-sleeves-available-in-dark-blue-color-i215913331.html,11/17/24,TRUE,5,ගෙදරටම ගෙනාව. කියපු ඒකමයි ආවේ. සෙලෙර් අයියත් පට්ට හොදයි 👍👍👍👍,"වර්ණ කාණ්ඩය:තද නිල්, ප්‍රමාණය:Int:3XL",1,,,,,
fashion,"Casual Frocks for Women - Summer Season, High Quality Fabric, Stylish square neck and elegant 3/4 sleeves, Available in Dark blue Color",https://www.daraz.lk/products/casual-frocks-for-women-summer-season-high-quality-fabric-stylish-square-neck-and-elegant-34-sleeves-available-in-dark-blue-color-i215913331.html,5/9/25,TRUE,5,excellent and super i love it and like it nice delivery,"Color Family:Dark blue, Size:Int:L",0,,,,,
fashion,"Casual Frocks for Women - Summer Season, High Quality Fabric, Stylish square neck and elegant 3/4 sleeves, Available in Dark blue Color",https://www.daraz.lk/products/casual-frocks-for-women-summer-season-high-quality-fabric-stylish-square-neck-and-elegant-34-sleeves-available-in-dark-blue-color-i215913331.html,5/26/25,TRUE,5,"I like this frock ❤️
it's simple and beautiful ❤️❤️","Color Family:Dark blue, Size:Int:6XL",0,,,,,
fashion,"Casual Frocks for Women - Summer Season, High Quality Fabric, Stylish square neck and elegant 3/4 sleeves, Available in Dark blue Color",https://www.daraz.lk/products/casual-frocks-for-women-summer-season-high-quality-fabric-stylish-square-neck-and-elegant-34-sleeves-available-in-dark-blue-color-i215913331.html,11/29/24,TRUE,5,kisima කොලිටි ekak na. ganna epa. aparade salli,"Color Family:Dark blue, Size:Int:4XL",0,,,,,
fashion,"Casual Frocks for Women - Summer Season, High Quality Fabric, Stylish square neck and elegant 3/4 sleeves, Available in Dark blue Color",https://www.daraz.lk/products/casual-frocks-for-women-summer-season-high-quality-fabric-stylish-square-neck-and-elegant-34-sleeves-available-in-dark-blue-color-i215913331.html,3/20/25,TRUE,5,"nice product ♥️
good guality 
vest material","Color Family:Dark blue, Size:Int:3XL",0,,,,,
fashion,"Casual Frocks for Women - Summer Season, High Quality Fabric, Stylish square neck and elegant 3/4 sleeves, Available in Dark blue Color",https://www.daraz.lk/products/casual-frocks-for-women-summer-season-high-quality-fabric-stylish-square-neck-and-elegant-34-sleeves-available-in-dark-blue-color-i215913331.html,9/28/25,TRUE,5,Good not dress  stiching very bad.,"Color Family:Dark blue, Size:Int:XL",0,,,,,
fashion,"Casual Frocks for Women - Summer Season, High Quality Fabric, Stylish square neck and elegant 3/4 sleeves, Available in Dark blue Color",https://www.daraz.lk/products/casual-frocks-for-women-summer-season-high-quality-fabric-stylish-square-neck-and-elegant-34-sleeves-available-in-dark-blue-color-i215913331.html,12/8/25,TRUE,5,Not satisfied Need to return,"Color Family:Dark blue, Size:Int:XL",0,,,,,
fashion,"Casual Frocks for Women - Summer Season, High Quality Fabric, Stylish square neck and elegant 3/4 sleeves, Available in Dark blue Color",https://www.daraz.lk/products/casual-frocks-for-women-summer-season-high-quality-fabric-stylish-square-neck-and-elegant-34-sleeves-available-in-dark-blue-color-i215913331.html,1/15/25,TRUE,5,"Beautiful dress,  thanks ♥️❤️","Color Family:Dark blue, Size:Int:S",0,,,,,
fashion,"Casual Frocks for Women - Summer Season, High Quality Fabric, Stylish square neck and elegant 3/4 sleeves, Available in Dark blue Color",https://www.daraz.lk/products/casual-frocks-for-women-summer-season-high-quality-fabric-stylish-square-neck-and-elegant-34-sleeves-available-in-dark-blue-color-i215913331.html,5/20/26,TRUE,5,return karanna bahane,"Color Family:Dark blue, Size:Int:XL",0,,,,,
fashion,"Casual Frocks for Women - Summer Season, High Quality Fabric, Stylish square neck and elegant 3/4 sleeves, Available in Dark blue Color",https://www.daraz.lk/products/casual-frocks-for-women-summer-season-high-quality-fabric-stylish-square-neck-and-elegant-34-sleeves-available-in-dark-blue-color-i215913331.html,4/3/26,TRUE,5,good for price,"Color Family:Dark blue, Size:Int:3XL",0,,,,,
fashion,"Casual Frocks for Women - Summer Season, High Quality Fabric, Stylish square neck and elegant 3/4 sleeves, Available in Dark blue Color",https://www.daraz.lk/products/casual-frocks-for-women-summer-season-high-quality-fabric-stylish-square-neck-and-elegant-34-sleeves-available-in-dark-blue-color-i215913331.html,6/6/25,TRUE,5,very nice look,"Color Family:Dark blue, Size:Int:L",0,,,,,
fashion,"Casual Frocks for Women - Summer Season, High Quality Fabric, Stylish square neck and elegant 3/4 sleeves, Available in Dark blue Color",https://www.daraz.lk/products/casual-frocks-for-women-summer-season-high-quality-fabric-stylish-square-neck-and-elegant-34-sleeves-available-in-dark-blue-color-i215913331.html,9/19/24,TRUE,5,no Good dress,"Color Family:Dark blue, Size:Int:M",0,,,,,
fashion,"Casual Frocks for Women - Summer Season, High Quality Fabric, Stylish square neck and elegant 3/4 sleeves, Available in Dark blue Color",https://www.daraz.lk/products/casual-frocks-for-women-summer-season-high-quality-fabric-stylish-square-neck-and-elegant-34-sleeves-available-in-dark-blue-color-i215913331.html,12/26/25,TRUE,4,gauma kotai.,"Color Family:Dark blue, Size:Int:5XL",0,,,,,
fashion,"Casual Frocks for Women - Summer Season, High Quality Fabric, Stylish square neck and elegant 3/4 sleeves, Available in Dark blue Color",https://www.daraz.lk/products/casual-frocks-for-women-summer-season-high-quality-fabric-stylish-square-neck-and-elegant-34-sleeves-available-in-dark-blue-color-i215913331.html,11/22/25,TRUE,5,gammake Tama.,"Color Family:Dark blue, Size:Int:M",0,,,,,
fashion,"Casual Frocks for Women - Summer Season, High Quality Fabric, Stylish square neck and elegant 3/4 sleeves, Available in Dark blue Color",https://www.daraz.lk/products/casual-frocks-for-women-summer-season-high-quality-fabric-stylish-square-neck-and-elegant-34-sleeves-available-in-dark-blue-color-i215913331.html,9/19/24,TRUE,5,මෙලෝ රහක් නැ,"Color Family:Dark blue, Size:Int:XXL",2,,,,,
fashion,"Casual Frocks for Women - Summer Season, High Quality Fabric, Stylish square neck and elegant 3/4 sleeves, Available in Dark blue Color",https://www.daraz.lk/products/casual-frocks-for-women-summer-season-high-quality-fabric-stylish-square-neck-and-elegant-34-sleeves-available-in-dark-blue-color-i215913331.html,11/21/24,TRUE,5,very bad😌,"Color Family:Dark blue, Size:Int:L",0,,,,,
fashion,"Casual Frocks for Women - Summer Season, High Quality Fabric, Stylish square neck and elegant 3/4 sleeves, Available in Dark blue Color",https://www.daraz.lk/products/casual-frocks-for-women-summer-season-high-quality-fabric-stylish-square-neck-and-elegant-34-sleeves-available-in-dark-blue-color-i215913331.html,4/4/25,TRUE,5,good,"Color Family:Dark blue, Size:Int:M",0,,,,,
fashion,"Casual Frocks for Women - Summer Season, High Quality Fabric, Stylish square neck and elegant 3/4 sleeves, Available in Dark blue Color",https://www.daraz.lk/products/casual-frocks-for-women-summer-season-high-quality-fabric-stylish-square-neck-and-elegant-34-sleeves-available-in-dark-blue-color-i215913331.html,12/21/24,TRUE,5,Not bad😐,"Color Family:Dark blue, Size:Int:3XL",0,,,,,
fashion,"Casual Frocks for Women - Summer Season, High Quality Fabric, Stylish square neck and elegant 3/4 sleeves, Available in Dark blue Color",https://www.daraz.lk/products/casual-frocks-for-women-summer-season-high-quality-fabric-stylish-square-neck-and-elegant-34-sleeves-available-in-dark-blue-color-i215913331.html,8/5/25,TRUE,5,Good,"Color Family:Dark blue, Size:Int:S",0,,,,,
fashion,"Casual Frocks for Women - Summer Season, High Quality Fabric, Stylish square neck and elegant 3/4 sleeves, Available in Dark blue Color",https://www.daraz.lk/products/casual-frocks-for-women-summer-season-high-quality-fabric-stylish-square-neck-and-elegant-34-sleeves-available-in-dark-blue-color-i215913331.html,12/21/24,TRUE,5,Not bad😐,"Color Family:Dark blue, Size:Int:XXL",0,,,,,
fashion,"Casual Frocks for Women - Summer Season, High Quality Fabric, Stylish square neck and elegant 3/4 sleeves, Available in Dark blue Color",https://www.daraz.lk/products/casual-frocks-for-women-summer-season-high-quality-fabric-stylish-square-neck-and-elegant-34-sleeves-available-in-dark-blue-color-i215913331.html,6/6/26,TRUE,5,Nice,"Color Family:Dark blue, Size:Int:XXL",0,,,,,
fashion,Women's Striped Dress – Casual & Comfy Everyday Wear,https://www.daraz.lk/products/womens-striped-dress-casual-comfy-everyday-wear-i514338876.html,4/29/26,TRUE,5,"frock eka nm hodai aulk nh me ganata watinwa, eth packin krla tibune nikm bag  ekaka vithrai","Color Family:Green, Size:Int:L",0,,,,,
fashion,Women's Striped Dress – Casual & Comfy Everyday Wear,https://www.daraz.lk/products/womens-striped-dress-casual-comfy-everyday-wear-i514338876.html,4/3/26,TRUE,5,ok.,"Color Family:Green, Size:Int:L",0,,,,,
fashion,Women's Striped Dress – Casual & Comfy Everyday Wear,https://www.daraz.lk/products/womens-striped-dress-casual-comfy-everyday-wear-i514338876.html,7/12/25,TRUE,5,good product.daraz 7.7 sale Found it. It has good quality.🫶🏻😍thank you may fashion,"Color Family:Green, Size:Int:S",0,,,,,
fashion,Women's Striped Dress – Casual & Comfy Everyday Wear,https://www.daraz.lk/products/womens-striped-dress-casual-comfy-everyday-wear-i514338876.html,5/23/26,TRUE,5,fabric is not quality...,"Color Family:Green, Size:Int:L",0,,,,,
fashion,Women's Striped Dress – Casual & Comfy Everyday Wear,https://www.daraz.lk/products/womens-striped-dress-casual-comfy-everyday-wear-i514338876.html,6/20/26,TRUE,5,ලස්සනම ලස්සනයි🥰,"Color Family:Green, Size:Int:XL",0,,,,,
fashion,Women's Striped Dress – Casual & Comfy Everyday Wear,https://www.daraz.lk/products/womens-striped-dress-casual-comfy-everyday-wear-i514338876.html,7/12/25,TRUE,5,worth for price.,"Color Family:Green, Size:Int:L",0,,,,,
fashion,Women's Striped Dress – Casual & Comfy Everyday Wear,https://www.daraz.lk/products/womens-striped-dress-casual-comfy-everyday-wear-i514338876.html,7/12/25,TRUE,5,⭐️⭐️⭐️⭐️⭐️,"Color Family:Green, Size:Int:S",0,,,,,
fashion,"Casual Frocks for Women - Summer Season, High Quality Fabric, Elegant Design, Available in Red Color",https://www.daraz.lk/products/casual-frocks-for-women-summer-season-high-quality-fabric-elegant-design-available-in-red-color-i251896579.html,11/29/24,TRUE,5,not bad 👍,"Color Family:Red, Size:Int:XXL",3,,,,,
fashion,"Casual Frocks for Women - Summer Season, High Quality Fabric, Elegant Design, Available in Red Color",https://www.daraz.lk/products/casual-frocks-for-women-summer-season-high-quality-fabric-elegant-design-available-in-red-color-i251896579.html,8/19/25,TRUE,5,not good,"Color Family:Red, Size:Int:L",0,,,,,
fashion,"Casual Frocks for Women - Summer Season, High Quality Fabric, Elegant Design, Available in Red Color",https://www.daraz.lk/products/casual-frocks-for-women-summer-season-high-quality-fabric-elegant-design-available-in-red-color-i251896579.html,7/15/25,TRUE,5,"This product is really good and useful. The quality is better than I expected for the price. It looks nice, works well, and feels strong. Delivery was fast, and the packaging was also good. I’ve been using it for a few days now with no issues. I’m very satisfied with my purchase.","Color Family:Red, Size:Int:6XL",0,,,,,
fashion,"Casual Frocks for Women - Summer Season, High Quality Fabric, Elegant Design, Available in Red Color",https://www.daraz.lk/products/casual-frocks-for-women-summer-season-high-quality-fabric-elegant-design-available-in-red-color-i251896579.html,12/9/25,TRUE,5,bought 5xl but its not fitting for the bust 42 and its too fit.Not a good finish product,"Color Family:Red, Size:Int:5XL",0,,,,,
fashion,"Casual Frocks for Women - Summer Season, High Quality Fabric, Elegant Design, Available in Red Color",https://www.daraz.lk/products/casual-frocks-for-women-summer-season-high-quality-fabric-elegant-design-available-in-red-color-i251896579.html,5/20/25,TRUE,5,photo eke tiyana vidiyata nam gauma na redi wargayat wenas digat adui,"Color Family:Red, Size:Int:XXXL",0,,,,,
fashion,"Casual Frocks for Women - Summer Season, High Quality Fabric, Elegant Design, Available in Red Color",https://www.daraz.lk/products/casual-frocks-for-women-summer-season-high-quality-fabric-elegant-design-available-in-red-color-i251896579.html,4/3/26,TRUE,5,"THIS gown is very beautiful and useful🥰
THANK YOU SO MUCH ❤️❤️","Color Family:Red, Size:Int:XL",0,,,,,
fashion,"Casual Frocks for Women - Summer Season, High Quality Fabric, Elegant Design, Available in Red Color",https://www.daraz.lk/products/casual-frocks-for-women-summer-season-high-quality-fabric-elegant-design-available-in-red-color-i251896579.html,1/11/25,TRUE,5,no kolti veree baad metiriyal😠😠😠😠,"Color Family:Red, Size:Int:XL",0,,,,,
fashion,"Casual Frocks for Women - Summer Season, High Quality Fabric, Elegant Design, Available in Red Color",https://www.daraz.lk/products/casual-frocks-for-women-summer-season-high-quality-fabric-elegant-design-available-in-red-color-i251896579.html,12/24/24,TRUE,5,very poor Quality. Broken stitches Too Much Thread ends,"Color Family:Red, Size:Int:XL",0,,,,,
fashion,"Casual Frocks for Women - Summer Season, High Quality Fabric, Elegant Design, Available in Red Color",https://www.daraz.lk/products/casual-frocks-for-women-summer-season-high-quality-fabric-elegant-design-available-in-red-color-i251896579.html,5/28/25,TRUE,5,I won't xl place change,"Color Family:Red, Size:Int:M",0,,,,,
fashion,"Casual Frocks for Women - Summer Season, High Quality Fabric, Elegant Design, Available in Red Color",https://www.daraz.lk/products/casual-frocks-for-women-summer-season-high-quality-fabric-elegant-design-available-in-red-color-i251896579.html,1/9/25,TRUE,5,tnx for your oder,"Color Family:Red, Size:Int:XL",0,,,,,
fashion,"Casual Frocks for Women - Summer Season, High Quality Fabric, Elegant Design, Available in Red Color",https://www.daraz.lk/products/casual-frocks-for-women-summer-season-high-quality-fabric-elegant-design-available-in-red-color-i251896579.html,3/22/25,TRUE,5,good product,"Color Family:Red, Size:Int:XL",1,,,,,
fashion,"Casual Frocks for Women - Summer Season, High Quality Fabric, Elegant Design, Available in Red Color",https://www.daraz.lk/products/casual-frocks-for-women-summer-season-high-quality-fabric-elegant-design-available-in-red-color-i251896579.html,5/9/25,TRUE,5,super,"Color Family:Red, Size:Int:XXXL",0,,,,,
fashion,"Casual Frocks for Women - Summer Season, High Quality Fabric, Elegant Design, Available in Red Color",https://www.daraz.lk/products/casual-frocks-for-women-summer-season-high-quality-fabric-elegant-design-available-in-red-color-i251896579.html,4/18/25,TRUE,3,This frock is good. But the quality is not sratisfied but dress is beautiful.,"Color Family:Red, Size:Int:XL",0,,,,,
fashion,"Casual Frocks for Women - Summer Season, High Quality Fabric, Elegant Design, Available in Red Color",https://www.daraz.lk/products/casual-frocks-for-women-summer-season-high-quality-fabric-elegant-design-available-in-red-color-i251896579.html,4/18/25,TRUE,2,its not in picture ... not fit for me.,"Color Family:Red, Size:Int:M",0,,,,,
fashion,"Casual Frocks for Women - Summer Season, High Quality Fabric, Elegant Design, Available in Red Color",https://www.daraz.lk/products/casual-frocks-for-women-summer-season-high-quality-fabric-elegant-design-available-in-red-color-i251896579.html,1/16/25,TRUE,1,"Very very bad 
Item not this is","Color Family:Red, Size:Int:XL",0,,,,,
fashion,"Casual Frocks for Women - Summer Season, High Quality Fabric, Elegant Design, Available in Red Color",https://www.daraz.lk/products/casual-frocks-for-women-summer-season-high-quality-fabric-elegant-design-available-in-red-color-i251896579.html,12/26/24,TRUE,1,is fake this is not quality,"Color Family:Red, Size:Int:XL",0,,,,,
fashion,Women's Casual Frock Masha Material Long Sleeve Knee Length Party and Office Dress Black,https://www.daraz.lk/products/womens-casual-frock-masha-material-long-sleeve-knee-length-party-and-office-dress-black-i261340549.html,1/16/26,TRUE,5,Green ඉල්ලුවේ black ewala තියෙන්නේ 🥲👍,"Color Family:Multi, Size:Int:L",0,,,,,
fashion,Women's Casual Frock Masha Material Long Sleeve Knee Length Party and Office Dress Black,https://www.daraz.lk/products/womens-casual-frock-masha-material-long-sleeve-knee-length-party-and-office-dress-black-i261340549.html,7/8/25,TRUE,5,ගොඩක් ලස්සනයි. හිතුවට වඩා ලස්සනයි ඩිසයින් එක . Size එකත් ගානට 🥰 quality product .best service .fast delivery .,"Color Family:Black, Size:Int:S",0,,,,,
fashion,Women's Casual Frock Masha Material Long Sleeve Knee Length Party and Office Dress Black,https://www.daraz.lk/products/womens-casual-frock-masha-material-long-sleeve-knee-length-party-and-office-dress-black-i261340549.html,4/6/25,TRUE,5,Aduma phoyi eke tynwa wage qualiyy ekata na harima kathai,"Color Family:Black, Size:Int:XXL",5,,,,,
fashion,Women's Casual Frock Masha Material Long Sleeve Knee Length Party and Office Dress Black,https://www.daraz.lk/products/womens-casual-frock-masha-material-long-sleeve-knee-length-party-and-office-dress-black-i261340549.html,9/9/25,TRUE,5,Good product highly recommended for anyone 💗,"Color Family:Black, Size:Int:M",0,,,,,
fashion,Women's Casual Frock Masha Material Long Sleeve Knee Length Party and Office Dress Black,https://www.daraz.lk/products/womens-casual-frock-masha-material-long-sleeve-knee-length-party-and-office-dress-black-i261340549.html,1/9/26,TRUE,5,"nice dress 
Thank you daraz...❤️","Color Family:Neutral, Size:Int:XL",0,,,,,
fashion,Women's Casual Frock Masha Material Long Sleeve Knee Length Party and Office Dress Black,https://www.daraz.lk/products/womens-casual-frock-masha-material-long-sleeve-knee-length-party-and-office-dress-black-i261340549.html,3/18/26,TRUE,5,Nice dress it's so perfect,"Color Family:Black, Size:Int:M",0,,,,,
fashion,Women's Casual Frock Masha Material Long Sleeve Knee Length Party and Office Dress Black,https://www.daraz.lk/products/womens-casual-frock-masha-material-long-sleeve-knee-length-party-and-office-dress-black-i261340549.html,6/20/26,TRUE,1,pena vidiha newe enne meka ganna epa wadkma na bala gawmak😑👍,"Color Family:Neutral, Size:Int:S",0,,,,,
fashion,Pradon Fashion Women Ladies Girls O Neck Short Sleeve Bodycon Casual Office Frock Dress Black White Green Brwon Blue,https://www.daraz.lk/products/pradon-fashion-women-ladies-girls-o-neck-short-sleeve-bodycon-casual-office-frock-dress-black-white-green-brwon-blue-i193577627.html,11/10/23,TRUE,5,👍 GOOD ... GREAT SERVICE AND AFTER SERVICE ...,"Size:Int:XL, Color Family:White",0,,,,,
fashion,Pradon Fashion Women Ladies Girls O Neck Short Sleeve Bodycon Casual Office Frock Dress Black White Green Brwon Blue,https://www.daraz.lk/products/pradon-fashion-women-ladies-girls-o-neck-short-sleeve-bodycon-casual-office-frock-dress-black-white-green-brwon-blue-i193577627.html,1/11/25,TRUE,4,"Fast delivery. Doesn't look like the advertised photos though, there's less shape overall. Not a perfectly bodycon dress.","Size:Int:L, Color Family:Black",0,,,,,
fashion,Pradon Fashion Women Ladies Girls O Neck Short Sleeve Bodycon Casual Office Frock Dress Black White Green Brwon Blue,https://www.daraz.lk/products/pradon-fashion-women-ladies-girls-o-neck-short-sleeve-bodycon-casual-office-frock-dress-black-white-green-brwon-blue-i193577627.html,11/20/23,TRUE,5,GREAT ...,"Size:Int:L, Color Family:Champagne Pink",0,,,,,
fashion,Pradon Fashion Women Ladies Girls O Neck Short Sleeve Bodycon Casual Office Frock Dress Black White Green Brwon Blue,https://www.daraz.lk/products/pradon-fashion-women-ladies-girls-o-neck-short-sleeve-bodycon-casual-office-frock-dress-black-white-green-brwon-blue-i193577627.html,10/2/23,TRUE,5,ගොඩක් ලස්සනයි,"Color Family:Red, Size:Int:M",0,,,,,
fashion,Pradon Fashion Women Ladies Girls O Neck Short Sleeve Bodycon Casual Office Frock Dress Black White Green Brwon Blue,https://www.daraz.lk/products/pradon-fashion-women-ladies-girls-o-neck-short-sleeve-bodycon-casual-office-frock-dress-black-white-green-brwon-blue-i193577627.html,9/12/24,TRUE,5,I ordered a large one but i received a small one.,"Size:Int:L, Color Family:Blue",0,,,,,
fashion,Pradon Fashion Women Ladies Girls O Neck Short Sleeve Bodycon Casual Office Frock Dress Black White Green Brwon Blue,https://www.daraz.lk/products/pradon-fashion-women-ladies-girls-o-neck-short-sleeve-bodycon-casual-office-frock-dress-black-white-green-brwon-blue-i193577627.html,12/22/23,TRUE,5,Photo eke thiynawa wagemai..mt scanche ekakuth ewala thibuna thanks selar best 😍,"Size:Int:XS, Color Family:Black",0,,,,,
fashion,Pradon Fashion Women Ladies Girls O Neck Short Sleeve Bodycon Casual Office Frock Dress Black White Green Brwon Blue,https://www.daraz.lk/products/pradon-fashion-women-ladies-girls-o-neck-short-sleeve-bodycon-casual-office-frock-dress-black-white-green-brwon-blue-i193577627.html,10/11/24,TRUE,5,good quality and very satisfied,"Size:Int:XS, Color Family:Champagne Pink",0,,,,,
fashion,Pradon Fashion Women Ladies Girls O Neck Short Sleeve Bodycon Casual Office Frock Dress Black White Green Brwon Blue,https://www.daraz.lk/products/pradon-fashion-women-ladies-girls-o-neck-short-sleeve-bodycon-casual-office-frock-dress-black-white-green-brwon-blue-i193577627.html,1/16/24,TRUE,4,excellent,"Size:Int:M, Color Family:White",0,,,,,
fashion,Pradon Fashion Women Ladies Girls O Neck Short Sleeve Bodycon Casual Office Frock Dress Black White Green Brwon Blue,https://www.daraz.lk/products/pradon-fashion-women-ladies-girls-o-neck-short-sleeve-bodycon-casual-office-frock-dress-black-white-green-brwon-blue-i193577627.html,9/14/24,TRUE,3,"kisima wadakata nathi gaumak. godak kotai top 1k  wage andama   material  harima  balai   watiyawath  hariyata mahala naha kisima  hadayak naha,aparade  mage salli, higannata dunna  kiyala  hitha hadaganawa ,
 Kisi kanak gannanam epa","Size:Int:L, Color Family:White",0,,,,,
fashion,Pradon Fashion Women Ladies Girls O Neck Short Sleeve Bodycon Casual Office Frock Dress Black White Green Brwon Blue,https://www.daraz.lk/products/pradon-fashion-women-ladies-girls-o-neck-short-sleeve-bodycon-casual-office-frock-dress-black-white-green-brwon-blue-i193577627.html,6/14/24,TRUE,5,it was same same as shown,"Size:Int:L, Color Family:Red",0,,,,,
fashion,Pradon Fashion Women Ladies Girls O Neck Short Sleeve Bodycon Casual Office Frock Dress Black White Green Brwon Blue,https://www.daraz.lk/products/pradon-fashion-women-ladies-girls-o-neck-short-sleeve-bodycon-casual-office-frock-dress-black-white-green-brwon-blue-i193577627.html,10/17/23,TRUE,5,Very beautiful I love it,"Size:Int:S, Color Family:Red",0,,,,,
fashion,Pradon Fashion Women Ladies Girls O Neck Short Sleeve Bodycon Casual Office Frock Dress Black White Green Brwon Blue,https://www.daraz.lk/products/pradon-fashion-women-ladies-girls-o-neck-short-sleeve-bodycon-casual-office-frock-dress-black-white-green-brwon-blue-i193577627.html,10/24/23,TRUE,5,The material is really good and very comfortable too! Worth the price.,"Size:Int:XXL, Color Family:Blue",0,,,,,
fashion,Pradon Fashion Women Ladies Girls O Neck Short Sleeve Bodycon Casual Office Frock Dress Black White Green Brwon Blue,https://www.daraz.lk/products/pradon-fashion-women-ladies-girls-o-neck-short-sleeve-bodycon-casual-office-frock-dress-black-white-green-brwon-blue-i193577627.html,4/19/24,TRUE,3,"Not good, too bad product, material is very bad sweating","Size:Int:S, Color Family:Blue",0,,,,,
fashion,Pradon Fashion Women Ladies Girls O Neck Short Sleeve Bodycon Casual Office Frock Dress Black White Green Brwon Blue,https://www.daraz.lk/products/pradon-fashion-women-ladies-girls-o-neck-short-sleeve-bodycon-casual-office-frock-dress-black-white-green-brwon-blue-i193577627.html,3/16/24,TRUE,3,by the way nice frock,"Size:Int:XS, Color Family:Red",0,,,,,
fashion,Pradon Fashion Women Ladies Girls O Neck Short Sleeve Bodycon Casual Office Frock Dress Black White Green Brwon Blue,https://www.daraz.lk/products/pradon-fashion-women-ladies-girls-o-neck-short-sleeve-bodycon-casual-office-frock-dress-black-white-green-brwon-blue-i193577627.html,1/17/24,TRUE,5,,"Size:Int:L, Color Family:Champagne Pink",0,,,,,
fashion,Pradon Fashion Women Ladies Girls O Neck Short Sleeve Bodycon Casual Office Frock Dress Black White Green Brwon Blue,https://www.daraz.lk/products/pradon-fashion-women-ladies-girls-o-neck-short-sleeve-bodycon-casual-office-frock-dress-black-white-green-brwon-blue-i193577627.html,3/21/24,TRUE,5,,"Size:Int:XXL, Color Family:Champagne Pink",0,,,,,
fashion,Women's Striped Dress – Casual & Comfy Everyday Wear,https://www.daraz.lk/products/womens-striped-dress-casual-comfy-everyday-wear-i514356353.html,12/1/25,TRUE,5,The Frock is beautiful and quality wise also good,"Color Family:Maroon, Size:Int:XL",0,,,,,
fashion,Women's Striped Dress – Casual & Comfy Everyday Wear,https://www.daraz.lk/products/womens-striped-dress-casual-comfy-everyday-wear-i514356353.html,11/21/25,TRUE,5,"good sale offer, I'm really happy, thanks daraz","Color Family:Maroon, Size:Int:XL",0,,,,,
fashion,Women's Striped Dress – Casual & Comfy Everyday Wear,https://www.daraz.lk/products/womens-striped-dress-casual-comfy-everyday-wear-i514356353.html,5/12/26,TRUE,5,Good quality Cartoon,"Color Family:Maroon, Size:Int:M",0,,,,,
fashion,Women's Striped Dress – Casual & Comfy Everyday Wear,https://www.daraz.lk/products/womens-striped-dress-casual-comfy-everyday-wear-i514356353.html,7/14/25,TRUE,5,#WIN,"Color Family:Maroon, Size:Int:S",0,,,,,
fashion,Women's Striped Dress – Casual & Comfy Everyday Wear,https://www.daraz.lk/products/womens-striped-dress-casual-comfy-everyday-wear-i514356353.html,7/17/25,TRUE,5,superb material..thank you daraz...I didn't expect this...because...1102 rs  dress ..material 💯 super,"Color Family:Maroon, Size:Int:XL",0,,,,,
fashion,Women's Striped Dress – Casual & Comfy Everyday Wear,https://www.daraz.lk/products/womens-striped-dress-casual-comfy-everyday-wear-i514356353.html,12/1/25,TRUE,5,Good quality product and i like it too,"Color Family:Maroon, Size:Int:XL",0,,,,,
fashion,Women's Striped Dress – Casual & Comfy Everyday Wear,https://www.daraz.lk/products/womens-striped-dress-casual-comfy-everyday-wear-i514356353.html,1/1/26,TRUE,5,😍recommended,"Color Family:Maroon, Size:Int:L",0,,,,,
fashion,Women's Striped Dress – Casual & Comfy Everyday Wear,https://www.daraz.lk/products/womens-striped-dress-casual-comfy-everyday-wear-i514356353.html,4/9/26,TRUE,5,හොදයි වරදක් නෑ,"Color Family:Maroon, Size:Int:M",0,,,,,
fashion,Women's Striped Dress – Casual & Comfy Everyday Wear,https://www.daraz.lk/products/womens-striped-dress-casual-comfy-everyday-wear-i514356353.html,8/8/25,TRUE,5,good 👍😊,"Color Family:Maroon, Size:Int:XL",0,,,,,
fashion,Women's Striped Dress – Casual & Comfy Everyday Wear,https://www.daraz.lk/products/womens-striped-dress-casual-comfy-everyday-wear-i514356353.html,12/29/25,TRUE,5,හොදයි 😍,"Color Family:Maroon, Size:Int:M",0,,,,,
fashion,Women's Striped Dress – Casual & Comfy Everyday Wear,https://www.daraz.lk/products/womens-striped-dress-casual-comfy-everyday-wear-i514356353.html,12/21/25,TRUE,5,Nice,"Color Family:Maroon, Size:Int:L",0,,,,,
fashion,Women's Striped Dress – Casual & Comfy Everyday Wear,https://www.daraz.lk/products/womens-striped-dress-casual-comfy-everyday-wear-i514356353.html,12/2/25,TRUE,5,good 👍,"වර්ණ කාණ්ඩය:මෙරූන්, ප්‍රමාණය:Int:XL",0,,,,,
fashion,Women's Striped Dress – Casual & Comfy Everyday Wear,https://www.daraz.lk/products/womens-striped-dress-casual-comfy-everyday-wear-i514356353.html,4/26/26,TRUE,5,good,"Color Family:Maroon, Size:Int:M",0,,,,,
fashion,Women's Striped Dress – Casual & Comfy Everyday Wear,https://www.daraz.lk/products/womens-striped-dress-casual-comfy-everyday-wear-i514356353.html,5/11/26,TRUE,1,bad quality,"Color Family:Maroon, Size:Int:M",0,,,,,
fashion,Nessie Black Mock Neck Gather Short Sleeve Bodycon Short Frock,https://www.daraz.lk/products/nessie-black-mock-neck-gather-short-sleeve-bodycon-short-frock-i192744805.html,1/23/24,TRUE,5,satisfied ... material so good,"Size:Int:XS, Color Family:Sand Brown",0,,,,,
fashion,Nessie Black Mock Neck Gather Short Sleeve Bodycon Short Frock,https://www.daraz.lk/products/nessie-black-mock-neck-gather-short-sleeve-bodycon-short-frock-i192744805.html,1/26/24,TRUE,5,Pretty,"Size:Int:S, Color Family:Black",0,,,,,
fashion,Nessie Black Mock Neck Gather Short Sleeve Bodycon Short Frock,https://www.daraz.lk/products/nessie-black-mock-neck-gather-short-sleeve-bodycon-short-frock-i192744805.html,11/10/24,TRUE,5,This red and the dress flow look just gorgeous ❤️ Very comfy and confident. Thank you Seller & Daraz.,"Color Family:Rose Red, Size:Int:XS",0,,,,,
fashion,Nessie Black Mock Neck Gather Short Sleeve Bodycon Short Frock,https://www.daraz.lk/products/nessie-black-mock-neck-gather-short-sleeve-bodycon-short-frock-i192744805.html,7/17/25,TRUE,5,Marama lassni ek😻❤️hithuwatath wad hodat thibba😻❤️material ekath quality😻❤️,"Color Family:Black, Size:Int:L",0,,,,,
fashion,Nessie Black Mock Neck Gather Short Sleeve Bodycon Short Frock,https://www.daraz.lk/products/nessie-black-mock-neck-gather-short-sleeve-bodycon-short-frock-i192744805.html,11/8/24,TRUE,5,GOOD ...,"Color Family:Dark Brown, Size:Int:M",0,,,,,
fashion,Nessie Black Mock Neck Gather Short Sleeve Bodycon Short Frock,https://www.daraz.lk/products/nessie-black-mock-neck-gather-short-sleeve-bodycon-short-frock-i192744805.html,12/22/23,TRUE,5,Frock ek lssni gdk kiypu clr ekm kiypu size ekm ewl thibba thank u so much 🥰❤️,"ප්‍රමාණය:Int:S, වර්ණ කාණ්ඩය:රෝස රතු",0,,,,,
fashion,Nessie Black Mock Neck Gather Short Sleeve Bodycon Short Frock,https://www.daraz.lk/products/nessie-black-mock-neck-gather-short-sleeve-bodycon-short-frock-i192744805.html,12/20/23,TRUE,4,Very beautiful  ❤️😍,"Size:Int:S, Color Family:Sand Brown",0,,,,,
fashion,Nessie Black Mock Neck Gather Short Sleeve Bodycon Short Frock,https://www.daraz.lk/products/nessie-black-mock-neck-gather-short-sleeve-bodycon-short-frock-i192744805.html,11/26/23,TRUE,4,good quality. good finishing #win,"Size:Int:M, Color Family:Light green",0,,,,,
fashion,Nessie Black Mock Neck Gather Short Sleeve Bodycon Short Frock,https://www.daraz.lk/products/nessie-black-mock-neck-gather-short-sleeve-bodycon-short-frock-i192744805.html,11/8/24,TRUE,2,"its too bug for me but, this is not the problem, this is an terrible material this is not rib, thats poliester!!","Color Family:Black, Size:Int:XS",0,,,,,
fashion,Nessie Black Mock Neck Gather Short Sleeve Bodycon Short Frock,https://www.daraz.lk/products/nessie-black-mock-neck-gather-short-sleeve-bodycon-short-frock-i192744805.html,6/28/25,TRUE,5,"it's so sexy 🔥. 
description එකේ දාලා තියෙන quality එකටම තියෙනවා. දාලා තියේන size හාරියට හරි❤️
higher recommend ❤️","Color Family:Black, Size:Int:L",0,,,,,
fashion,Nessie Black Mock Neck Gather Short Sleeve Bodycon Short Frock,https://www.daraz.lk/products/nessie-black-mock-neck-gather-short-sleeve-bodycon-short-frock-i192744805.html,8/3/24,TRUE,5,It’s best quality,"Color Family:Emerald Green, Size:Int:XL",0,,,,,
fashion,Nessie Black Mock Neck Gather Short Sleeve Bodycon Short Frock,https://www.daraz.lk/products/nessie-black-mock-neck-gather-short-sleeve-bodycon-short-frock-i192744805.html,3/15/24,TRUE,4,what I ordered was black but got pink but its fine cause the dress looks pretty :),"Size:Int:XL, Color Family:Black",0,,,,,
fashion,Nessie Black Mock Neck Gather Short Sleeve Bodycon Short Frock,https://www.daraz.lk/products/nessie-black-mock-neck-gather-short-sleeve-bodycon-short-frock-i192744805.html,7/1/24,TRUE,5,Beautiful Product,"Color Family:Beige, Size:Int:M",0,,,,,
fashion,Nessie Black Mock Neck Gather Short Sleeve Bodycon Short Frock,https://www.daraz.lk/products/nessie-black-mock-neck-gather-short-sleeve-bodycon-short-frock-i192744805.html,2/16/24,TRUE,5,"woww.. it's soo beautiful. and soo cutee
Thank youu","Size:Int:L, Color Family:Light green",0,,,,,
fashion,Nessie Black Mock Neck Gather Short Sleeve Bodycon Short Frock,https://www.daraz.lk/products/nessie-black-mock-neck-gather-short-sleeve-bodycon-short-frock-i192744805.html,2/28/24,TRUE,5,wow it's so beautiful dress🤩,"Size:Int:L, Color Family:Maroon",0,,,,,
fashion,Nessie Black Mock Neck Gather Short Sleeve Bodycon Short Frock,https://www.daraz.lk/products/nessie-black-mock-neck-gather-short-sleeve-bodycon-short-frock-i192744805.html,10/12/24,TRUE,5,Very good and beautiful,"Color Family:Rose Red, Size:Int:M",0,,,,,
fashion,Nessie Black Mock Neck Gather Short Sleeve Bodycon Short Frock,https://www.daraz.lk/products/nessie-black-mock-neck-gather-short-sleeve-bodycon-short-frock-i192744805.html,11/6/24,TRUE,5,wow.superb.thankyou,"Color Family:Rose Red, Size:Int:L",0,,,,,
fashion,Nessie Black Mock Neck Gather Short Sleeve Bodycon Short Frock,https://www.daraz.lk/products/nessie-black-mock-neck-gather-short-sleeve-bodycon-short-frock-i192744805.html,2/19/24,TRUE,5,love it ❤️,"Size:Int:XS, Color Family:Dark Brown",0,,,,,
fashion,Nessie Black Mock Neck Gather Short Sleeve Bodycon Short Frock,https://www.daraz.lk/products/nessie-black-mock-neck-gather-short-sleeve-bodycon-short-frock-i192744805.html,9/29/24,TRUE,5,,"Size:Int:S, Color Family:Champagne Pink",0,,,,,
fashion,Nessie Black Mock Neck Gather Short Sleeve Bodycon Short Frock,https://www.daraz.lk/products/nessie-black-mock-neck-gather-short-sleeve-bodycon-short-frock-i192744805.html,1/10/24,TRUE,5,,"Size:Int:M, Color Family:Maroon",0,,,,,
fashion,Nessie Black Mock Neck Gather Short Sleeve Bodycon Short Frock,https://www.daraz.lk/products/nessie-black-mock-neck-gather-short-sleeve-bodycon-short-frock-i192744805.html,2/21/24,TRUE,5,,"Size:Int:M, Color Family:Black",0,,,,,
fashion,Summer Women Casual Sheath Dress Lady Spaghetti Strap Sleeveless Sexy Stretch Slim Dress Vestidos QT030,https://www.daraz.lk/products/summer-women-casual-sheath-dress-lady-spaghetti-strap-sleeveless-sexy-stretch-slim-dress-vestidos-qt030-i242278901.html,11/27/24,FALSE,5,"Identical to pictures. Is fitted (similar to Bodycon) but material is thick and good quality. Shows off curves which is nice. Colour (army green) is gorgeous and suits girlies with caramel-brownish blonde hair. However, if you're a tall girly wouldn't recommend as the product is quite short normally let alone if you are significantly taller than average. I will have to return mine as the fit is perfect but the length is not (I am a tall girly). May try ordering the next size up just to see if it works any better at a later date. No smell to the product, was received undamaged and delivered BEFORE expected date. Amazing service - tall girlies might not suit this specific product though x","Color:army green, ප්‍රමාණය:S",0,,,,,
fashion,Summer Women Casual Sheath Dress Lady Spaghetti Strap Sleeveless Sexy Stretch Slim Dress Vestidos QT030,https://www.daraz.lk/products/summer-women-casual-sheath-dress-lady-spaghetti-strap-sleeveless-sexy-stretch-slim-dress-vestidos-qt030-i242278901.html,11/27/24,FALSE,5,"everything as described and fast shipping. Very soft and stretchable fabric and adapts very well to the body, softer on the outside than the inside, the seams are well done. I got the gray color, beautiful shade without imperfection, it is really short even in the largest size and I am too tall. I tried to put it on and seemed to fit, but it was enough to move a little to have my private parts exposed! :D But as I said, I'm too tall for these clothes, so I can wear it only with leggings or shorts as if it were a long t-shirt. I bought it on offer and it was money well spent.","Color:army green, ප්‍රමාණය:S",0,,,,,
fashion,Summer Women Casual Sheath Dress Lady Spaghetti Strap Sleeveless Sexy Stretch Slim Dress Vestidos QT030,https://www.daraz.lk/products/summer-women-casual-sheath-dress-lady-spaghetti-strap-sleeveless-sexy-stretch-slim-dress-vestidos-qt030-i242278901.html,2/27/26,FALSE,5,"the dress looks exactly like the picture is super soft but it is also extremely thin. it made a little see through, so you may need dark under garments. But over all super comfy. This will be a great choice for those hoy summer days.","Color:army green, ප්‍රමාණය:S",0,,,,,
fashion,Summer Women Casual Sheath Dress Lady Spaghetti Strap Sleeveless Sexy Stretch Slim Dress Vestidos QT030,https://www.daraz.lk/products/summer-women-casual-sheath-dress-lady-spaghetti-strap-sleeveless-sexy-stretch-slim-dress-vestidos-qt030-i242278901.html,11/27/24,FALSE,5,"Quick delivery. As described. It is a lightweight dress that collects all dog hair. Still, I love to wear it because it feels like I'm not wearing anything at all. Get several.","Color:army green, ප්‍රමාණය:S",0,,,,,
fashion,Summer Women Casual Sheath Dress Lady Spaghetti Strap Sleeveless Sexy Stretch Slim Dress Vestidos QT030,https://www.daraz.lk/products/summer-women-casual-sheath-dress-lady-spaghetti-strap-sleeveless-sexy-stretch-slim-dress-vestidos-qt030-i242278901.html,2/27/26,FALSE,5,fit well its realy comfy fast shipment i would buy again might have to  buy some for xmas presents,"Color:army green, ප්‍රමාණය:S",0,,,,,
fashion,Summer Women Casual Sheath Dress Lady Spaghetti Strap Sleeveless Sexy Stretch Slim Dress Vestidos QT030,https://www.daraz.lk/products/summer-women-casual-sheath-dress-lady-spaghetti-strap-sleeveless-sexy-stretch-slim-dress-vestidos-qt030-i242278901.html,3/2/26,FALSE,5,fit well its realy comfy fast shipment i would buy again might have to  buy some for xmas presents,"Color:army green, ප්‍රමාණය:S",1,,,,,
fashion,Summer Women Casual Sheath Dress Lady Spaghetti Strap Sleeveless Sexy Stretch Slim Dress Vestidos QT030,https://www.daraz.lk/products/summer-women-casual-sheath-dress-lady-spaghetti-strap-sleeveless-sexy-stretch-slim-dress-vestidos-qt030-i242278901.html,3/3/26,FALSE,5,"The material is good and gentle touching, size is perfect, this is my repeated order.","Color:army green, ප්‍රමාණය:S",0,,,,,
fashion,Summer Women Casual Sheath Dress Lady Spaghetti Strap Sleeveless Sexy Stretch Slim Dress Vestidos QT030,https://www.daraz.lk/products/summer-women-casual-sheath-dress-lady-spaghetti-strap-sleeveless-sexy-stretch-slim-dress-vestidos-qt030-i242278901.html,2/27/26,FALSE,5,"Great dress for a pregnant woman, too cute. HIGHLY RECOMMENDED. Good seller.","Color:army green, ප්‍රමාණය:S",0,,,,,
fashion,Summer Women Casual Sheath Dress Lady Spaghetti Strap Sleeveless Sexy Stretch Slim Dress Vestidos QT030,https://www.daraz.lk/products/summer-women-casual-sheath-dress-lady-spaghetti-strap-sleeveless-sexy-stretch-slim-dress-vestidos-qt030-i242278901.html,3/3/26,FALSE,5,"Great dress for a pregnant woman, too cute. HIGHLY RECOMMENDED. Good seller.","Color:army green, ප්‍රමාණය:S",0,,,,,
fashion,Summer Women Casual Sheath Dress Lady Spaghetti Strap Sleeveless Sexy Stretch Slim Dress Vestidos QT030,https://www.daraz.lk/products/summer-women-casual-sheath-dress-lady-spaghetti-strap-sleeveless-sexy-stretch-slim-dress-vestidos-qt030-i242278901.html,11/27/24,FALSE,5,ordered a small an it's a little big but can be sized down. Great otherwise,"Color:army green, ප්‍රමාණය:S",0,,,,,
fashion,Summer Women Casual Sheath Dress Lady Spaghetti Strap Sleeveless Sexy Stretch Slim Dress Vestidos QT030,https://www.daraz.lk/products/summer-women-casual-sheath-dress-lady-spaghetti-strap-sleeveless-sexy-stretch-slim-dress-vestidos-qt030-i242278901.html,3/2/26,FALSE,5,"Stretchy and soft material   it's a little small, but it stretches well","Color:army green, ප්‍රමාණය:S",0,,,,,
fashion,Summer Women Casual Sheath Dress Lady Spaghetti Strap Sleeveless Sexy Stretch Slim Dress Vestidos QT030,https://www.daraz.lk/products/summer-women-casual-sheath-dress-lady-spaghetti-strap-sleeveless-sexy-stretch-slim-dress-vestidos-qt030-i242278901.html,11/27/24,FALSE,5,"it was super nice. i just hoped it wasn't see-through, but I love it","Color:army green, ප්‍රමාණය:S",0,,,,,
fashion,Summer Women Casual Sheath Dress Lady Spaghetti Strap Sleeveless Sexy Stretch Slim Dress Vestidos QT030,https://www.daraz.lk/products/summer-women-casual-sheath-dress-lady-spaghetti-strap-sleeveless-sexy-stretch-slim-dress-vestidos-qt030-i242278901.html,2/27/26,FALSE,5,"just like the picture, very pretty and comfortable","Color:army green, ප්‍රමාණය:S",0,,,,,
fashion,Summer Women Casual Sheath Dress Lady Spaghetti Strap Sleeveless Sexy Stretch Slim Dress Vestidos QT030,https://www.daraz.lk/products/summer-women-casual-sheath-dress-lady-spaghetti-strap-sleeveless-sexy-stretch-slim-dress-vestidos-qt030-i242278901.html,3/2/26,FALSE,5,"just like the picture, very pretty and comfortable","Color:army green, ප්‍රමාණය:S",0,,,,,
fashion,Summer Women Casual Sheath Dress Lady Spaghetti Strap Sleeveless Sexy Stretch Slim Dress Vestidos QT030,https://www.daraz.lk/products/summer-women-casual-sheath-dress-lady-spaghetti-strap-sleeveless-sexy-stretch-slim-dress-vestidos-qt030-i242278901.html,3/2/26,FALSE,5,this dress fits perfect i definitely recommend,"Color:army green, ප්‍රමාණය:S",0,,,,,
fashion,Summer Women Casual Sheath Dress Lady Spaghetti Strap Sleeveless Sexy Stretch Slim Dress Vestidos QT030,https://www.daraz.lk/products/summer-women-casual-sheath-dress-lady-spaghetti-strap-sleeveless-sexy-stretch-slim-dress-vestidos-qt030-i242278901.html,3/2/26,FALSE,5,Makes my wife look and feel super sexy,"Color:army green, ප්‍රමාණය:S",0,,,,,
fashion,Summer Women Casual Sheath Dress Lady Spaghetti Strap Sleeveless Sexy Stretch Slim Dress Vestidos QT030,https://www.daraz.lk/products/summer-women-casual-sheath-dress-lady-spaghetti-strap-sleeveless-sexy-stretch-slim-dress-vestidos-qt030-i242278901.html,2/27/26,FALSE,5,Makes my wife look and feel super sexy,"Color:army green, ප්‍රමාණය:S",0,,,,,
fashion,Summer Women Casual Sheath Dress Lady Spaghetti Strap Sleeveless Sexy Stretch Slim Dress Vestidos QT030,https://www.daraz.lk/products/summer-women-casual-sheath-dress-lady-spaghetti-strap-sleeveless-sexy-stretch-slim-dress-vestidos-qt030-i242278901.html,3/3/26,FALSE,5,Makes my wife look and feel super sexy,"Color:army green, ප්‍රමාණය:S",0,,,,,
fashion,Summer Women Casual Sheath Dress Lady Spaghetti Strap Sleeveless Sexy Stretch Slim Dress Vestidos QT030,https://www.daraz.lk/products/summer-women-casual-sheath-dress-lady-spaghetti-strap-sleeveless-sexy-stretch-slim-dress-vestidos-qt030-i242278901.html,3/1/26,FALSE,5,Makes my wife look and feel super sexy,"Color:army green, ප්‍රමාණය:S",0,,,,,
fashion,Summer Women Casual Sheath Dress Lady Spaghetti Strap Sleeveless Sexy Stretch Slim Dress Vestidos QT030,https://www.daraz.lk/products/summer-women-casual-sheath-dress-lady-spaghetti-strap-sleeveless-sexy-stretch-slim-dress-vestidos-qt030-i242278901.html,11/27/24,FALSE,5,Amazing quality for price very comfy,"Color:army green, ප්‍රමාණය:S",0,,,,,
fashion,Summer Women Casual Sheath Dress Lady Spaghetti Strap Sleeveless Sexy Stretch Slim Dress Vestidos QT030,https://www.daraz.lk/products/summer-women-casual-sheath-dress-lady-spaghetti-strap-sleeveless-sexy-stretch-slim-dress-vestidos-qt030-i242278901.html,3/1/26,FALSE,5,fits perfectly and very comfortable.,"Color:army green, ප්‍රමාණය:S",0,,,,,
fashion,Summer Women Casual Sheath Dress Lady Spaghetti Strap Sleeveless Sexy Stretch Slim Dress Vestidos QT030,https://www.daraz.lk/products/summer-women-casual-sheath-dress-lady-spaghetti-strap-sleeveless-sexy-stretch-slim-dress-vestidos-qt030-i242278901.html,2/27/26,FALSE,5,fits perfectly and very comfortable.,"Color:army green, ප්‍රමාණය:S",0,,,,,
fashion,Summer Women Casual Sheath Dress Lady Spaghetti Strap Sleeveless Sexy Stretch Slim Dress Vestidos QT030,https://www.daraz.lk/products/summer-women-casual-sheath-dress-lady-spaghetti-strap-sleeveless-sexy-stretch-slim-dress-vestidos-qt030-i242278901.html,2/27/26,FALSE,5,Outstanding quality and service,"Color:army green, ප්‍රමාණය:S",0,,,,,
fashion,Summer Women Casual Sheath Dress Lady Spaghetti Strap Sleeveless Sexy Stretch Slim Dress Vestidos QT030,https://www.daraz.lk/products/summer-women-casual-sheath-dress-lady-spaghetti-strap-sleeveless-sexy-stretch-slim-dress-vestidos-qt030-i242278901.html,3/3/26,FALSE,5,Outstanding quality and service,"Color:army green, ප්‍රමාණය:S",0,,,,,
fashion,Summer Women Casual Sheath Dress Lady Spaghetti Strap Sleeveless Sexy Stretch Slim Dress Vestidos QT030,https://www.daraz.lk/products/summer-women-casual-sheath-dress-lady-spaghetti-strap-sleeveless-sexy-stretch-slim-dress-vestidos-qt030-i242278901.html,11/26/24,FALSE,5,love it.  but its see through,"Color:army green, ප්‍රමාණය:S",0,,,,,
fashion,Summer Women Casual Sheath Dress Lady Spaghetti Strap Sleeveless Sexy Stretch Slim Dress Vestidos QT030,https://www.daraz.lk/products/summer-women-casual-sheath-dress-lady-spaghetti-strap-sleeveless-sexy-stretch-slim-dress-vestidos-qt030-i242278901.html,2/27/26,FALSE,5,good quality. light. love it,"Color:army green, ප්‍රමාණය:S",0,,,,,
fashion,Summer Women Casual Sheath Dress Lady Spaghetti Strap Sleeveless Sexy Stretch Slim Dress Vestidos QT030,https://www.daraz.lk/products/summer-women-casual-sheath-dress-lady-spaghetti-strap-sleeveless-sexy-stretch-slim-dress-vestidos-qt030-i242278901.html,3/3/26,FALSE,5,good quality. light. love it,"Color:army green, ප්‍රමාණය:S",0,,,,,
fashion,Summer Women Casual Sheath Dress Lady Spaghetti Strap Sleeveless Sexy Stretch Slim Dress Vestidos QT030,https://www.daraz.lk/products/summer-women-casual-sheath-dress-lady-spaghetti-strap-sleeveless-sexy-stretch-slim-dress-vestidos-qt030-i242278901.html,3/1/26,FALSE,5,stylish and comfortable,"Color:army green, ප්‍රමාණය:S",0,,,,,
fashion,Summer Women Casual Sheath Dress Lady Spaghetti Strap Sleeveless Sexy Stretch Slim Dress Vestidos QT030,https://www.daraz.lk/products/summer-women-casual-sheath-dress-lady-spaghetti-strap-sleeveless-sexy-stretch-slim-dress-vestidos-qt030-i242278901.html,3/3/26,FALSE,5,stylish and comfortable,"Color:army green, ප්‍රමාණය:S",0,,,,,
fashion,Summer Women Casual Sheath Dress Lady Spaghetti Strap Sleeveless Sexy Stretch Slim Dress Vestidos QT030,https://www.daraz.lk/products/summer-women-casual-sheath-dress-lady-spaghetti-strap-sleeveless-sexy-stretch-slim-dress-vestidos-qt030-i242278901.html,10/10/24,TRUE,5,Very good product,"Color:black, ප්‍රමාණය:L",1,,,,,
fashion,Summer Women Casual Sheath Dress Lady Spaghetti Strap Sleeveless Sexy Stretch Slim Dress Vestidos QT030,https://www.daraz.lk/products/summer-women-casual-sheath-dress-lady-spaghetti-strap-sleeveless-sexy-stretch-slim-dress-vestidos-qt030-i242278901.html,11/23/25,TRUE,5,best💗,"Color:black, Size:M",0,,,,,
fashion,Summer Women Casual Sheath Dress Lady Spaghetti Strap Sleeveless Sexy Stretch Slim Dress Vestidos QT030,https://www.daraz.lk/products/summer-women-casual-sheath-dress-lady-spaghetti-strap-sleeveless-sexy-stretch-slim-dress-vestidos-qt030-i242278901.html,11/22/25,TRUE,3,good. but compairing product qoulity. price is high. beautiful. i bought this for my wife. she loves it,"Color:army green, Size:M",0,,,,,
fashion,Girls' New Design Coat Frock,https://www.daraz.lk/products/new-design-girls-coat-frock-i192983700.html,11/30/24,TRUE,5,nice perfect colour ✨👍🥰,"Color Family:Maroon, Size:Int:XXL",0,,,,,
fashion,Girls' New Design Coat Frock,https://www.daraz.lk/products/new-design-girls-coat-frock-i192983700.html,11/7/24,TRUE,5,super thank you daraz,"Color Family:Purple, Size:Int:M",0,,,,,
fashion,Girls' New Design Coat Frock,https://www.daraz.lk/products/new-design-girls-coat-frock-i192983700.html,1/13/25,TRUE,5,Colors,"Color Family:Maroon, Size:Int:XL",0,,,,,
fashion,Girls' New Design Coat Frock,https://www.daraz.lk/products/new-design-girls-coat-frock-i192983700.html,3/14/24,TRUE,5,super... size paata dekama hari.thanks youth fashion.. oyalge fashions hema ekakm xxl size danna. mn sure buy krnw.,"Size:Int:XXL, Color Family:Maroon",0,,,,,
fashion,Girls' New Design Coat Frock,https://www.daraz.lk/products/new-design-girls-coat-frock-i192983700.html,1/12/26,TRUE,5,"Good product as i expected..i order pink colour but i got red colour,please attention next time. overrall good item.","Color Family:Pink, Size:Int:L",0,,,,,
fashion,Girls' New Design Coat Frock,https://www.daraz.lk/products/new-design-girls-coat-frock-i192983700.html,1/12/26,TRUE,5,"Good product as i expected..i order pink colour but i got red colour,please attention next time. overrall good item.","Color Family:Pink, Size:Int:L",0,,,,,
fashion,Girls' New Design Coat Frock,https://www.daraz.lk/products/new-design-girls-coat-frock-i192983700.html,12/17/25,TRUE,5,very bad customer service. i asked purple colour. they gave me red colour. cheating.. don't buy..,"Color Family:Purple, Size:Int:M",0,,,,,
fashion,Girls' New Design Coat Frock,https://www.daraz.lk/products/new-design-girls-coat-frock-i192983700.html,4/4/25,TRUE,5,"Nice Size Also Very Good 
fast Delivery 
Thanks Daraz
I really love it  Recommended 
for all","Color Family:Blue, Size:Int:L",0,,,,,
fashion,Girls' New Design Coat Frock,https://www.daraz.lk/products/new-design-girls-coat-frock-i192983700.html,9/7/24,TRUE,4,l don't like this dress nice dress but   colour change delivered,"Color Family:Pink, Size:Int:XL",0,,,,,
fashion,Girls' New Design Coat Frock,https://www.daraz.lk/products/new-design-girls-coat-frock-i192983700.html,1/8/25,TRUE,5,"unexpected this dress 💙 
quick delivery thq so much ✨","Color Family:Pink, Size:Int:XL",0,,,,,
fashion,Girls' New Design Coat Frock,https://www.daraz.lk/products/new-design-girls-coat-frock-i192983700.html,2/26/25,TRUE,5,good product but dress colour different,"Color Family:Purple, Size:Int:M",0,,,,,
fashion,Girls' New Design Coat Frock,https://www.daraz.lk/products/new-design-girls-coat-frock-i192983700.html,2/24/25,TRUE,5,Good Product 👍 Fast Delivery 🚚,"Color Family:Purple, Size:Int:M",0,,,,,
fashion,Girls' New Design Coat Frock,https://www.daraz.lk/products/new-design-girls-coat-frock-i192983700.html,5/22/25,TRUE,5,Good hithuvata vada hudai,"Color Family:Maroon, Size:Int:L",0,,,,,
fashion,Girls' New Design Coat Frock,https://www.daraz.lk/products/new-design-girls-coat-frock-i192983700.html,8/4/24,TRUE,5,Not as picture sizes and colours wrong,"Color Family:Pink, Size:Int:XL",0,,,,,
fashion,Girls' New Design Coat Frock,https://www.daraz.lk/products/new-design-girls-coat-frock-i192983700.html,10/7/24,TRUE,5,nice,"Size:Int:L, Color Family:Pink",0,,,,,
fashion,Girls' New Design Coat Frock,https://www.daraz.lk/products/new-design-girls-coat-frock-i192983700.html,5/22/25,TRUE,5,good,"Color Family:Pink, Size:Int:L",0,,,,,
fashion,Girls' New Design Coat Frock,https://www.daraz.lk/products/new-design-girls-coat-frock-i192983700.html,6/28/24,TRUE,5,The same color not receive from the frock top,"Size:Int:XL, Color Family:Purple",0,,,,,
fashion,Girls' New Design Coat Frock,https://www.daraz.lk/products/new-design-girls-coat-frock-i192983700.html,11/30/24,TRUE,5,good quality and perfect colour 👍✨🥰,"Color Family:Pink, Size:Int:XL",0,,,,,
fashion,Girls' New Design Coat Frock,https://www.daraz.lk/products/new-design-girls-coat-frock-i192983700.html,7/3/24,TRUE,5,super i love it thank you daraz.,"Size:Int:XXL, Color Family:Maroon",0,,,,,
fashion,Girls' New Design Coat Frock,https://www.daraz.lk/products/new-design-girls-coat-frock-i192983700.html,12/12/23,TRUE,4,nice coat frock,"Size:Int:M, Color Family:Maroon",0,,,,,
fashion,Girls' New Design Coat Frock,https://www.daraz.lk/products/new-design-girls-coat-frock-i192983700.html,1/11/25,TRUE,2,"I have ordered purple colour XXL size frock but the seller send me that orange colour XL size frock.
Please send ordered product to buyers","Color Family:Purple, Size:Int:XXL",0,,,,,
fashion,Girls' New Design Coat Frock,https://www.daraz.lk/products/new-design-girls-coat-frock-i192983700.html,12/1/24,TRUE,5,good seller recomended,"Color Family:Yellow, Size:Int:M",0,,,,,
fashion,Girls' New Design Coat Frock,https://www.daraz.lk/products/new-design-girls-coat-frock-i192983700.html,11/24/24,TRUE,2,good quality 😘🤩,"Color Family:Purple, Size:Int:L",0,,,,,
fashion,Girls' New Design Coat Frock,https://www.daraz.lk/products/new-design-girls-coat-frock-i192983700.html,2/27/24,TRUE,1,set madi,"Size:Int:XL, Color Family:Purple",0,,,,,
fashion,"Three quarter Sleeve Round Neck Long Kurta Top Royal Elegance Premium Festive KurtaLuxurious Long Ethnic Wear Series with Intricate Golden Embroidery, Vibrant Color Choices, and Elegant Comfort for Every Celebration.",https://www.daraz.lk/products/three-quarter-sleeve-round-neck-long-kurta-top-royal-elegance-premium-festive-kurtaluxurious-long-ethnic-wear-series-with-intricate-golden-embroidery-vibrant-color-choices-and-elegant-comfort-for-every-celebration-i736695065.html,3/19/26,TRUE,5,I ordered maroon but received pink,"Color Family:Maroon, Size:Int:L",0,,,,,
fashion,"Three quarter Sleeve Round Neck Long Kurta Top Royal Elegance Premium Festive KurtaLuxurious Long Ethnic Wear Series with Intricate Golden Embroidery, Vibrant Color Choices, and Elegant Comfort for Every Celebration.",https://www.daraz.lk/products/three-quarter-sleeve-round-neck-long-kurta-top-royal-elegance-premium-festive-kurtaluxurious-long-ethnic-wear-series-with-intricate-golden-embroidery-vibrant-color-choices-and-elegant-comfort-for-every-celebration-i736695065.html,3/16/26,TRUE,5,Didn’t receive the product yet but mentioned received,"Color Family:Black, Size:Int:3XL",0,,,,,
fashion,Ladies Casual Frocks Women's Dresses,https://www.daraz.lk/products/ladies-casual-frocks-womens-dresses-i248110140.html,8/12/25,TRUE,5,"ගොඩක් ලස්සනයි බය නැතුව ගන්න, ඇත්තටම හොදයි","Color Family:Dark blue, Size:Int:XXXL",0,,,,,
fashion,Ladies Casual Frocks Women's Dresses,https://www.daraz.lk/products/ladies-casual-frocks-womens-dresses-i248110140.html,4/3/25,TRUE,5,This frock is small. and I don't like this colour and material .,"Color Family:Dark blue, Size:Int:XL",0,,,,,
fashion,Ladies Casual Frocks Women's Dresses,https://www.daraz.lk/products/ladies-casual-frocks-womens-dresses-i248110140.html,5/31/25,TRUE,5,very super good quality i love it 😇🫂 Thank you daraz✨😇,"Color Family:Dark blue, Size:Int:L",0,,,,,
fashion,Ladies Casual Frocks Women's Dresses,https://www.daraz.lk/products/ladies-casual-frocks-womens-dresses-i248110140.html,6/22/25,TRUE,5,this is cheating size not fit 😒,"Color Family:Dark blue, Size:Int:5XL",0,,,,,
fashion,Ladies Casual Frocks Women's Dresses,https://www.daraz.lk/products/ladies-casual-frocks-womens-dresses-i248110140.html,11/26/24,TRUE,5,ගන්න එපා මේක material එක වෙනස්,"Color Family:Dark blue, Size:Int:M",0,,,,,
fashion,Ladies Casual Frocks Women's Dresses,https://www.daraz.lk/products/ladies-casual-frocks-womens-dresses-i248110140.html,8/29/25,TRUE,5,එක මරුවට තියෙනව බය නැතුව ගන්න,"Color Family:Yellow, Size:Int:M",0,,,,,
fashion,Ladies Casual Frocks Women's Dresses,https://www.daraz.lk/products/ladies-casual-frocks-womens-dresses-i248110140.html,10/27/24,TRUE,5,ලස්සනට තිබ්බා බය නැතුව ගන්න,"Color Family:Dark blue, Size:Int:XL",0,,,,,
fashion,Ladies Casual Frocks Women's Dresses,https://www.daraz.lk/products/ladies-casual-frocks-womens-dresses-i248110140.html,12/8/24,TRUE,5,not like in the picture,"Color Family:Dark blue, Size:Int:XXL",0,,,,,
fashion,Ladies Casual Frocks Women's Dresses,https://www.daraz.lk/products/ladies-casual-frocks-womens-dresses-i248110140.html,7/30/25,TRUE,5,good,"Color Family:Dark blue, Size:Int:XL",0,,,,,
fashion,Ladies Casual Frocks Women's Dresses,https://www.daraz.lk/products/ladies-casual-frocks-womens-dresses-i248110140.html,8/29/25,TRUE,5,super,"වර්ණ කාණ්ඩය:කහ, ප්‍රමාණය:Int:S",0,,,,,
fashion,Ladies Casual Frocks Women's Dresses,https://www.daraz.lk/products/ladies-casual-frocks-womens-dresses-i248110140.html,7/15/25,TRUE,5,Good one,"Color Family:Dark blue, Size:Int:L",0,,,,,
fashion,Ladies Casual Frocks Women's Dresses,https://www.daraz.lk/products/ladies-casual-frocks-womens-dresses-i248110140.html,5/10/25,TRUE,5,Good one.,"Color Family:Dark blue, Size:Int:XXL",0,,,,,
fashion,Ladies Casual Frocks Women's Dresses,https://www.daraz.lk/products/ladies-casual-frocks-womens-dresses-i248110140.html,11/4/24,TRUE,3,The product is not the same as the photo.material is good nice design too but  many sewing mistakes on the frock and delivery partner asking me to come and get package far away from my home and some delivery partners  me asking to come to their home,"Color Family:Dark blue, Size:Int:M",0,,,,,
fashion,Ladies Casual Frocks Women's Dresses,https://www.daraz.lk/products/ladies-casual-frocks-womens-dresses-i248110140.html,7/15/25,TRUE,1,This is not readymade dress.,"Color Family:Dark blue, Size:Int:L",0,,,,,
fashion,Ladies Casual Frocks/Women's Dresses,https://www.daraz.lk/products/ladies-casual-frockswomens-dresses-i201399475.html,4/26/26,TRUE,5,Good quality…. And worth for its price,"Color Family:Black, Size:Int:M",0,,,,,
fashion,Ladies Casual Frocks/Women's Dresses,https://www.daraz.lk/products/ladies-casual-frockswomens-dresses-i201399475.html,4/24/24,TRUE,5,"Beautiful frock as in description. Comfortable meterial. Thanks, seller and Daraz.","Color Family:Black, Size:Int:XXL",0,,,,,
fashion,Ladies Casual Frocks/Women's Dresses,https://www.daraz.lk/products/ladies-casual-frockswomens-dresses-i201399475.html,7/22/24,TRUE,5,Nice frock go office wear,"Color Family:Black, Size:Int:4XL",0,,,,,
fashion,Ladies Casual Frocks/Women's Dresses,https://www.daraz.lk/products/ladies-casual-frockswomens-dresses-i201399475.html,7/4/24,TRUE,5,Best quality product,"Color Family:Black, Size:Int:3XL",0,,,,,
fashion,Ladies Casual Frocks/Women's Dresses,https://www.daraz.lk/products/ladies-casual-frockswomens-dresses-i201399475.html,6/18/24,TRUE,3,I' m not satisfied,"Color Family:Black, Size:Int:M",1,,,,,
fashion,Ladies Casual Frocks/Women's Dresses,https://www.daraz.lk/products/ladies-casual-frockswomens-dresses-i201399475.html,7/22/24,TRUE,5,Nice frock go office wear,"Color Family:Black, Size:Int:4XL",0,,,,,
fashion,Ladies Casual Frocks/Women's Dresses,https://www.daraz.lk/products/ladies-casual-frockswomens-dresses-i201399475.html,7/4/24,TRUE,5,Best quality product,"Color Family:Black, Size:Int:3XL",0,,,,,
fashion,Ladies Casual Frocks/Women's Dresses,https://www.daraz.lk/products/ladies-casual-frockswomens-dresses-i201399475.html,6/18/24,TRUE,3,I' m not satisfied,"Color Family:Black, Size:Int:M",1,,,,,
fashion,Ladies Casual Frocks/Women's Dresses,https://www.daraz.lk/products/ladies-casual-frockswomens-dresses-i201399475.html,2/27/26,TRUE,5,"Not soooo quality material, poor finishing, just casual","Color Family:Black, Size:Int:XL",0,,,,,
fashion,Ladies Casual Frocks/Women's Dresses,https://www.daraz.lk/products/ladies-casual-frockswomens-dresses-i201399475.html,2/3/25,TRUE,5,"very soft and comfortable🥳
value for the price 👌","Color Family:Black, Size:Int:M",0,,,,,
fashion,Ladies Casual Frocks/Women's Dresses,https://www.daraz.lk/products/ladies-casual-frockswomens-dresses-i201399475.html,11/27/24,TRUE,5,Quality is good but the sizes are bit smaller,"Color Family:Black, Size:Int:5XL",0,,,,,
fashion,Ladies Casual Frocks/Women's Dresses,https://www.daraz.lk/products/ladies-casual-frockswomens-dresses-i201399475.html,4/8/26,TRUE,5,That dress didn’t fit as well as I expected.,"Color Family:Black, Size:Int:XXL",0,,,,,
fashion,Ladies Casual Frocks/Women's Dresses,https://www.daraz.lk/products/ladies-casual-frockswomens-dresses-i201399475.html,2/17/25,TRUE,5,Good quality highly recommended ❤️,"Color Family:Black, Size:Int:L",0,,,,,
fashion,Ladies Casual Frocks/Women's Dresses,https://www.daraz.lk/products/ladies-casual-frockswomens-dresses-i201399475.html,9/17/25,TRUE,5,හොදයි පින්තූරෙ පෙන්වන විදිහටම තියේ,"Color Family:Black, Size:Int:S",0,,,,,
fashion,Ladies Casual Frocks/Women's Dresses,https://www.daraz.lk/products/ladies-casual-frockswomens-dresses-i201399475.html,4/24/25,TRUE,5,beautiful. frock but too large,"Color Family:Black, Size:Int:XXL",0,,,,,
fashion,Ladies Casual Frocks/Women's Dresses,https://www.daraz.lk/products/ladies-casual-frockswomens-dresses-i201399475.html,4/26/25,TRUE,5,look nice ... good quality,"Color Family:Black, Size:Int:XL",0,,,,,
fashion,Ladies Casual Frocks/Women's Dresses,https://www.daraz.lk/products/ladies-casual-frockswomens-dresses-i201399475.html,12/11/24,TRUE,5,very poor.  its not good.,"Color Family:Black, Size:Int:3XL",0,,,,,
fashion,Ladies Casual Frocks/Women's Dresses,https://www.daraz.lk/products/ladies-casual-frockswomens-dresses-i201399475.html,3/13/25,TRUE,5,value for money,"Color Family:Black, Size:Int:L",0,,,,,
fashion,Ladies Casual Frocks/Women's Dresses,https://www.daraz.lk/products/ladies-casual-frockswomens-dresses-i201399475.html,7/18/24,TRUE,1,Not as advertised in the photo. Disappointed,"Color Family:Black, Size:Int:S",0,,,,,
fashion,Ladies Casual Frocks/Women's Dresses,https://www.daraz.lk/products/ladies-casual-frockswomens-dresses-i201399475.html,11/7/24,TRUE,5,Love it 🖤,"Color Family:Black, Size:Int:XXL",0,,,,,
fashion,Ladies Casual Frocks/Women's Dresses,https://www.daraz.lk/products/ladies-casual-frockswomens-dresses-i201399475.html,11/23/24,TRUE,5,very good,"Color Family:Black, Size:Int:XXL",0,,,,,
fashion,Ladies Casual Frocks/Women's Dresses,https://www.daraz.lk/products/ladies-casual-frockswomens-dresses-i201399475.html,12/21/24,TRUE,5,Good😃,"Color Family:Black, Size:Int:XXL",0,,,,,
fashion,Ladies Casual Frocks/Women's Dresses,https://www.daraz.lk/products/ladies-casual-frockswomens-dresses-i201399475.html,12/5/25,TRUE,5,Good,"Color Family:Black, Size:Int:3XL",0,,,,,
fashion,Ladies Casual Frocks/Women's Dresses,https://www.daraz.lk/products/ladies-casual-frockswomens-dresses-i201399475.html,7/18/25,TRUE,5,good 👍,"Color Family:Black, Size:Int:XL",0,,,,,
fashion,Ladies Casual Frocks/Women's Dresses,https://www.daraz.lk/products/ladies-casual-frockswomens-dresses-i201399475.html,3/5/25,TRUE,4,හොදයි,"වර්ණ කාණ්ඩය:Black, ප්‍රමාණය:Int:XL",1,,,,,
fashion,Ladies Casual Frocks/Women's Dresses,https://www.daraz.lk/products/ladies-casual-frockswomens-dresses-i201399475.html,4/28/26,TRUE,1,"very poor material, not the same product as described. completely waste of money.","Color Family:Black, Size:Int:XXL",0,,,,,
fashion,Women's Summer New Short Sleeved T-shirt Dress Loose Mid Length Over Knee Dress,https://www.daraz.lk/products/womens-summer-new-short-sleeved-t-shirt-dress-loose-mid-length-over-knee-dress-i243436124.html,3/28/26,TRUE,5,"deliver  very fast 
clothe was very  soft , so beautiful  😍 
same as in picture 📸 
thank you daraz 😊","Color Family:GRAY, Size:XL",0,,,,,
fashion,Women's Summer New Short Sleeved T-shirt Dress Loose Mid Length Over Knee Dress,https://www.daraz.lk/products/womens-summer-new-short-sleeved-t-shirt-dress-loose-mid-length-over-knee-dress-i243436124.html,11/27/24,FALSE,5,"Very nice quality, very soft fabric. A little on the small size but I will reorder a larger one. Lovely item","වර්ණ කාණ්ඩය:GRAY, ප්‍රමාණය:XXL",0,,,,,
fashion,Women's Summer New Short Sleeved T-shirt Dress Loose Mid Length Over Knee Dress,https://www.daraz.lk/products/womens-summer-new-short-sleeved-t-shirt-dress-loose-mid-length-over-knee-dress-i243436124.html,11/27/24,FALSE,5,I love the material is so soft and cool you can't feel hot in this material hope everyone does that material for all Cloth 😭😭😭,"වර්ණ කාණ්ඩය:GRAY, ප්‍රමාණය:XXL",0,,,,,
fashion,Women's Summer New Short Sleeved T-shirt Dress Loose Mid Length Over Knee Dress,https://www.daraz.lk/products/womens-summer-new-short-sleeved-t-shirt-dress-loose-mid-length-over-knee-dress-i243436124.html,3/14/25,TRUE,5,product is exactly looks like the advertised item. hand feel is also good. comfortable for everyday wear.,"Color Family:Black, Size:XL",0,,,,,
fashion,Women's Summer New Short Sleeved T-shirt Dress Loose Mid Length Over Knee Dress,https://www.daraz.lk/products/womens-summer-new-short-sleeved-t-shirt-dress-loose-mid-length-over-knee-dress-i243436124.html,11/27/24,FALSE,5,I got the XXL and it's a bit tighter than I'd like. Super cute but size up a few if you want it baggier. 😊,"වර්ණ කාණ්ඩය:GRAY, ප්‍රමාණය:XXL",0,,,,,
fashion,Women's Summer New Short Sleeved T-shirt Dress Loose Mid Length Over Knee Dress,https://www.daraz.lk/products/womens-summer-new-short-sleeved-t-shirt-dress-loose-mid-length-over-knee-dress-i243436124.html,2/27/26,FALSE,5,"True to its size, the quality is absolutely amazing and excellent. Will be ordering more soon","වර්ණ කාණ්ඩය:GRAY, ප්‍රමාණය:XXL",0,,,,,
fashion,Women's Summer New Short Sleeved T-shirt Dress Loose Mid Length Over Knee Dress,https://www.daraz.lk/products/womens-summer-new-short-sleeved-t-shirt-dress-loose-mid-length-over-knee-dress-i243436124.html,3/3/26,FALSE,5,Perfect for lounging around the house. Exactly what I was looking for.,"වර්ණ කාණ්ඩය:GRAY, ප්‍රමාණය:XXL",0,,,,,
fashion,Women's Summer New Short Sleeved T-shirt Dress Loose Mid Length Over Knee Dress,https://www.daraz.lk/products/womens-summer-new-short-sleeved-t-shirt-dress-loose-mid-length-over-knee-dress-i243436124.html,11/27/24,FALSE,5,I use ut as a pj. Love it. 3rd time ordering. Recommend. Thanks.,"වර්ණ කාණ්ඩය:GRAY, ප්‍රමාණය:XXL",0,,,,,
fashion,Women's Summer New Short Sleeved T-shirt Dress Loose Mid Length Over Knee Dress,https://www.daraz.lk/products/womens-summer-new-short-sleeved-t-shirt-dress-loose-mid-length-over-knee-dress-i243436124.html,2/27/26,FALSE,5,love them very cosy and nice length for day or night wear,"වර්ණ කාණ්ඩය:GRAY, ප්‍රමාණය:XXL",0,,,,,
fashion,Women's Summer New Short Sleeved T-shirt Dress Loose Mid Length Over Knee Dress,https://www.daraz.lk/products/womens-summer-new-short-sleeved-t-shirt-dress-loose-mid-length-over-knee-dress-i243436124.html,3/2/26,FALSE,5,love them very cosy and nice length for day or night wear,"වර්ණ කාණ්ඩය:GRAY, ප්‍රමාණය:XXL",0,,,,,
fashion,Women's Summer New Short Sleeved T-shirt Dress Loose Mid Length Over Knee Dress,https://www.daraz.lk/products/womens-summer-new-short-sleeved-t-shirt-dress-loose-mid-length-over-knee-dress-i243436124.html,3/26/25,TRUE,5,"not good ,not coliti gowm,man illuwe xl,awe xxl","Color Family:Black, Size:XXL",0,,,,,
fashion,Women's Summer New Short Sleeved T-shirt Dress Loose Mid Length Over Knee Dress,https://www.daraz.lk/products/womens-summer-new-short-sleeved-t-shirt-dress-loose-mid-length-over-knee-dress-i243436124.html,3/2/26,FALSE,5,"very comfortable, and never want to take it off.","වර්ණ කාණ්ඩය:GRAY, ප්‍රමාණය:XXL",0,,,,,
fashion,Women's Summer New Short Sleeved T-shirt Dress Loose Mid Length Over Knee Dress,https://www.daraz.lk/products/womens-summer-new-short-sleeved-t-shirt-dress-loose-mid-length-over-knee-dress-i243436124.html,3/1/26,FALSE,5,"very comfortable, and never want to take it off.","වර්ණ කාණ්ඩය:GRAY, ප්‍රමාණය:XXL",0,,,,,
fashion,Women's Summer New Short Sleeved T-shirt Dress Loose Mid Length Over Knee Dress,https://www.daraz.lk/products/womens-summer-new-short-sleeved-t-shirt-dress-loose-mid-length-over-knee-dress-i243436124.html,3/3/26,FALSE,5,"lovely and soft, wear as a night shirt,love  it","වර්ණ කාණ්ඩය:GRAY, ප්‍රමාණය:XXL",0,,,,,
fashion,Women's Summer New Short Sleeved T-shirt Dress Loose Mid Length Over Knee Dress,https://www.daraz.lk/products/womens-summer-new-short-sleeved-t-shirt-dress-loose-mid-length-over-knee-dress-i243436124.html,3/2/26,FALSE,5,"lovely and soft, wear as a night shirt,love  it","වර්ණ කාණ්ඩය:GRAY, ප්‍රමාණය:XXL",0,,,,,
fashion,Women's Summer New Short Sleeved T-shirt Dress Loose Mid Length Over Knee Dress,https://www.daraz.lk/products/womens-summer-new-short-sleeved-t-shirt-dress-loose-mid-length-over-knee-dress-i243436124.html,3/2/26,FALSE,5,Live the fit.  wish I had ordered both colors.,"වර්ණ කාණ්ඩය:GRAY, ප්‍රමාණය:XXL",0,,,,,
fashion,Women's Summer New Short Sleeved T-shirt Dress Loose Mid Length Over Knee Dress,https://www.daraz.lk/products/womens-summer-new-short-sleeved-t-shirt-dress-loose-mid-length-over-knee-dress-i243436124.html,3/3/26,FALSE,5,Live the fit.  wish I had ordered both colors.,"වර්ණ කාණ්ඩය:GRAY, ප්‍රමාණය:XXL",0,,,,,
fashion,Women's Summer New Short Sleeved T-shirt Dress Loose Mid Length Over Knee Dress,https://www.daraz.lk/products/womens-summer-new-short-sleeved-t-shirt-dress-loose-mid-length-over-knee-dress-i243436124.html,3/2/26,FALSE,5,Small size.but good service.thanks seller.,"වර්ණ කාණ්ඩය:GRAY, ප්‍රමාණය:XXL",0,,,,,
fashion,Women's Summer New Short Sleeved T-shirt Dress Loose Mid Length Over Knee Dress,https://www.daraz.lk/products/womens-summer-new-short-sleeved-t-shirt-dress-loose-mid-length-over-knee-dress-i243436124.html,3/3/26,FALSE,5,"Lovely quality, can't wait to wear them.","වර්ණ කාණ්ඩය:GRAY, ප්‍රමාණය:XXL",0,,,,,
fashion,Women's Summer New Short Sleeved T-shirt Dress Loose Mid Length Over Knee Dress,https://www.daraz.lk/products/womens-summer-new-short-sleeved-t-shirt-dress-loose-mid-length-over-knee-dress-i243436124.html,2/27/26,FALSE,5,"Lovely quality, can't wait to wear them.","වර්ණ කාණ්ඩය:GRAY, ප්‍රමාණය:XXL",0,,,,,
fashion,Women's Summer New Short Sleeved T-shirt Dress Loose Mid Length Over Knee Dress,https://www.daraz.lk/products/womens-summer-new-short-sleeved-t-shirt-dress-loose-mid-length-over-knee-dress-i243436124.html,3/2/26,FALSE,5,"Lovely quality, can't wait to wear them.","වර්ණ කාණ්ඩය:GRAY, ප්‍රමාණය:XXL",0,,,,,
fashion,Women's Summer New Short Sleeved T-shirt Dress Loose Mid Length Over Knee Dress,https://www.daraz.lk/products/womens-summer-new-short-sleeved-t-shirt-dress-loose-mid-length-over-knee-dress-i243436124.html,11/26/24,FALSE,5,Feels very soft and looks good quality.,"වර්ණ කාණ්ඩය:GRAY, ප්‍රමාණය:XXL",0,,,,,
fashion,Women's Summer New Short Sleeved T-shirt Dress Loose Mid Length Over Knee Dress,https://www.daraz.lk/products/womens-summer-new-short-sleeved-t-shirt-dress-loose-mid-length-over-knee-dress-i243436124.html,11/27/24,FALSE,5,Another good fit.  My daughter likes it,"වර්ණ කාණ්ඩය:GRAY, ප්‍රමාණය:XXL",0,,,,,
fashion,Women's Summer New Short Sleeved T-shirt Dress Loose Mid Length Over Knee Dress,https://www.daraz.lk/products/womens-summer-new-short-sleeved-t-shirt-dress-loose-mid-length-over-knee-dress-i243436124.html,1/29/25,TRUE,5,woow nice material and beautiful dress,"Size:XXL, Color Family:Black",0,,,,,
fashion,Women's Summer New Short Sleeved T-shirt Dress Loose Mid Length Over Knee Dress,https://www.daraz.lk/products/womens-summer-new-short-sleeved-t-shirt-dress-loose-mid-length-over-knee-dress-i243436124.html,3/2/26,FALSE,5,This is my new best night gown love it,"වර්ණ කාණ්ඩය:GRAY, ප්‍රමාණය:XXL",0,,,,,
fashion,Women's Summer New Short Sleeved T-shirt Dress Loose Mid Length Over Knee Dress,https://www.daraz.lk/products/womens-summer-new-short-sleeved-t-shirt-dress-loose-mid-length-over-knee-dress-i243436124.html,2/18/26,TRUE,5,"Very nice 
Color and quality is good","Color Family:GRAY, Size:XL",0,,,,,
fashion,Women's Summer New Short Sleeved T-shirt Dress Loose Mid Length Over Knee Dress,https://www.daraz.lk/products/womens-summer-new-short-sleeved-t-shirt-dress-loose-mid-length-over-knee-dress-i243436124.html,2/26/25,TRUE,5,nice meterial satisfied thank you,"Size:Int:XXL, Color Family:Black",0,,,,,
fashion,Women's Summer New Short Sleeved T-shirt Dress Loose Mid Length Over Knee Dress,https://www.daraz.lk/products/womens-summer-new-short-sleeved-t-shirt-dress-loose-mid-length-over-knee-dress-i243436124.html,3/2/26,FALSE,5,Nice and warm well worth the money,"වර්ණ කාණ්ඩය:GRAY, ප්‍රමාණය:XXL",0,,,,,
fashion,Women's Summer New Short Sleeved T-shirt Dress Loose Mid Length Over Knee Dress,https://www.daraz.lk/products/womens-summer-new-short-sleeved-t-shirt-dress-loose-mid-length-over-knee-dress-i243436124.html,2/27/26,FALSE,5,Nice and warm well worth the money,"වර්ණ කාණ්ඩය:GRAY, ප්‍රමාණය:XXL",0,,,,,
fashion,Women's Summer New Short Sleeved T-shirt Dress Loose Mid Length Over Knee Dress,https://www.daraz.lk/products/womens-summer-new-short-sleeved-t-shirt-dress-loose-mid-length-over-knee-dress-i243436124.html,11/26/24,FALSE,5,received. very nice to the body.,"වර්ණ කාණ්ඩය:GRAY, ප්‍රමාණය:XXL",0,,,,,
fashion,Women's Summer New Short Sleeved T-shirt Dress Loose Mid Length Over Knee Dress,https://www.daraz.lk/products/womens-summer-new-short-sleeved-t-shirt-dress-loose-mid-length-over-knee-dress-i243436124.html,11/26/24,FALSE,5,Good size... It fits exactly,"වර්ණ කාණ්ඩය:GRAY, ප්‍රමාණය:XXL",0,,,,,
fashion,Women's Summer New Short Sleeved T-shirt Dress Loose Mid Length Over Knee Dress,https://www.daraz.lk/products/womens-summer-new-short-sleeved-t-shirt-dress-loose-mid-length-over-knee-dress-i243436124.html,3/3/26,FALSE,5,Very good same picture,"වර්ණ කාණ්ඩය:GRAY, ප්‍රමාණය:XXL",0,,,,,
fashion,Women's Summer New Short Sleeved T-shirt Dress Loose Mid Length Over Knee Dress,https://www.daraz.lk/products/womens-summer-new-short-sleeved-t-shirt-dress-loose-mid-length-over-knee-dress-i243436124.html,3/3/26,FALSE,5,this is nice and roomy,"වර්ණ කාණ්ඩය:GRAY, ප්‍රමාණය:XXL",0,,,,,
fashion,Women's Summer New Short Sleeved T-shirt Dress Loose Mid Length Over Knee Dress,https://www.daraz.lk/products/womens-summer-new-short-sleeved-t-shirt-dress-loose-mid-length-over-knee-dress-i243436124.html,3/1/26,FALSE,5,this is nice and roomy,"වර්ණ කාණ්ඩය:GRAY, ප්‍රමාණය:XXL",0,,,,,
fashion,Women's Summer New Short Sleeved T-shirt Dress Loose Mid Length Over Knee Dress,https://www.daraz.lk/products/womens-summer-new-short-sleeved-t-shirt-dress-loose-mid-length-over-knee-dress-i243436124.html,3/2/26,FALSE,5,item.is perfect fit,"වර්ණ කාණ්ඩය:GRAY, ප්‍රමාණය:XXL",0,,,,,
fashion,Women's Summer New Short Sleeved T-shirt Dress Loose Mid Length Over Knee Dress,https://www.daraz.lk/products/womens-summer-new-short-sleeved-t-shirt-dress-loose-mid-length-over-knee-dress-i243436124.html,11/26/24,FALSE,5,Lovely and comfy.,"වර්ණ කාණ්ඩය:GRAY, ප්‍රමාණය:XXL",0,,,,,
fashion,Women's Summer New Short Sleeved T-shirt Dress Loose Mid Length Over Knee Dress,https://www.daraz.lk/products/womens-summer-new-short-sleeved-t-shirt-dress-loose-mid-length-over-knee-dress-i243436124.html,11/26/24,FALSE,5,everything was ok,"වර්ණ කාණ්ඩය:GRAY, ප්‍රමාණය:XXL",0,,,,,
fashion,Women's Summer New Short Sleeved T-shirt Dress Loose Mid Length Over Knee Dress,https://www.daraz.lk/products/womens-summer-new-short-sleeved-t-shirt-dress-loose-mid-length-over-knee-dress-i243436124.html,1/27/25,TRUE,5,So comfortable,"Size:XXL, Color Family:GRAY",0,,,,,
fashion,Women's Summer New Short Sleeved T-shirt Dress Loose Mid Length Over Knee Dress,https://www.daraz.lk/products/womens-summer-new-short-sleeved-t-shirt-dress-loose-mid-length-over-knee-dress-i243436124.html,3/19/25,TRUE,5,good product,"Color Family:GRAY, Size:XL",0,,,,,
fashion,Women's Summer New Short Sleeved T-shirt Dress Loose Mid Length Over Knee Dress,https://www.daraz.lk/products/womens-summer-new-short-sleeved-t-shirt-dress-loose-mid-length-over-knee-dress-i243436124.html,1/22/25,TRUE,5,beautiful,"Size:L, Color Family:Black",0,,,,,
fashion,Women's Summer New Short Sleeved T-shirt Dress Loose Mid Length Over Knee Dress,https://www.daraz.lk/products/womens-summer-new-short-sleeved-t-shirt-dress-loose-mid-length-over-knee-dress-i243436124.html,11/19/25,TRUE,5,perfect,"Color Family:Black, Size:XXL",0,,,,,
fashion,Elegance Celeste Charm Frock,https://www.daraz.lk/products/elegance-celeste-charm-frock-i728763645.html,1/22/26,TRUE,5,"Love it
So beautiful. Recommend others to buy it","Color Family:Red, Size:Int:L",0,,,,,
fashion,Elegance Celeste Charm Frock,https://www.daraz.lk/products/elegance-celeste-charm-frock-i728763645.html,5/30/26,TRUE,5,loooks nice and lovely meterial is not good,"Color Family:Black, Size:Int:M",0,,,,,
fashion,Elegance Celeste Charm Frock,https://www.daraz.lk/products/elegance-celeste-charm-frock-i728763645.html,6/20/26,TRUE,5,photo එකේ තියෙනවා වගේම තියෙනව.,"Color Family:Yellow, Size:Int:S",0,,,,,
fashion,"Women's Solid Long Sleeve Bodycon Dress, Chic Basic Minimalist Causual Fashion Scoop Neck Long Dress, Womenswear",https://www.daraz.lk/products/womens-solid-long-sleeve-bodycon-dress-chic-basic-minimalist-causual-fashion-scoop-neck-long-dress-womenswear-i513077643.html,10/29/25,FALSE,5,"I LOVE,, its doesn't feel like polyester and it is quite warm, the neckline isnt stretchy but the rest of the dress is, very nice, I am 5'3 and its a good lengths however when I walk it rises up which it annoying but its bareable","වර්ණ කාණ්ඩය:Black, ප්‍රමාණය:S",0,,,,,
fashion,"Women's Solid Long Sleeve Bodycon Dress, Chic Basic Minimalist Causual Fashion Scoop Neck Long Dress, Womenswear",https://www.daraz.lk/products/womens-solid-long-sleeve-bodycon-dress-chic-basic-minimalist-causual-fashion-scoop-neck-long-dress-womenswear-i513077643.html,12/9/25,FALSE,5,We really enjoyed this product. This is the product that we were looking forward to receiving this nice product. We were hoping that we could continue to receive such products. Hopefully we get more products. The products that we receive from. You have always been great products thank you very much for the products. Thank you.,"වර්ණ කාණ්ඩය:Black, ප්‍රමාණය:S",0,,,,,
fashion,"Women's Solid Long Sleeve Bodycon Dress, Chic Basic Minimalist Causual Fashion Scoop Neck Long Dress, Womenswear",https://www.daraz.lk/products/womens-solid-long-sleeve-bodycon-dress-chic-basic-minimalist-causual-fashion-scoop-neck-long-dress-womenswear-i513077643.html,10/31/25,FALSE,5,"I LOVE,, its doesn't feel like polyester and it is quite warm, the neckline isnt stretchy but the rest of the dress is, very nice, I am 5'3 and its a good lengths however when I walk it rises up which it annoying but its bareable","වර්ණ කාණ්ඩය:Black, ප්‍රමාණය:S",0,,,,,
fashion,"Women's Solid Long Sleeve Bodycon Dress, Chic Basic Minimalist Causual Fashion Scoop Neck Long Dress, Womenswear",https://www.daraz.lk/products/womens-solid-long-sleeve-bodycon-dress-chic-basic-minimalist-causual-fashion-scoop-neck-long-dress-womenswear-i513077643.html,10/29/25,FALSE,5,"came super fast and it's teaaaa the material is nice and cotton, doesnt feel cheap. i got size medium i'm 5'1 and 130 lbs fits perfect ^_^","වර්ණ කාණ්ඩය:Black, ප්‍රමාණය:S",0,,,,,
fashion,"Women's Solid Long Sleeve Bodycon Dress, Chic Basic Minimalist Causual Fashion Scoop Neck Long Dress, Womenswear",https://www.daraz.lk/products/womens-solid-long-sleeve-bodycon-dress-chic-basic-minimalist-causual-fashion-scoop-neck-long-dress-womenswear-i513077643.html,11/7/25,FALSE,5,"I LOVE,, its doesn't feel like polyester and it is quite warm, the neckline isnt stretchy but the rest of the dress is, very nice, I am 5'3 and its a good lengths however when I walk it rises up which it annoying but its bareable","වර්ණ කාණ්ඩය:Black, ප්‍රමාණය:S",0,,,,,
fashion,"Women's Solid Long Sleeve Bodycon Dress, Chic Basic Minimalist Causual Fashion Scoop Neck Long Dress, Womenswear",https://www.daraz.lk/products/womens-solid-long-sleeve-bodycon-dress-chic-basic-minimalist-causual-fashion-scoop-neck-long-dress-womenswear-i513077643.html,10/29/25,FALSE,5,"Exactly as advertised! Made well without any threads sticking out. Sewing is also prima. Honestly no complaints. It is stretchy too! No need to size up, fits perfectly. I am a M and took a L, the medium would have be perfect but the L is also not a problem.","වර්ණ කාණ්ඩය:Black, ප්‍රමාණය:S",0,,,,,
fashion,"Women's Solid Long Sleeve Bodycon Dress, Chic Basic Minimalist Causual Fashion Scoop Neck Long Dress, Womenswear",https://www.daraz.lk/products/womens-solid-long-sleeve-bodycon-dress-chic-basic-minimalist-causual-fashion-scoop-neck-long-dress-womenswear-i513077643.html,12/9/25,FALSE,5,"came super fast and it's teaaaa the material is nice and cotton, doesnt feel cheap. i got size medium i'm 5'1 and 130 lbs fits perfect ^_^","වර්ණ කාණ්ඩය:Black, ප්‍රමාණය:S",0,,,,,
fashion,"Women's Solid Long Sleeve Bodycon Dress, Chic Basic Minimalist Causual Fashion Scoop Neck Long Dress, Womenswear",https://www.daraz.lk/products/womens-solid-long-sleeve-bodycon-dress-chic-basic-minimalist-causual-fashion-scoop-neck-long-dress-womenswear-i513077643.html,10/5/25,FALSE,5,"Exactly as advertised! Made well without any threads sticking out. Sewing is also prima. Honestly no complaints. It is stretchy too! No need to size up, fits perfectly. I am a M and took a L, the medium would have be perfect but the L is also not a problem.","වර්ණ කාණ්ඩය:Black, ප්‍රමාණය:S",0,,,,,
fashion,"Women's Solid Long Sleeve Bodycon Dress, Chic Basic Minimalist Causual Fashion Scoop Neck Long Dress, Womenswear",https://www.daraz.lk/products/womens-solid-long-sleeve-bodycon-dress-chic-basic-minimalist-causual-fashion-scoop-neck-long-dress-womenswear-i513077643.html,11/7/25,FALSE,5,"Exactly as advertised! Made well without any threads sticking out. Sewing is also prima. Honestly no complaints. It is stretchy too! No need to size up, fits perfectly. I am a M and took a L, the medium would have be perfect but the L is also not a problem.","වර්ණ කාණ්ඩය:Black, ප්‍රමාණය:S",0,,,,,
fashion,"Women's Solid Long Sleeve Bodycon Dress, Chic Basic Minimalist Causual Fashion Scoop Neck Long Dress, Womenswear",https://www.daraz.lk/products/womens-solid-long-sleeve-bodycon-dress-chic-basic-minimalist-causual-fashion-scoop-neck-long-dress-womenswear-i513077643.html,12/9/25,FALSE,5,"I LOVE,, its doesn't feel like polyester and it is quite warm, the neckline isnt stretchy but the rest of the dress is, very nice, I am 5'3 and its a good lengths however when I walk it rises up which it annoying but its bareable","වර්ණ කාණ්ඩය:Black, ප්‍රමාණය:S",0,,,,,
fashion,"Women's Solid Long Sleeve Bodycon Dress, Chic Basic Minimalist Causual Fashion Scoop Neck Long Dress, Womenswear",https://www.daraz.lk/products/womens-solid-long-sleeve-bodycon-dress-chic-basic-minimalist-causual-fashion-scoop-neck-long-dress-womenswear-i513077643.html,10/31/25,FALSE,5,"Exactly as advertised! Made well without any threads sticking out. Sewing is also prima. Honestly no complaints. It is stretchy too! No need to size up, fits perfectly. I am a M and took a L, the medium would have be perfect but the L is also not a problem.","වර්ණ කාණ්ඩය:Black, ප්‍රමාණය:S",0,,,,,
fashion,"Women's Solid Long Sleeve Bodycon Dress, Chic Basic Minimalist Causual Fashion Scoop Neck Long Dress, Womenswear",https://www.daraz.lk/products/womens-solid-long-sleeve-bodycon-dress-chic-basic-minimalist-causual-fashion-scoop-neck-long-dress-womenswear-i513077643.html,10/31/25,FALSE,5,"came super fast and it's teaaaa the material is nice and cotton, doesnt feel cheap. i got size medium i'm 5'1 and 130 lbs fits perfect ^_^","වර්ණ කාණ්ඩය:Black, ප්‍රමාණය:S",0,,,,,
fashion,"Women's Solid Long Sleeve Bodycon Dress, Chic Basic Minimalist Causual Fashion Scoop Neck Long Dress, Womenswear",https://www.daraz.lk/products/womens-solid-long-sleeve-bodycon-dress-chic-basic-minimalist-causual-fashion-scoop-neck-long-dress-womenswear-i513077643.html,11/7/25,FALSE,5,"came super fast and it's teaaaa the material is nice and cotton, doesnt feel cheap. i got size medium i'm 5'1 and 130 lbs fits perfect ^_^","වර්ණ කාණ්ඩය:Black, ප්‍රමාණය:S",0,,,,,
fashion,"Women's Solid Long Sleeve Bodycon Dress, Chic Basic Minimalist Causual Fashion Scoop Neck Long Dress, Womenswear",https://www.daraz.lk/products/womens-solid-long-sleeve-bodycon-dress-chic-basic-minimalist-causual-fashion-scoop-neck-long-dress-womenswear-i513077643.html,5/3/26,TRUE,5,de besttt!! oh my gawddd this is just like a skims 😭🤎 i loove itt!! nice material 🙂‍↔️,"Color Family:Brown, Size:S",0,,,,,
fashion,"Women's Solid Long Sleeve Bodycon Dress, Chic Basic Minimalist Causual Fashion Scoop Neck Long Dress, Womenswear",https://www.daraz.lk/products/womens-solid-long-sleeve-bodycon-dress-chic-basic-minimalist-causual-fashion-scoop-neck-long-dress-womenswear-i513077643.html,12/9/25,FALSE,5,The dress is amazing. I looked at the reviews before buying it. Everything is true.,"වර්ණ කාණ්ඩය:Black, ප්‍රමාණය:S",0,,,,,
fashion,"Women's Solid Long Sleeve Bodycon Dress, Chic Basic Minimalist Causual Fashion Scoop Neck Long Dress, Womenswear",https://www.daraz.lk/products/womens-solid-long-sleeve-bodycon-dress-chic-basic-minimalist-causual-fashion-scoop-neck-long-dress-womenswear-i513077643.html,12/9/25,FALSE,5,The dress is super comfortable I bought in black and red.,"වර්ණ කාණ්ඩය:Black, ප්‍රමාණය:S",0,,,,,
fashion,"Women's Solid Long Sleeve Bodycon Dress, Chic Basic Minimalist Causual Fashion Scoop Neck Long Dress, Womenswear",https://www.daraz.lk/products/womens-solid-long-sleeve-bodycon-dress-chic-basic-minimalist-causual-fashion-scoop-neck-long-dress-womenswear-i513077643.html,11/7/25,FALSE,5,The dress fit as expected and was high quality material.,"වර්ණ කාණ්ඩය:Black, ප්‍රමාණය:S",0,,,,,
fashion,"Women's Solid Long Sleeve Bodycon Dress, Chic Basic Minimalist Causual Fashion Scoop Neck Long Dress, Womenswear",https://www.daraz.lk/products/womens-solid-long-sleeve-bodycon-dress-chic-basic-minimalist-causual-fashion-scoop-neck-long-dress-womenswear-i513077643.html,12/9/25,FALSE,5,The dress fit as expected and was high quality material.,"වර්ණ කාණ්ඩය:Black, ප්‍රමාණය:S",0,,,,,
fashion,"Women's Solid Long Sleeve Bodycon Dress, Chic Basic Minimalist Causual Fashion Scoop Neck Long Dress, Womenswear",https://www.daraz.lk/products/womens-solid-long-sleeve-bodycon-dress-chic-basic-minimalist-causual-fashion-scoop-neck-long-dress-womenswear-i513077643.html,12/9/25,FALSE,5,The dress is super comfortable and nice,"වර්ණ කාණ්ඩය:Black, ප්‍රමාණය:S",0,,,,,
fashion,"Women's Solid Long Sleeve Bodycon Dress, Chic Basic Minimalist Causual Fashion Scoop Neck Long Dress, Womenswear",https://www.daraz.lk/products/womens-solid-long-sleeve-bodycon-dress-chic-basic-minimalist-causual-fashion-scoop-neck-long-dress-womenswear-i513077643.html,12/9/25,FALSE,5,Nice. Fits well for tall people.,"වර්ණ කාණ්ඩය:Black, ප්‍රමාණය:S",0,,,,,
fashion,"Women's Solid Long Sleeve Bodycon Dress, Chic Basic Minimalist Causual Fashion Scoop Neck Long Dress, Womenswear",https://www.daraz.lk/products/womens-solid-long-sleeve-bodycon-dress-chic-basic-minimalist-causual-fashion-scoop-neck-long-dress-womenswear-i513077643.html,10/5/25,FALSE,5,it fits well and comfortable,"වර්ණ කාණ්ඩය:Black, ප්‍රමාණය:S",0,,,,,
fashion,"Women's Solid Long Sleeve Bodycon Dress, Chic Basic Minimalist Causual Fashion Scoop Neck Long Dress, Womenswear",https://www.daraz.lk/products/womens-solid-long-sleeve-bodycon-dress-chic-basic-minimalist-causual-fashion-scoop-neck-long-dress-womenswear-i513077643.html,7/31/25,FALSE,5,it fits well and comfortable,"වර්ණ කාණ්ඩය:Black, ප්‍රමාණය:S",0,,,,,
fashion,"Women's Solid Long Sleeve Bodycon Dress, Chic Basic Minimalist Causual Fashion Scoop Neck Long Dress, Womenswear",https://www.daraz.lk/products/womens-solid-long-sleeve-bodycon-dress-chic-basic-minimalist-causual-fashion-scoop-neck-long-dress-womenswear-i513077643.html,10/29/25,FALSE,5,it fits well and comfortable,"වර්ණ කාණ්ඩය:Black, ප්‍රමාණය:S",0,,,,,
fashion,"Women's Solid Long Sleeve Bodycon Dress, Chic Basic Minimalist Causual Fashion Scoop Neck Long Dress, Womenswear",https://www.daraz.lk/products/womens-solid-long-sleeve-bodycon-dress-chic-basic-minimalist-causual-fashion-scoop-neck-long-dress-womenswear-i513077643.html,10/29/25,FALSE,5,fit perfectly,"වර්ණ කාණ්ඩය:Black, ප්‍රමාණය:S",0,,,,,
fashion,"Women's Solid Long Sleeve Bodycon Dress, Chic Basic Minimalist Causual Fashion Scoop Neck Long Dress, Womenswear",https://www.daraz.lk/products/womens-solid-long-sleeve-bodycon-dress-chic-basic-minimalist-causual-fashion-scoop-neck-long-dress-womenswear-i513077643.html,11/7/25,FALSE,5,fit perfectly,"වර්ණ කාණ්ඩය:Black, ප්‍රමාණය:S",0,,,,,
fashion,"Women's Solid Long Sleeve Bodycon Dress, Chic Basic Minimalist Causual Fashion Scoop Neck Long Dress, Womenswear",https://www.daraz.lk/products/womens-solid-long-sleeve-bodycon-dress-chic-basic-minimalist-causual-fashion-scoop-neck-long-dress-womenswear-i513077643.html,10/31/25,FALSE,5,fit perfectly,"වර්ණ කාණ්ඩය:Black, ප්‍රමාණය:S",0,,,,,
fashion,"Women's Solid Long Sleeve Bodycon Dress, Chic Basic Minimalist Causual Fashion Scoop Neck Long Dress, Womenswear",https://www.daraz.lk/products/womens-solid-long-sleeve-bodycon-dress-chic-basic-minimalist-causual-fashion-scoop-neck-long-dress-womenswear-i513077643.html,12/9/25,FALSE,5,fit perfectly,"වර්ණ කාණ්ඩය:Black, ප්‍රමාණය:S",0,,,,,
fashion,Elegant Bodycon Midi Dress Long Sleeve Solid Color with Round Neck,https://www.daraz.lk/products/elegant-bodycon-midi-dress-long-sleeve-solid-color-with-round-neck-i195065698.html,5/26/25,TRUE,5,"Thank You So much.....
I got my dress.....
🤩✨.......
this dress is very beautiful and I like it🎊🤍","Color Family:Light Ash, Size:Int:XL",0,,,,,
fashion,Elegant Bodycon Midi Dress Long Sleeve Solid Color with Round Neck,https://www.daraz.lk/products/elegant-bodycon-midi-dress-long-sleeve-solid-color-with-round-neck-i195065698.html,1/8/26,TRUE,5,ඇත්තටම හොඳයි...බය නැතුව ඔයාලත් ගන්න...මේ මගේ හතරවෙනි order eka...,"Color Family:Light Ash, Size:Int:L",0,,,,,
fashion,Elegant Bodycon Midi Dress Long Sleeve Solid Color with Round Neck,https://www.daraz.lk/products/elegant-bodycon-midi-dress-long-sleeve-solid-color-with-round-neck-i195065698.html,11/6/25,TRUE,5,I think this is dark blue but super and beautiful,"Color Family:Black, Size:Int:L",0,,,,,
fashion,Elegant Bodycon Midi Dress Long Sleeve Solid Color with Round Neck,https://www.daraz.lk/products/elegant-bodycon-midi-dress-long-sleeve-solid-color-with-round-neck-i195065698.html,5/31/25,TRUE,5,"The dress fits really well 
Tysm 🥰","Color Family:Black, Size:Int:L",0,,,,,
fashion,Elegant Bodycon Midi Dress Long Sleeve Solid Color with Round Neck,https://www.daraz.lk/products/elegant-bodycon-midi-dress-long-sleeve-solid-color-with-round-neck-i195065698.html,2/5/25,TRUE,5,man hithapu mettireal eka newei,"Color Family:Red, Size:Int:XXL",0,,,,,
fashion,Elegant Bodycon Midi Dress Long Sleeve Solid Color with Round Neck,https://www.daraz.lk/products/elegant-bodycon-midi-dress-long-sleeve-solid-color-with-round-neck-i195065698.html,7/18/24,TRUE,5,dress eka marama lassanai 💗 & ganata tibuna...lassna scrunchie ekkuth ewala thibuna 🌸🫶,"Color Family:Champagne Pink, Size:Int:S",0,,,,,
fashion,Elegant Bodycon Midi Dress Long Sleeve Solid Color with Round Neck,https://www.daraz.lk/products/elegant-bodycon-midi-dress-long-sleeve-solid-color-with-round-neck-i195065698.html,4/5/24,TRUE,5,"I really love this 👗
it fit me to soo nicely and delivery is soo fast.
Highly recommended this seller and this product. Thank you.","Color Family:Red, Size:Int:L",0,,,,,
fashion,Elegant Bodycon Midi Dress Long Sleeve Solid Color with Round Neck,https://www.daraz.lk/products/elegant-bodycon-midi-dress-long-sleeve-solid-color-with-round-neck-i195065698.html,8/21/24,TRUE,5,awesome.... lovely dress...,"Color Family:Red, Size:Int:L",0,,,,,
fashion,Elegant Bodycon Midi Dress Long Sleeve Solid Color with Round Neck,https://www.daraz.lk/products/elegant-bodycon-midi-dress-long-sleeve-solid-color-with-round-neck-i195065698.html,12/20/24,TRUE,5,"Beautiful dress, just as the picture. so comfortable to wear and perfect size. Thank you for the matching scrunchie.","Color Family:Black, Size:Int:M",0,,,,,
fashion,Elegant Bodycon Midi Dress Long Sleeve Solid Color with Round Neck,https://www.daraz.lk/products/elegant-bodycon-midi-dress-long-sleeve-solid-color-with-round-neck-i195065698.html,4/3/25,TRUE,5,"delivery is fast overall quality of the product I would say 5 out of 10 

but recommend the seller good for the money paid","Color Family:Light Ash, Size:Int:M",0,,,,,
fashion,Elegant Bodycon Midi Dress Long Sleeve Solid Color with Round Neck,https://www.daraz.lk/products/elegant-bodycon-midi-dress-long-sleeve-solid-color-with-round-neck-i195065698.html,12/16/24,TRUE,5,"Great! Great!... Same as the picture. I really like this dress and scrunchie. Superb🥳.
Thank you very much.","Color Family:Blue, Size:Int:XXL",0,,,,,
fashion,Elegant Bodycon Midi Dress Long Sleeve Solid Color with Round Neck,https://www.daraz.lk/products/elegant-bodycon-midi-dress-long-sleeve-solid-color-with-round-neck-i195065698.html,11/28/25,TRUE,5,"Really impressed! The material is high-quality and the fit is perfect. Plus, I got a free scrunchie! Definitely recommend this seller. Thank you! 💕","Color Family:Black, Size:Int:S",0,,,,,
fashion,Elegant Bodycon Midi Dress Long Sleeve Solid Color with Round Neck,https://www.daraz.lk/products/elegant-bodycon-midi-dress-long-sleeve-solid-color-with-round-neck-i195065698.html,4/4/24,TRUE,5,dress එක ලස්සනයි .හොඳයි ...ඔලුවෙන් හිරයි ටිකක්. overall outfit එක ලස්සනයි .thank you..😍,"Color Family:Yellow, Size:Int:M",0,,,,,
fashion,Elegant Bodycon Midi Dress Long Sleeve Solid Color with Round Neck,https://www.daraz.lk/products/elegant-bodycon-midi-dress-long-sleeve-solid-color-with-round-neck-i195065698.html,1/30/25,TRUE,5,EKA MARAMA LASSANAI ...HODA QUALITY EKAKUTH THIYENAYA..THANK YOU NESSI BLACK AND DARAZ,"Color Family:Champagne Pink, Size:Int:S",0,,,,,
fashion,Elegant Bodycon Midi Dress Long Sleeve Solid Color with Round Neck,https://www.daraz.lk/products/elegant-bodycon-midi-dress-long-sleeve-solid-color-with-round-neck-i195065698.html,11/7/25,TRUE,5,It's amazing. Same color as picture.Price is reasonable.Highly Recommend ❤️ 😍,"Color Family:Yellow, Size:Int:M",0,,,,,
fashion,Elegant Bodycon Midi Dress Long Sleeve Solid Color with Round Neck,https://www.daraz.lk/products/elegant-bodycon-midi-dress-long-sleeve-solid-color-with-round-neck-i195065698.html,12/21/24,TRUE,5,ඒක ගොඩක් ලස්සනයි pic එකේ විදියටම තිබුනා thank you daraz😊❤️,"Color Family:Blue, Size:Int:S",0,,,,,
fashion,Elegant Bodycon Midi Dress Long Sleeve Solid Color with Round Neck,https://www.daraz.lk/products/elegant-bodycon-midi-dress-long-sleeve-solid-color-with-round-neck-i195065698.html,3/31/25,TRUE,5,It's perfect . very comfortable and really beautiful,"Color Family:White, Size:Int:S",0,,,,,
fashion,Elegant Bodycon Midi Dress Long Sleeve Solid Color with Round Neck,https://www.daraz.lk/products/elegant-bodycon-midi-dress-long-sleeve-solid-color-with-round-neck-i195065698.html,12/22/24,TRUE,5,I love it. Good.. same as the picture.  thank you 💕,"Color Family:Blue, Size:Int:XXL",0,,,,,
fashion,Elegant Bodycon Midi Dress Long Sleeve Solid Color with Round Neck,https://www.daraz.lk/products/elegant-bodycon-midi-dress-long-sleeve-solid-color-with-round-neck-i195065698.html,5/25/25,TRUE,5,Good quality and Beautiful item ..Thank you seller..,"Color Family:Blue, Size:Int:S",0,,,,,
fashion,Elegant Bodycon Midi Dress Long Sleeve Solid Color with Round Neck,https://www.daraz.lk/products/elegant-bodycon-midi-dress-long-sleeve-solid-color-with-round-neck-i195065698.html,1/8/26,TRUE,5,wooooow its really nice frock...highly recommended,"Color Family:Blue, Size:Int:XXL",0,,,,,
fashion,Elegant Bodycon Midi Dress Long Sleeve Solid Color with Round Neck,https://www.daraz.lk/products/elegant-bodycon-midi-dress-long-sleeve-solid-color-with-round-neck-i195065698.html,1/22/25,TRUE,5,Really perfect dress thank you so much dr ❤️😍,"Color Family:Red, Size:Int:XS",0,,,,,
fashion,Elegant Bodycon Midi Dress Long Sleeve Solid Color with Round Neck,https://www.daraz.lk/products/elegant-bodycon-midi-dress-long-sleeve-solid-color-with-round-neck-i195065698.html,1/8/26,TRUE,5,"good 
worth the price
highly recommended","Color Family:Yellow, Size:Int:S",0,,,,,
fashion,Elegant Bodycon Midi Dress Long Sleeve Solid Color with Round Neck,https://www.daraz.lk/products/elegant-bodycon-midi-dress-long-sleeve-solid-color-with-round-neck-i195065698.html,2/19/24,TRUE,5,Beautiful dress  ❤️,"Color Family:Champagne Pink, Size:Int:S",0,,,,,
fashion,Elegant Bodycon Midi Dress Long Sleeve Solid Color with Round Neck,https://www.daraz.lk/products/elegant-bodycon-midi-dress-long-sleeve-solid-color-with-round-neck-i195065698.html,11/19/25,TRUE,5,very beautiful,"Color Family:Black, Size:Int:M",0,,,,,
fashion,Elegant Bodycon Midi Dress Long Sleeve Solid Color with Round Neck,https://www.daraz.lk/products/elegant-bodycon-midi-dress-long-sleeve-solid-color-with-round-neck-i195065698.html,10/19/24,TRUE,5,good products,"Color Family:White, Size:Int:M",0,,,,,
fashion,Elegant Bodycon Midi Dress Long Sleeve Solid Color with Round Neck,https://www.daraz.lk/products/elegant-bodycon-midi-dress-long-sleeve-solid-color-with-round-neck-i195065698.html,10/14/25,TRUE,5,Good Product,"Color Family:Black, Size:Int:M",0,,,,,
fashion,Elegant Bodycon Midi Dress Long Sleeve Solid Color with Round Neck,https://www.daraz.lk/products/elegant-bodycon-midi-dress-long-sleeve-solid-color-with-round-neck-i195065698.html,2/8/24,TRUE,5,Superb 👍,"Color Family:Black, Size:Int:M",0,,,,,
fashion,Elegant Bodycon Midi Dress Long Sleeve Solid Color with Round Neck,https://www.daraz.lk/products/elegant-bodycon-midi-dress-long-sleeve-solid-color-with-round-neck-i195065698.html,10/5/24,TRUE,5,good❤️,"Color Family:Black, Size:Int:M",0,,,,,
fashion,Elegant Bodycon Midi Dress Long Sleeve Solid Color with Round Neck,https://www.daraz.lk/products/elegant-bodycon-midi-dress-long-sleeve-solid-color-with-round-neck-i195065698.html,11/16/24,TRUE,5,❤️,"Color Family:Blue, Size:Int:XL",0,,,,,
fashion,Elegant Bodycon Midi Dress Long Sleeve Solid Color with Round Neck,https://www.daraz.lk/products/elegant-bodycon-midi-dress-long-sleeve-solid-color-with-round-neck-i195065698.html,3/30/25,TRUE,5,පට්ට 🥺🥺,"වර්ණ කාණ්ඩය:Black, ප්‍රමාණය:Int:S",0,,,,,
fashion,Elegant Bodycon Midi Dress Long Sleeve Solid Color with Round Neck,https://www.daraz.lk/products/elegant-bodycon-midi-dress-long-sleeve-solid-color-with-round-neck-i195065698.html,11/30/24,TRUE,5,supiri,"Color Family:Black, Size:Int:S",0,,,,,
fashion,Elegant Bodycon Midi Dress Long Sleeve Solid Color with Round Neck,https://www.daraz.lk/products/elegant-bodycon-midi-dress-long-sleeve-solid-color-with-round-neck-i195065698.html,11/24/24,TRUE,5,good,"Color Family:Red, Size:Int:M",0,,,,,
fashion,Elegant Bodycon Midi Dress Long Sleeve Solid Color with Round Neck,https://www.daraz.lk/products/elegant-bodycon-midi-dress-long-sleeve-solid-color-with-round-neck-i195065698.html,12/8/25,TRUE,5,Best,"Color Family:Red, Size:Int:XS",0,,,,,
fashion,Elegant Bodycon Midi Dress Long Sleeve Solid Color with Round Neck,https://www.daraz.lk/products/elegant-bodycon-midi-dress-long-sleeve-solid-color-with-round-neck-i195065698.html,11/30/24,TRUE,5,good,"Color Family:Champagne Pink, Size:Int:L",0,,,,,
fashion,Elegant Bodycon Midi Dress Long Sleeve Solid Color with Round Neck,https://www.daraz.lk/products/elegant-bodycon-midi-dress-long-sleeve-solid-color-with-round-neck-i195065698.html,12/2/24,TRUE,1,"Hi not a nice fit, need to return this.","Color Family:Yellow, Size:Int:L",0,,,,,
fashion,Elegant Bodycon Midi Dress Long Sleeve Solid Color with Round Neck,https://www.daraz.lk/products/elegant-bodycon-midi-dress-long-sleeve-solid-color-with-round-neck-i195065698.html,3/8/24,TRUE,2,,"Color Family:Black, Size:Int:M",0,,,,,
fashion,Ladies Casual Frocks/Women's Dresses,https://www.daraz.lk/products/ladies-casual-frockswomens-dresses-i210967692.html,12/26/24,TRUE,5,"I love this dress; it is really comfortable, but I don’t like the fact that it is see-through.","Color Family:White, Size:Int:XL",1,,,,,
fashion,Ladies Casual Frocks/Women's Dresses,https://www.daraz.lk/products/ladies-casual-frockswomens-dresses-i210967692.html,3/2/26,TRUE,5,very good good product 👌,"Color Family:White, Size:Int:6XL",0,,,,,
fashion,Ladies Casual Frocks/Women's Dresses,https://www.daraz.lk/products/ladies-casual-frockswomens-dresses-i210967692.html,8/13/25,TRUE,5,very good quality...,"Color Family:White, Size:Int:L",0,,,,,
fashion,Ladies Casual Frocks/Women's Dresses,https://www.daraz.lk/products/ladies-casual-frockswomens-dresses-i210967692.html,3/12/25,TRUE,5,not bad,"Color Family:White, Size:Int:XL",0,,,,,
fashion,"Casual Frocks for Women - Summer Wear, Trendy Design, Durable Material, Black & White Color Available",https://www.daraz.lk/products/casual-frocks-for-women-summer-wear-trendy-design-durable-material-black-white-color-available-i225616015.html,9/4/25,TRUE,5,Good one,"Color Family:White, Size:Int:3XL",2,,,,,
fashion,"Casual Frocks for Women - Summer Wear, Trendy Design, Durable Material, Black & White Color Available",https://www.daraz.lk/products/casual-frocks-for-women-summer-wear-trendy-design-durable-material-black-white-color-available-i225616015.html,9/19/25,TRUE,5,its good and very comfortable one . I like it its good in black colour,"Color Family:Black, Size:Int:M",0,,,,,
fashion,"Casual Frocks for Women - Summer Wear, Trendy Design, Durable Material, Black & White Color Available",https://www.daraz.lk/products/casual-frocks-for-women-summer-wear-trendy-design-durable-material-black-white-color-available-i225616015.html,9/2/24,TRUE,5,nidell holl atha.photos vala thibuna tharamata lassana na venas godak,"Color Family:Black, Size:Int:3XL",2,,,,,
fashion,"Casual Frocks for Women - Summer Wear, Trendy Design, Durable Material, Black & White Color Available",https://www.daraz.lk/products/casual-frocks-for-women-summer-wear-trendy-design-durable-material-black-white-color-available-i225616015.html,6/6/26,TRUE,5,ගවුම හොදයි ඇත්තටම ලස්සනයි ❤️,"Color Family:Black, Size:Int:4XL",0,,,,,
fashion,"Casual Frocks for Women - Summer Wear, Trendy Design, Durable Material, Black & White Color Available",https://www.daraz.lk/products/casual-frocks-for-women-summer-wear-trendy-design-durable-material-black-white-color-available-i225616015.html,6/13/26,TRUE,5,Hambunaa.. supiriytm thibba,"Color Family:Black, Size:Int:L",0,,,,,
fashion,"Casual Frocks for Women - Summer Wear, Trendy Design, Durable Material, Black & White Color Available",https://www.daraz.lk/products/casual-frocks-for-women-summer-wear-trendy-design-durable-material-black-white-color-available-i225616015.html,6/6/26,TRUE,5,ගවුම හොදයි ඇත්තටම ලස්සනයි ❤️,"Color Family:Black, Size:Int:4XL",0,,,,,
fashion,"Casual Frocks for Women - Summer Wear, Trendy Design, Durable Material, Black & White Color Available",https://www.daraz.lk/products/casual-frocks-for-women-summer-wear-trendy-design-durable-material-black-white-color-available-i225616015.html,6/13/26,TRUE,5,Hambunaa.. supiriytm thibba,"Color Family:Black, Size:Int:L",0,,,,,
fashion,"Casual Frocks for Women - Summer Wear, Trendy Design, Durable Material, Black & White Color Available",https://www.daraz.lk/products/casual-frocks-for-women-summer-wear-trendy-design-durable-material-black-white-color-available-i225616015.html,1/23/26,TRUE,5,It's very nice,"Color Family:White, Size:Int:3XL",0,,,,,
fashion,"Casual Frocks for Women - Summer Wear, Trendy Design, Durable Material, Black & White Color Available",https://www.daraz.lk/products/casual-frocks-for-women-summer-wear-trendy-design-durable-material-black-white-color-available-i225616015.html,9/12/24,TRUE,5,ලස්සනයි ඇදුම,"Color Family:Black, Size:Int:S",0,,,,,
fashion,"Casual Frocks for Women - Summer Wear, Trendy Design, Durable Material, Black & White Color Available",https://www.daraz.lk/products/casual-frocks-for-women-summer-wear-trendy-design-durable-material-black-white-color-available-i225616015.html,11/27/25,TRUE,5,very good,"Color Family:Black, Size:Int:S",0,,,,,
grocery,Marvel Lady Panty Liners 20 Pcs,https://www.daraz.lk/products/marvel-lady-panty-liners-20-pcs-i100614453.html,6/5/24,TRUE,5,#Win A quality product and safe packaging. Comfortable for skin..Thank you Daraz n Seller..,Pack Size:13-20,1,,,,,
grocery,Marvel Lady Panty Liners 20 Pcs,https://www.daraz.lk/products/marvel-lady-panty-liners-20-pcs-i100614453.html,1/2/24,TRUE,5,thank you so much daraz & the seller.. fast delivery.friendly delivery service. and wish you success...,Pack Size:13-20,0,,,,,
grocery,Marvel Lady Panty Liners 20 Pcs,https://www.daraz.lk/products/marvel-lady-panty-liners-20-pcs-i100614453.html,11/18/24,TRUE,5,"#win 

MARVEL IS BEST ! 

BEST PROUDUCT! 
FAST DELIVERY !
BEST DISCOUNT !
BANK VOUCHERS!  
FREE DELIVERY 🛍️🛒🚚
THANK YOU DARAZ 11:11 
Great Shopping Experience!  I'm satisfied❤️

Use this app for many years now. Great app ! 

DARAZ 11.11 biggest sale of the year is here! Get the biggest savings with nationwide free delivery, mega deals, flash deals and more.

#daraz1111 #daraz",THANK YOU DARAZ 11:11 ,0,,,,,
grocery,Marvel Lady Panty Liners 20 Pcs,https://www.daraz.lk/products/marvel-lady-panty-liners-20-pcs-i100614453.html,2/1/25,TRUE,5,well packed & no any damages. 🤩 quick delivery received my order within three days. 😍 highly recommended.,Pack Size:13-20,1,,,,,
grocery,Marvel Lady Panty Liners 20 Pcs,https://www.daraz.lk/products/marvel-lady-panty-liners-20-pcs-i100614453.html,11/16/25,TRUE,5,"Really satisfied with these sanitary pads. They are super comfortable, provide great absorption, and stay in place throughout the day. No irritation or discomfort. Perfect for daily use during periods. Highly recommend for anyone looking for reliable protection!",Pack Size:13-20,1,,,,,
grocery,Marvel Lady Panty Liners 20 Pcs,https://www.daraz.lk/products/marvel-lady-panty-liners-20-pcs-i100614453.html,11/19/24,TRUE,5,I received my order. Fast delivery. Highly recommend this store. Thankz seller❤️ &  Thankz Daraz 🧡,Pack Size:13-20,0,,,,,
grocery,Marvel Lady Panty Liners 20 Pcs,https://www.daraz.lk/products/marvel-lady-panty-liners-20-pcs-i100614453.html,6/6/26,TRUE,5,#Win Excellent quality product..my 3rd order..Fast delivery service.Thank you Daraz n Seller..,Pack Size:13-20,0,,,,,
grocery,Marvel Lady Panty Liners 20 Pcs,https://www.daraz.lk/products/marvel-lady-panty-liners-20-pcs-i100614453.html,11/17/25,TRUE,5,"එකක් රු 165 මේ ගානටනම් වටිනවා 🥰❤️ 
2028වෙනකන් කල් තියෙනවා බය නැතුව පාවිච්චි කරන්න පුලුවන්❤️🥰",Pack Size:13-20,0,,,,,
grocery,Marvel Lady Panty Liners 20 Pcs,https://www.daraz.lk/products/marvel-lady-panty-liners-20-pcs-i100614453.html,8/6/24,TRUE,5,thank you so much daraz & the seller..good product.good quality and super service friendly delivery service,Pack Size:13-20,0,,,,,
grocery,Marvel Lady Panty Liners 20 Pcs,https://www.daraz.lk/products/marvel-lady-panty-liners-20-pcs-i100614453.html,8/30/24,TRUE,5,I didnt exect it to be this much little..but its really comfortable..no more staining..,Pack Size:13-20,8,,,,,
grocery,Marvel Lady Panty Liners 20 Pcs,https://www.daraz.lk/products/marvel-lady-panty-liners-20-pcs-i100614453.html,12/31/25,TRUE,5,"Really a good product, Worth for the price. Delivered withing 2 days.",Pack Size:13-20,0,,,,,
grocery,Marvel Lady Panty Liners 20 Pcs,https://www.daraz.lk/products/marvel-lady-panty-liners-20-pcs-i100614453.html,2/6/26,TRUE,5,2.2 sale eken gatte 165ta godak hodai exp 2028 baya nathuwa ganna,Pack Size:13-20,0,,,,,
grocery,Marvel Lady Panty Liners 20 Pcs,https://www.daraz.lk/products/marvel-lady-panty-liners-20-pcs-i100614453.html,8/13/24,TRUE,5,"well package and good conditions, good size panty liner's.. thanks Daraz. 🙏🏻❤️❤️",Pack Size:13-20,1,,,,,
grocery,Marvel Lady Panty Liners 20 Pcs,https://www.daraz.lk/products/marvel-lady-panty-liners-20-pcs-i100614453.html,6/16/25,TRUE,5,"I use this daily.  Great. Thank you Daraz

D.S.Liyanage 
Kandy",Pack Size:13-20,0,,,,,
grocery,Marvel Lady Panty Liners 20 Pcs,https://www.daraz.lk/products/marvel-lady-panty-liners-20-pcs-i100614453.html,3/29/25,TRUE,5,"fast delivery
thanks for the free wet tissues
Good product 👌",Pack Size:13-20,0,,,,,
grocery,Marvel Lady Panty Liners 20 Pcs,https://www.daraz.lk/products/marvel-lady-panty-liners-20-pcs-i100614453.html,4/4/26,TRUE,5,ඇත්තටම හොදයි.ගෙවන ගාණට ගොඩක් වටිනවා.පැකින් එකත් සුපර්..👌👌,Pack Size:13-20,0,,,,,
grocery,Marvel Lady Panty Liners 20 Pcs,https://www.daraz.lk/products/marvel-lady-panty-liners-20-pcs-i100614453.html,9/13/25,TRUE,5,past delivery..I really didn't expect I am really happy 😊,Pack Size:13-20,0,,,,,
grocery,Marvel Lady Panty Liners 20 Pcs,https://www.daraz.lk/products/marvel-lady-panty-liners-20-pcs-i100614453.html,4/26/26,TRUE,5,this product is best excellent quality thank you so much.,Pack Size:13-20,0,,,,,
grocery,Marvel Lady Panty Liners 20 Pcs,https://www.daraz.lk/products/marvel-lady-panty-liners-20-pcs-i100614453.html,7/2/24,TRUE,5,thank you so much daraz & the seller for the service that you provide...fast and friendly delivery service..good product. highly recommend,Pack Size:13-20,0,,,,,
grocery,Marvel Lady Panty Liners 20 Pcs,https://www.daraz.lk/products/marvel-lady-panty-liners-20-pcs-i100614453.html,2/6/26,TRUE,5,"best quality product 
fast delivery 
best discount",Pack Size:13-20,0,,,,,
grocery,Marvel Lady Panty Liners 20 Pcs,https://www.daraz.lk/products/marvel-lady-panty-liners-20-pcs-i100614453.html,3/1/25,TRUE,5,"Fast oders Deliver,best product ,highly recommend.",Pack Size:13-20,0,,,,,
grocery,Marvel Lady Panty Liners 20 Pcs,https://www.daraz.lk/products/marvel-lady-panty-liners-20-pcs-i100614453.html,2/7/26,TRUE,5,"I am satisfied, It's really worth the money.",Pack Size:13-20,0,,,,,
grocery,Marvel Lady Panty Liners 20 Pcs,https://www.daraz.lk/products/marvel-lady-panty-liners-20-pcs-i100614453.html,2/11/26,TRUE,5,Best products as always #win 100% satisfied,Pack Size:13-20,0,,,,,
grocery,Marvel Lady Panty Liners 20 Pcs,https://www.daraz.lk/products/marvel-lady-panty-liners-20-pcs-i100614453.html,11/13/24,TRUE,5,Thin& small but good quality low price 👍🏻,Pack Size:13-20,2,,,,,
grocery,Marvel Lady Panty Liners 20 Pcs,https://www.daraz.lk/products/marvel-lady-panty-liners-20-pcs-i100614453.html,3/7/26,TRUE,5,Thanks. Fast delivery and good packaging.,Pack Size:13-20,0,,,,,
grocery,Marvel Lady Panty Liners 20 Pcs,https://www.daraz.lk/products/marvel-lady-panty-liners-20-pcs-i100614453.html,2/8/26,TRUE,5,Good product I like it and fast delivery,Pack Size:13-20,0,,,,,
grocery,Marvel Lady Panty Liners 20 Pcs,https://www.daraz.lk/products/marvel-lady-panty-liners-20-pcs-i100614453.html,11/19/25,TRUE,5,Thank you so much Daraz… good product… 👍,Pack Size:13-20,0,,,,,
grocery,Marvel Lady Panty Liners 20 Pcs,https://www.daraz.lk/products/marvel-lady-panty-liners-20-pcs-i100614453.html,4/11/26,TRUE,5,"good product, good product, good product",Pack Size:13-20,0,,,,,
grocery,Marvel Lady Panty Liners 20 Pcs,https://www.daraz.lk/products/marvel-lady-panty-liners-20-pcs-i100614453.html,4/8/26,TRUE,5,"Thank you seller
Highly Recommended 👌👌",Pack Size:13-20,0,,,,,
grocery,Marvel Lady Panty Liners 20 Pcs,https://www.daraz.lk/products/marvel-lady-panty-liners-20-pcs-i100614453.html,10/12/25,TRUE,5,"fast delivery , and it is best for me.",Pack Size:13-20,0,,,,,
grocery,Marvel Lady Panty Liners 20 Pcs,https://www.daraz.lk/products/marvel-lady-panty-liners-20-pcs-i100614453.html,4/16/26,TRUE,5,bought 2 of them. good for daily using,Pack Size:13-20,0,,,,,
grocery,Marvel Lady Panty Liners 20 Pcs,https://www.daraz.lk/products/marvel-lady-panty-liners-20-pcs-i100614453.html,5/6/26,TRUE,5,Best finds 👌. No issues and damages.,Pack Size:13-20,0,,,,,
grocery,Marvel Lady Panty Liners 20 Pcs,https://www.daraz.lk/products/marvel-lady-panty-liners-20-pcs-i100614453.html,6/20/25,TRUE,5,Good but too thin i think as thia one.,Pack Size:13-20,0,,,,,
grocery,Marvel Lady Panty Liners 20 Pcs,https://www.daraz.lk/products/marvel-lady-panty-liners-20-pcs-i100614453.html,3/5/25,TRUE,5,Fast delivery. Recommended seller. ❤️,Pack Size:13-20,0,,,,,
grocery,Marvel Lady Panty Liners 20 Pcs,https://www.daraz.lk/products/marvel-lady-panty-liners-20-pcs-i100614453.html,2/3/25,TRUE,5,me ganata watinawa.quality eka hodai,Pack Size:13-20,0,,,,,
grocery,Marvel Lady Panty Liners 20 Pcs,https://www.daraz.lk/products/marvel-lady-panty-liners-20-pcs-i100614453.html,11/14/25,TRUE,5,Good quality product. Fast delivery,Pack Size:13-20,0,,,,,
grocery,Marvel Lady Panty Liners 20 Pcs,https://www.daraz.lk/products/marvel-lady-panty-liners-20-pcs-i100614453.html,11/13/25,TRUE,5,Useful and good. Does its purpose,Pack Size:13-20,0,,,,,
grocery,Marvel Lady Panty Liners 20 Pcs,https://www.daraz.lk/products/marvel-lady-panty-liners-20-pcs-i100614453.html,1/12/26,TRUE,5,very nice product thank you daraz,Pack Size:13-20,0,,,,,
grocery,Marvel Lady Panty Liners 20 Pcs,https://www.daraz.lk/products/marvel-lady-panty-liners-20-pcs-i100614453.html,2/20/26,TRUE,5,javahskeksvshsjsjsjsjsjshhhhbbbb,Pack Size:13-20,0,,,,,
grocery,Marvel Lady Panty Liners 20 Pcs,https://www.daraz.lk/products/marvel-lady-panty-liners-20-pcs-i100614453.html,4/30/26,TRUE,5,fast delivery thanks for daraz,Pack Size:13-20,0,,,,,
grocery,Marvel Lady Panty Liners 20 Pcs,https://www.daraz.lk/products/marvel-lady-panty-liners-20-pcs-i100614453.html,11/14/25,TRUE,5,Good product and good price!,Pack Size:13-20,0,,,,,
grocery,Marvel Lady Panty Liners 20 Pcs,https://www.daraz.lk/products/marvel-lady-panty-liners-20-pcs-i100614453.html,9/19/24,TRUE,5,Good quality. Fast deliver,ඇසුරුමෙහි ප්‍රමාණය:13-20,0,,,,,
grocery,Marvel Lady Panty Liners 20 Pcs,https://www.daraz.lk/products/marvel-lady-panty-liners-20-pcs-i100614453.html,12/20/23,TRUE,5,wow..good product 😘 highly recommended on this price........ good delivery service.thank you daraz.....,Pack Size:13-20,0,,,,,
grocery,Marvel Lady Panty Liners 20 Pcs,https://www.daraz.lk/products/marvel-lady-panty-liners-20-pcs-i100614453.html,12/21/25,TRUE,5,Perfect quality,Pack Size:13-20,0,,,,,
grocery,Marvel Lady Panty Liners 20 Pcs,https://www.daraz.lk/products/marvel-lady-panty-liners-20-pcs-i100614453.html,1/20/25,TRUE,5,Good product,Pack Size:13-20,0,,,,,
grocery,Marvel Lady Panty Liners 20 Pcs,https://www.daraz.lk/products/marvel-lady-panty-liners-20-pcs-i100614453.html,4/17/25,TRUE,3,"Delivery and selling is good. But the product is not that much good. It's not soft and not cotton feel surface. I guess it's like polethene or similar material, it's not comfortable.",Pack Size:13-20,0,,,,,
grocery,Marvel Lady Panty Liners 20 Pcs,https://www.daraz.lk/products/marvel-lady-panty-liners-20-pcs-i100614453.html,8/6/24,TRUE,5,Super product 😍,Pack Size:13-20,0,,,,,
grocery,Marvel Lady Panty Liners 20 Pcs,https://www.daraz.lk/products/marvel-lady-panty-liners-20-pcs-i100614453.html,5/27/23,TRUE,5,thank you daraz and the seller .this is my 4th order  fast delivery .looking forward to purchase more 👍,Pack Size:13-20,0,,,,,
grocery,Marvel Lady Panty Liners 20 Pcs,https://www.daraz.lk/products/marvel-lady-panty-liners-20-pcs-i100614453.html,7/6/24,TRUE,5,fast delivery 👍,Pack Size:13-20,0,,,,,
grocery,Marvel Lady Panty Liners 20 Pcs,https://www.daraz.lk/products/marvel-lady-panty-liners-20-pcs-i100614453.html,12/20/23,TRUE,5,"Thank you seller & daraz
#WIN",Pack Size:13-20,0,,,,,
grocery,Marvel Lady Panty Liners 20 Pcs,https://www.daraz.lk/products/marvel-lady-panty-liners-20-pcs-i100614453.html,6/12/24,TRUE,5,Superb service 😍😍,Pack Size:13-20,0,,,,,
grocery,Marvel Lady Panty Liners 20 Pcs,https://www.daraz.lk/products/marvel-lady-panty-liners-20-pcs-i100614453.html,6/12/23,TRUE,5,Well packed and delivered within 2days.. Thanks seller and DARAZ! #WIN,Pack Size:13-20,0,,,,,
grocery,Marvel Lady Panty Liners 20 Pcs,https://www.daraz.lk/products/marvel-lady-panty-liners-20-pcs-i100614453.html,6/20/23,TRUE,5,It is more helpful in maintaining one's cleanliness and health safety.,Pack Size:13-20,0,,,,,
grocery,Marvel Lady Panty Liners 20 Pcs,https://www.daraz.lk/products/marvel-lady-panty-liners-20-pcs-i100614453.html,12/16/23,TRUE,5,Worth the buy #WIN,Pack Size:13-20,0,,,,,
grocery,Marvel Lady Panty Liners 20 Pcs,https://www.daraz.lk/products/marvel-lady-panty-liners-20-pcs-i100614453.html,5/25/24,TRUE,5,good,Pack Size:13-20,0,,,,,
grocery,Marvel Lady Panty Liners 20 Pcs,https://www.daraz.lk/products/marvel-lady-panty-liners-20-pcs-i100614453.html,7/29/23,TRUE,5,Thank you so much daraz and the seller .good service .,Pack Size:13-20,0,,,,,
grocery,Marvel Lady Panty Liners 20 Pcs,https://www.daraz.lk/products/marvel-lady-panty-liners-20-pcs-i100614453.html,5/10/23,TRUE,5,Thank you so much daraz and the seller ..,Pack Size:13-20,0,,,,,
grocery,Marvel Lady Panty Liners 20 Pcs,https://www.daraz.lk/products/marvel-lady-panty-liners-20-pcs-i100614453.html,9/3/23,TRUE,5,thank you & best product,Pack Size:13-20,0,,,,,
grocery,Marvel Lady Panty Liners 20 Pcs,https://www.daraz.lk/products/marvel-lady-panty-liners-20-pcs-i100614453.html,5/27/23,TRUE,5,Awesome product 👌,Pack Size:13-20,1,,,,,
grocery,Marvel Lady Panty Liners 20 Pcs,https://www.daraz.lk/products/marvel-lady-panty-liners-20-pcs-i100614453.html,9/5/22,TRUE,5,This is the second time I have ordered. Order received on time. Thank you so much marvel and daraz.... ❤️,Pack Size:13-20,1,,,,,
grocery,Marvel Lady Panty Liners 20 Pcs,https://www.daraz.lk/products/marvel-lady-panty-liners-20-pcs-i100614453.html,6/11/25,TRUE,5,"#Win My Second Order,,Very Useful..Safe packaging and fast delivery service.. Thank you Daraz n Seller..",Pack Size:13-20,0,,,,,
grocery,Marvel Lady Panty Liners 20 Pcs,https://www.daraz.lk/products/marvel-lady-panty-liners-20-pcs-i100614453.html,4/1/21,TRUE,5,"Thank you guys for another quick delivery this time was more faster then we expect.
its really appreciable.",Pack Size:13-20,0,,,,,
grocery,Marvel Lady Panty Liners 20 Pcs,https://www.daraz.lk/products/marvel-lady-panty-liners-20-pcs-i100614453.html,10/29/24,TRUE,5,service eka nam best. mm hawsa dala pahuwada ude weddi order eka awa. packing ekth hodatm tibba,Pack Size:13-20,0,,,,,
grocery,Marvel Lady Panty Liners 20 Pcs,https://www.daraz.lk/products/marvel-lady-panty-liners-20-pcs-i100614453.html,12/19/24,TRUE,5,"it is a very comfortable liner, easy to change often. I will continue to buy it next time.",Pack Size:13-20,0,,,,,
grocery,Marvel Lady Panty Liners 20 Pcs,https://www.daraz.lk/products/marvel-lady-panty-liners-20-pcs-i100614453.html,12/19/24,TRUE,5,Good one for those with the most sensitive skin. Product received with well wrapping.,Pack Size:13-20,0,,,,,
grocery,Marvel Lady Panty Liners 20 Pcs,https://www.daraz.lk/products/marvel-lady-panty-liners-20-pcs-i100614453.html,2/8/23,TRUE,5,Really very happy.The only one ordered has been sent.Thank you very much...💯,Pack Size:13-20,1,,,,,
grocery,Marvel Lady Panty Liners 20 Pcs,https://www.daraz.lk/products/marvel-lady-panty-liners-20-pcs-i100614453.html,12/11/22,TRUE,5,"Good packing. Fast delivery. I'm really satisfied .😊
 Thank you daraz.👍",Pack Size:13-20,0,,,,,
grocery,Marvel Lady Panty Liners 20 Pcs,https://www.daraz.lk/products/marvel-lady-panty-liners-20-pcs-i100614453.html,8/29/24,TRUE,5,"good product, fast delivery and great customer service  , thank you seller and daraz",Pack Size:13-20,0,,,,,
grocery,Marvel Lady Panty Liners 20 Pcs,https://www.daraz.lk/products/marvel-lady-panty-liners-20-pcs-i100614453.html,10/9/21,TRUE,4,Super thin. Received within 2 days.,Pack Size:13-20,6,,,,,
grocery,Marvel Lady Panty Liners 20 Pcs,https://www.daraz.lk/products/marvel-lady-panty-liners-20-pcs-i100614453.html,9/18/25,TRUE,5,"In good condition, I got it for Rs.270 which is cheaper that market price.",Pack Size:13-20,0,,,,,
grocery,Marvel Lady Panty Liners 20 Pcs,https://www.daraz.lk/products/marvel-lady-panty-liners-20-pcs-i100614453.html,7/17/24,TRUE,5,"Delivery fast. Service perfectly, courier cute 😂 Use always that napkin. But here was so good discount that why I’m buy 😌",Pack Size:13-20,0,,,,,
grocery,Marvel Lady Panty Liners 20 Pcs,https://www.daraz.lk/products/marvel-lady-panty-liners-20-pcs-i100614453.html,12/26/24,TRUE,5,"Still not used to, but received in good condition, it’s like mini pad✌🏻",Pack Size:13-20,0,,,,,
grocery,Marvel Lady Panty Liners 20 Pcs,https://www.daraz.lk/products/marvel-lady-panty-liners-20-pcs-i100614453.html,6/25/25,TRUE,5,"Received  today. Very useful. This is my third order.
Thanks a lot.",Pack Size:13-20,0,,,,,
grocery,Marvel Lady Panty Liners 20 Pcs,https://www.daraz.lk/products/marvel-lady-panty-liners-20-pcs-i100614453.html,8/13/25,TRUE,5,superb. arrived on time. super worth for money. highly satisfied,Pack Size:13-20,0,,,,,
grocery,Marvel Lady Panty Liners 20 Pcs,https://www.daraz.lk/products/marvel-lady-panty-liners-20-pcs-i100614453.html,12/1/25,TRUE,5,perfect and got delivered on time orders many biscuits and tastyy,Pack Size:13-20,0,,,,,
grocery,Marvel Lady Panty Liners 20 Pcs,https://www.daraz.lk/products/marvel-lady-panty-liners-20-pcs-i100614453.html,2/26/25,TRUE,5,Hoda product ekk.e wagema ikmntma awa.gnn kenek baya natuwa gnn,Pack Size:13-20,0,,,,,
grocery,Marvel Lady Panty Liners 20 Pcs,https://www.daraz.lk/products/marvel-lady-panty-liners-20-pcs-i100614453.html,12/21/22,TRUE,5,thànk you so much daraz & the seller .fast delivery  this is my 3rd order .so happy,Pack Size:13-20,0,,,,,
grocery,Marvel Lady Panty Liners 20 Pcs,https://www.daraz.lk/products/marvel-lady-panty-liners-20-pcs-i100614453.html,5/16/26,TRUE,5,Quality product.  This is my 5th order.Fast delivery service.,Pack Size:13-20,0,,,,,
grocery,Marvel Lady Panty Liners 20 Pcs,https://www.daraz.lk/products/marvel-lady-panty-liners-20-pcs-i100614453.html,11/23/25,TRUE,5,good one.. i second time bought this product. will buy more,Pack Size:13-20,0,,,,,
grocery,Marvel Lady Panty Liners 20 Pcs,https://www.daraz.lk/products/marvel-lady-panty-liners-20-pcs-i100614453.html,10/18/22,TRUE,5,thànk you so much daraz & the seller received the package on time .super 👍,Pack Size:13-20,0,,,,,
grocery,Marvel Lady Panty Liners 20 Pcs,https://www.daraz.lk/products/marvel-lady-panty-liners-20-pcs-i100614453.html,10/24/22,TRUE,5,superb product.fast delivery.thank you😍,Pack Size:13-20,1,,,,,
grocery,Marvel Lady Panty Liners 20 Pcs,https://www.daraz.lk/products/marvel-lady-panty-liners-20-pcs-i100614453.html,3/3/25,TRUE,5,"good product,  delivered on time
thanks to the seller",Pack Size:13-20,0,,,,,
grocery,Marvel Lady Panty Liners 20 Pcs,https://www.daraz.lk/products/marvel-lady-panty-liners-20-pcs-i100614453.html,2/9/26,TRUE,5,fast deliver. well packed and good quality product,Pack Size:13-20,0,,,,,
grocery,Marvel Lady Panty Liners 20 Pcs,https://www.daraz.lk/products/marvel-lady-panty-liners-20-pcs-i100614453.html,7/16/25,TRUE,5,past delivery 🚚 good product...... thanks daraz,Pack Size:13-20,0,,,,,
grocery,Marvel Lady Panty Liners 20 Pcs,https://www.daraz.lk/products/marvel-lady-panty-liners-20-pcs-i100614453.html,8/18/24,TRUE,5,fast delivery and product's quality is good.  value for money.,Pack Size:13-20,0,,,,,
grocery,Marvel Lady Panty Liners 20 Pcs,https://www.daraz.lk/products/marvel-lady-panty-liners-20-pcs-i100614453.html,10/25/25,TRUE,5,Good item. Item as described. Neatly packaged.,Pack Size:13-20,0,,,,,
grocery,Marvel Lady Panty Liners 20 Pcs,https://www.daraz.lk/products/marvel-lady-panty-liners-20-pcs-i100614453.html,9/14/25,TRUE,5,"quality products
best discount 
fast delivery",Pack Size:13-20,0,,,,,
grocery,Marvel Lady Panty Liners 20 Pcs,https://www.daraz.lk/products/marvel-lady-panty-liners-20-pcs-i100614453.html,1/31/25,TRUE,5,"good product 
fast delivery 
thank you daraz",Pack Size:13-20,0,,,,,
grocery,Marvel Lady Panty Liners 20 Pcs,https://www.daraz.lk/products/marvel-lady-panty-liners-20-pcs-i100614453.html,11/14/25,TRUE,5,Value for money. Faster delivery. Thank you.,Pack Size:13-20,0,,,,,
grocery,Marvel Lady Panty Liners 20 Pcs,https://www.daraz.lk/products/marvel-lady-panty-liners-20-pcs-i100614453.html,2/7/25,TRUE,5,Thank you for the offers. fast delivery...,Pack Size:13-20,0,,,,,
grocery,Marvel Lady Panty Liners 20 Pcs,https://www.daraz.lk/products/marvel-lady-panty-liners-20-pcs-i100614453.html,7/11/24,TRUE,5,amazing very good quality. received within 2 days. best product.love it #win,Pack Size:13-20,0,,,,,
grocery,Marvel Lady Panty Liners 20 Pcs,https://www.daraz.lk/products/marvel-lady-panty-liners-20-pcs-i100614453.html,3/6/25,TRUE,5,Received in a good condition..thank you.,Pack Size:13-20,0,,,,,
grocery,Marvel Lady Panty Liners 20 Pcs,https://www.daraz.lk/products/marvel-lady-panty-liners-20-pcs-i100614453.html,2/24/25,TRUE,5,Good Product.Can recommend this seller.,Pack Size:13-20,0,,,,,
grocery,Marvel Lady Panty Liners 20 Pcs,https://www.daraz.lk/products/marvel-lady-panty-liners-20-pcs-i100614453.html,9/10/25,TRUE,5,"fast delivery 
best products
best price",Pack Size:13-20,0,,,,,
grocery,Marvel Lady Panty Liners 20 Pcs,https://www.daraz.lk/products/marvel-lady-panty-liners-20-pcs-i100614453.html,10/15/25,TRUE,5,"Good product ,good delivery and useful",Pack Size:13-20,0,,,,,
grocery,Marvel Lady Panty Liners 20 Pcs,https://www.daraz.lk/products/marvel-lady-panty-liners-20-pcs-i100614453.html,9/24/24,TRUE,5,Its  good and comfortable..love it.. ♥️,Pack Size:13-20,0,,,,,
grocery,Marvel Lady Panty Liners 20 Pcs,https://www.daraz.lk/products/marvel-lady-panty-liners-20-pcs-i100614453.html,5/3/26,TRUE,5,"superb 👍👍, highly recommended 👍👍i",Pack Size:13-20,0,,,,,
grocery,Marvel Lady Panty Liners 20 Pcs,https://www.daraz.lk/products/marvel-lady-panty-liners-20-pcs-i100614453.html,11/26/24,TRUE,5,everything is okay....fast delivery,Pack Size:13-20,0,,,,,
grocery,Marvel Lady Panty Liners 20 Pcs,https://www.daraz.lk/products/marvel-lady-panty-liners-20-pcs-i100614453.html,11/13/25,TRUE,5,ගෙවන ගානට වටිනවා.ඉක්මනට ඩිලිවර් වුනා,Pack Size:13-20,0,,,,,
grocery,Marvel Lady Panty Liners 20 Pcs,https://www.daraz.lk/products/marvel-lady-panty-liners-20-pcs-i100614453.html,10/2/25,TRUE,5,"Received with no issues 
#WIN ♥️♥️♥️",Pack Size:13-20,0,,,,,
grocery,Marvel Lady Panty Liners 20 Pcs,https://www.daraz.lk/products/marvel-lady-panty-liners-20-pcs-i100614453.html,8/27/24,TRUE,5,Fast delivery. Can recommend buying this.,Pack Size:13-20,0,,,,,
grocery,Marvel Lady Panty Liners 20 Pcs,https://www.daraz.lk/products/marvel-lady-panty-liners-20-pcs-i100614453.html,10/12/24,TRUE,5,Balance 20 rupees not return money,Pack Size:13-20,0,,,,,
grocery,Marvel Lady Panty Liners 20 Pcs,https://www.daraz.lk/products/marvel-lady-panty-liners-20-pcs-i100614453.html,4/25/25,TRUE,5,Thank you daraz. superb product...,Pack Size:13-20,0,,,,,
grocery,Marvel Lady Panty Liners 20 Pcs,https://www.daraz.lk/products/marvel-lady-panty-liners-20-pcs-i100614453.html,4/21/25,TRUE,5,Fast delivered and good product ❤️,Pack Size:13-20,0,,,,,
grocery,Marvel Lady Panty Liners 20 Pcs,https://www.daraz.lk/products/marvel-lady-panty-liners-20-pcs-i100614453.html,11/20/24,TRUE,5,good product and fast delivery  ❤️,Pack Size:13-20,0,,,,,
grocery,Marvel Lady Panty Liners 20 Pcs,https://www.daraz.lk/products/marvel-lady-panty-liners-20-pcs-i100614453.html,6/20/26,TRUE,1,this panty is fake very small size,Pack Size:13-20,0,,,,,
grocery,Marvel Lady Panty Liners 20 Pcs,https://www.daraz.lk/products/marvel-lady-panty-liners-20-pcs-i100614453.html,6/6/25,TRUE,5,very bad product very very smal,Pack Size:13-20,0,,,,,
grocery,Marvel Lady Panty Liners 20 Pcs,https://www.daraz.lk/products/marvel-lady-panty-liners-20-pcs-i100614453.html,11/4/24,TRUE,5,i won't this product for return,Pack Size:13-20,0,,,,,
grocery,Marvel Lady Panty Liners 20 Pcs,https://www.daraz.lk/products/marvel-lady-panty-liners-20-pcs-i100614453.html,11/19/24,TRUE,5,Thank you 😊 fast delivery 📦,Pack Size:13-20,0,,,,,
grocery,Marvel Lady Panty Liners 20 Pcs,https://www.daraz.lk/products/marvel-lady-panty-liners-20-pcs-i100614453.html,12/6/24,TRUE,5,Very tiny but worth for money,Pack Size:13-20,0,,,,,
grocery,Marvel Lady Panty Liners 20 Pcs,https://www.daraz.lk/products/marvel-lady-panty-liners-20-pcs-i100614453.html,9/16/25,TRUE,5,Best offers... fast delivery,Pack Size:13-20,0,,,,,
grocery,Marvel Lady Panty Liners 20 Pcs,https://www.daraz.lk/products/marvel-lady-panty-liners-20-pcs-i100614453.html,2/27/25,TRUE,5,"Good product, quick delivery",Pack Size:13-20,0,,,,,
grocery,Marvel Lady Panty Liners 20 Pcs,https://www.daraz.lk/products/marvel-lady-panty-liners-20-pcs-i100614453.html,8/14/24,TRUE,5,original product for a discount price.,Pack Size:13-20,0,,,,,
grocery,Marvel Lady Panty Liners 20 Pcs,https://www.daraz.lk/products/marvel-lady-panty-liners-20-pcs-i100614453.html,8/16/24,TRUE,5,excellent ❤️ fast Dilivery good product,Pack Size:13-20,0,,,,,
grocery,Marvel Lady Panty Liners 20 Pcs,https://www.daraz.lk/products/marvel-lady-panty-liners-20-pcs-i100614453.html,7/10/25,TRUE,5,a good product.eazy to wear.,Pack Size:13-20,0,,,,,
grocery,Marvel Lady Panty Liners 20 Pcs,https://www.daraz.lk/products/marvel-lady-panty-liners-20-pcs-i100614453.html,11/27/24,TRUE,5,It's good and comfortable.,Pack Size:13-20,0,,,,,
grocery,Marvel Lady Panty Liners 20 Pcs,https://www.daraz.lk/products/marvel-lady-panty-liners-20-pcs-i100614453.html,12/20/24,TRUE,5,I got my parcel 📦👍🏻👍🏻,Pack Size:13-20,0,,,,,
grocery,Marvel Lady Panty Liners 20 Pcs,https://www.daraz.lk/products/marvel-lady-panty-liners-20-pcs-i100614453.html,8/27/24,TRUE,5,fast delivery thank you so much ❤,Pack Size:13-20,0,,,,,
grocery,Marvel Lady Panty Liners 20 Pcs,https://www.daraz.lk/products/marvel-lady-panty-liners-20-pcs-i100614453.html,11/19/24,TRUE,5,"Thank you very much
⭐⭐⭐⭐⭐",Pack Size:13-20,0,,,,,
grocery,Marvel Lady Panty Liners 20 Pcs,https://www.daraz.lk/products/marvel-lady-panty-liners-20-pcs-i100614453.html,3/6/25,TRUE,5,Quik delever thanks daraz,ඇසුරුමෙහි ප්‍රමාණය:13-20,0,,,,,
grocery,Marvel Lady Panty Liners 20 Pcs,https://www.daraz.lk/products/marvel-lady-panty-liners-20-pcs-i100614453.html,9/24/24,TRUE,5,Thank you for the offers,Pack Size:13-20,0,,,,,
grocery,Marvel Lady Panty Liners 20 Pcs,https://www.daraz.lk/products/marvel-lady-panty-liners-20-pcs-i100614453.html,2/6/25,TRUE,5,Thank you fast delivery,Pack Size:13-20,0,,,,,
grocery,Marvel Lady Panty Liners 20 Pcs,https://www.daraz.lk/products/marvel-lady-panty-liners-20-pcs-i100614453.html,11/21/25,TRUE,5,කීප සැරයක්ම ගෙන්න ගත්තා,Pack Size:13-20,0,,,,,
grocery,Marvel Lady Panty Liners 20 Pcs,https://www.daraz.lk/products/marvel-lady-panty-liners-20-pcs-i100614453.html,6/22/22,TRUE,4,very thin and very small but ok.,Pack Size:13-20,0,,,,,
grocery,Marvel Lady Panty Liners 20 Pcs,https://www.daraz.lk/products/marvel-lady-panty-liners-20-pcs-i100614453.html,2/1/25,TRUE,5,"සයිස් එක පොඩි ..
දිගින්",Pack Size:13-20,0,,,,,
grocery,Marvel Lady Panty Liners 20 Pcs,https://www.daraz.lk/products/marvel-lady-panty-liners-20-pcs-i100614453.html,9/18/21,TRUE,5,"it's really good 
good service",Pack Size:13-20,0,,,,,
grocery,Marvel Lady Panty Liners 20 Pcs,https://www.daraz.lk/products/marvel-lady-panty-liners-20-pcs-i100614453.html,12/20/24,TRUE,5,not good.. cheating 😬,Pack Size:13-20,0,,,,,
grocery,Marvel Lady Panty Liners 20 Pcs,https://www.daraz.lk/products/marvel-lady-panty-liners-20-pcs-i100614453.html,3/8/26,TRUE,5,good I like this brand,Pack Size:13-20,0,,,,,
grocery,Marvel Lady Panty Liners 20 Pcs,https://www.daraz.lk/products/marvel-lady-panty-liners-20-pcs-i100614453.html,2/9/26,TRUE,5,Good quality product,Pack Size:13-20,0,,,,,
grocery,Marvel Lady Panty Liners 20 Pcs,https://www.daraz.lk/products/marvel-lady-panty-liners-20-pcs-i100614453.html,1/23/25,TRUE,5,Worth for the money,Pack Size:13-20,0,,,,,
grocery,Marvel Lady Panty Liners 20 Pcs,https://www.daraz.lk/products/marvel-lady-panty-liners-20-pcs-i100614453.html,4/1/26,TRUE,5,The order received,Pack Size:13-20,0,,,,,
grocery,Marvel Lady Panty Liners 20 Pcs,https://www.daraz.lk/products/marvel-lady-panty-liners-20-pcs-i100614453.html,10/12/24,TRUE,5,Highly recommend 👍,ඇසුරුමෙහි ප්‍රමාණය:13-20,0,,,,,
grocery,Marvel Lady Panty Liners 20 Pcs,https://www.daraz.lk/products/marvel-lady-panty-liners-20-pcs-i100614453.html,7/31/25,TRUE,5,Very fast delivery.,Pack Size:13-20,0,,,,,
grocery,Marvel Lady Panty Liners 20 Pcs,https://www.daraz.lk/products/marvel-lady-panty-liners-20-pcs-i100614453.html,12/17/21,TRUE,5,This brand always  good 👌,Pack Size:13-20,0,,,,,
grocery,Marvel Lady Panty Liners 20 Pcs,https://www.daraz.lk/products/marvel-lady-panty-liners-20-pcs-i100614453.html,5/29/25,TRUE,5,Worth it for money,Pack Size:13-20,0,,,,,
grocery,Marvel Lady Panty Liners 20 Pcs,https://www.daraz.lk/products/marvel-lady-panty-liners-20-pcs-i100614453.html,10/18/25,TRUE,5,"Good but

Too thin",Pack Size:13-20,0,,,,,
grocery,Marvel Lady Panty Liners 20 Pcs,https://www.daraz.lk/products/marvel-lady-panty-liners-20-pcs-i100614453.html,11/18/24,TRUE,5,highly recommend,Pack Size:13-20,0,,,,,
grocery,Marvel Lady Panty Liners 20 Pcs,https://www.daraz.lk/products/marvel-lady-panty-liners-20-pcs-i100614453.html,11/19/24,TRUE,5,🥹Good product...,Pack Size:13-20,0,,,,,
grocery,Marvel Lady Panty Liners 20 Pcs,https://www.daraz.lk/products/marvel-lady-panty-liners-20-pcs-i100614453.html,11/11/25,TRUE,5,good.comfortable,Pack Size:13-20,0,,,,,
grocery,Marvel Lady Panty Liners 20 Pcs,https://www.daraz.lk/products/marvel-lady-panty-liners-20-pcs-i100614453.html,9/12/25,TRUE,5,Hodai awulak ne,ඇසුරුමෙහි ප්‍රමාණය:13-20,0,,,,,
grocery,Marvel Lady Panty Liners 20 Pcs,https://www.daraz.lk/products/marvel-lady-panty-liners-20-pcs-i100614453.html,8/31/24,TRUE,5,same as the picture .,Pack Size:13-20,0,,,,,
grocery,Marvel Lady Panty Liners 20 Pcs,https://www.daraz.lk/products/marvel-lady-panty-liners-20-pcs-i100614453.html,11/16/24,TRUE,5,good product ❤️,Pack Size:13-20,0,,,,,
grocery,Marvel Lady Panty Liners 20 Pcs,https://www.daraz.lk/products/marvel-lady-panty-liners-20-pcs-i100614453.html,11/11/24,TRUE,5,Good product.👍,Pack Size:13-20,0,,,,,
grocery,Marvel Lady Panty Liners 20 Pcs,https://www.daraz.lk/products/marvel-lady-panty-liners-20-pcs-i100614453.html,8/18/25,TRUE,5,very confatable,Pack Size:13-20,0,,,,,
grocery,Marvel Lady Panty Liners 20 Pcs,https://www.daraz.lk/products/marvel-lady-panty-liners-20-pcs-i100614453.html,9/24/21,TRUE,5,"Nice to use
Thank you",Pack Size:13-20,0,,,,,
grocery,Marvel Lady Panty Liners 20 Pcs,https://www.daraz.lk/products/marvel-lady-panty-liners-20-pcs-i100614453.html,5/10/25,TRUE,5,great quality,Pack Size:13-20,0,,,,,
grocery,Marvel Lady Panty Liners 20 Pcs,https://www.daraz.lk/products/marvel-lady-panty-liners-20-pcs-i100614453.html,11/16/25,TRUE,5,Good product.,Pack Size:13-20,0,,,,,
grocery,Marvel Lady Panty Liners 20 Pcs,https://www.daraz.lk/products/marvel-lady-panty-liners-20-pcs-i100614453.html,1/14/25,TRUE,5,good product,Pack Size:13-20,0,,,,,
grocery,Marvel Lady Panty Liners 20 Pcs,https://www.daraz.lk/products/marvel-lady-panty-liners-20-pcs-i100614453.html,4/4/26,TRUE,5,Good product,Pack Size:13-20,0,,,,,
grocery,Marvel Lady Panty Liners 20 Pcs,https://www.daraz.lk/products/marvel-lady-panty-liners-20-pcs-i100614453.html,5/8/26,TRUE,5,good quality,Pack Size:13-20,0,,,,,
grocery,Marvel Lady Panty Liners 20 Pcs,https://www.daraz.lk/products/marvel-lady-panty-liners-20-pcs-i100614453.html,4/16/25,TRUE,5,Thanks 👍👍👍,Pack Size:13-20,0,,,,,
grocery,Marvel Lady Panty Liners 20 Pcs,https://www.daraz.lk/products/marvel-lady-panty-liners-20-pcs-i100614453.html,11/16/25,TRUE,5,Good product,Pack Size:13-20,0,,,,,
grocery,Marvel Lady Panty Liners 20 Pcs,https://www.daraz.lk/products/marvel-lady-panty-liners-20-pcs-i100614453.html,8/25/25,TRUE,5,Good Product,Pack Size:13-20,0,,,,,
grocery,Marvel Lady Panty Liners 20 Pcs,https://www.daraz.lk/products/marvel-lady-panty-liners-20-pcs-i100614453.html,11/20/24,TRUE,5,fast deliver,Pack Size:13-20,0,,,,,
grocery,Marvel Lady Panty Liners 20 Pcs,https://www.daraz.lk/products/marvel-lady-panty-liners-20-pcs-i100614453.html,12/6/24,TRUE,5,Good product,Pack Size:13-20,0,,,,,
grocery,Marvel Lady Panty Liners 20 Pcs,https://www.daraz.lk/products/marvel-lady-panty-liners-20-pcs-i100614453.html,8/18/25,TRUE,5,Best qulity,Pack Size:13-20,0,,,,,
grocery,Marvel Lady Panty Liners 20 Pcs,https://www.daraz.lk/products/marvel-lady-panty-liners-20-pcs-i100614453.html,11/6/24,TRUE,5,Recommended,Pack Size:13-20,0,,,,,
grocery,Marvel Lady Panty Liners 20 Pcs,https://www.daraz.lk/products/marvel-lady-panty-liners-20-pcs-i100614453.html,10/13/24,TRUE,5,Best qulity,Pack Size:13-20,0,,,,,
grocery,Marvel Lady Panty Liners 20 Pcs,https://www.daraz.lk/products/marvel-lady-panty-liners-20-pcs-i100614453.html,5/21/25,TRUE,5,Good item 👍,Pack Size:13-20,0,,,,,
grocery,Marvel Lady Panty Liners 20 Pcs,https://www.daraz.lk/products/marvel-lady-panty-liners-20-pcs-i100614453.html,11/12/24,TRUE,5,Best product,Pack Size:13-20,0,,,,,
grocery,Marvel Lady Panty Liners 20 Pcs,https://www.daraz.lk/products/marvel-lady-panty-liners-20-pcs-i100614453.html,2/20/26,TRUE,5,Recommended,Pack Size:13-20,0,,,,,
grocery,Marvel Lady Panty Liners 20 Pcs,https://www.daraz.lk/products/marvel-lady-panty-liners-20-pcs-i100614453.html,1/8/25,TRUE,5,thanks daraz,ඇසුරුමෙහි ප්‍රමාණය:13-20,0,,,,,
grocery,Marvel Lady Panty Liners 20 Pcs,https://www.daraz.lk/products/marvel-lady-panty-liners-20-pcs-i100614453.html,11/14/25,TRUE,5,Really good,Pack Size:13-20,0,,,,,
grocery,Marvel Lady Panty Liners 20 Pcs,https://www.daraz.lk/products/marvel-lady-panty-liners-20-pcs-i100614453.html,1/23/25,TRUE,5,godak hodai,Pack Size:13-20,0,,,,,
grocery,Marvel Lady Panty Liners 20 Pcs,https://www.daraz.lk/products/marvel-lady-panty-liners-20-pcs-i100614453.html,4/3/25,TRUE,5,Perfect 👌,Pack Size:13-20,0,,,,,
grocery,Marvel Lady Panty Liners 20 Pcs,https://www.daraz.lk/products/marvel-lady-panty-liners-20-pcs-i100614453.html,9/14/24,TRUE,5,good🥰🥰🥰,Pack Size:13-20,0,,,,,
grocery,Marvel Lady Panty Liners 20 Pcs,https://www.daraz.lk/products/marvel-lady-panty-liners-20-pcs-i100614453.html,7/24/24,TRUE,5,Its  very good and comfortable ..,Pack Size:13-20,0,,,,,
grocery,Marvel Lady Panty Liners 20 Pcs,https://www.daraz.lk/products/marvel-lady-panty-liners-20-pcs-i100614453.html,8/13/25,TRUE,5,Good 🙂,Pack Size:13-20,0,,,,,
grocery,Marvel Lady Panty Liners 20 Pcs,https://www.daraz.lk/products/marvel-lady-panty-liners-20-pcs-i100614453.html,2/14/26,TRUE,5,good,Pack Size:13-20,0,,,,,
grocery,Marvel Lady Panty Liners 20 Pcs,https://www.daraz.lk/products/marvel-lady-panty-liners-20-pcs-i100614453.html,4/8/26,TRUE,5,Good,Pack Size:13-20,0,,,,,
grocery,Marvel Lady Panty Liners 20 Pcs,https://www.daraz.lk/products/marvel-lady-panty-liners-20-pcs-i100614453.html,10/29/24,TRUE,5,good,ඇසුරුමෙහි ප්‍රමාණය:13-20,0,,,,,
grocery,Marvel Lady Panty Liners 20 Pcs,https://www.daraz.lk/products/marvel-lady-panty-liners-20-pcs-i100614453.html,1/20/25,TRUE,5,good,Pack Size:13-20,0,,,,,
grocery,Marvel Lady Panty Liners 20 Pcs,https://www.daraz.lk/products/marvel-lady-panty-liners-20-pcs-i100614453.html,2/8/26,TRUE,5,good,Pack Size:13-20,0,,,,,
grocery,Marvel Lady Panty Liners 20 Pcs,https://www.daraz.lk/products/marvel-lady-panty-liners-20-pcs-i100614453.html,12/27/24,TRUE,5,good,Pack Size:13-20,0,,,,,
grocery,Marvel Lady Panty Liners 20 Pcs,https://www.daraz.lk/products/marvel-lady-panty-liners-20-pcs-i100614453.html,2/12/26,TRUE,5,super,Pack Size:13-20,0,,,,,
grocery,Marvel Lady Panty Liners 20 Pcs,https://www.daraz.lk/products/marvel-lady-panty-liners-20-pcs-i100614453.html,5/3/25,TRUE,5,hodai,Pack Size:13-20,0,,,,,
grocery,Marvel Lady Panty Liners 20 Pcs,https://www.daraz.lk/products/marvel-lady-panty-liners-20-pcs-i100614453.html,9/12/25,TRUE,5,good,ඇසුරුමෙහි ප්‍රමාණය:13-20,0,,,,,
grocery,Marvel Lady Panty Liners 20 Pcs,https://www.daraz.lk/products/marvel-lady-panty-liners-20-pcs-i100614453.html,9/13/25,TRUE,5,super,ඇසුරුමෙහි ප්‍රමාණය:13-20,0,,,,,
grocery,Marvel Lady Panty Liners 20 Pcs,https://www.daraz.lk/products/marvel-lady-panty-liners-20-pcs-i100614453.html,10/16/24,TRUE,5,good,Pack Size:13-20,0,,,,,
grocery,Marvel Lady Panty Liners 20 Pcs,https://www.daraz.lk/products/marvel-lady-panty-liners-20-pcs-i100614453.html,11/13/24,TRUE,5,Good,Pack Size:13-20,0,,,,,
grocery,Marvel Lady Panty Liners 20 Pcs,https://www.daraz.lk/products/marvel-lady-panty-liners-20-pcs-i100614453.html,7/12/25,TRUE,5,good,Pack Size:13-20,0,,,,,
grocery,Marvel Lady Panty Liners 20 Pcs,https://www.daraz.lk/products/marvel-lady-panty-liners-20-pcs-i100614453.html,10/28/24,TRUE,5,Hodai❤️,Pack Size:13-20,0,,,,,
grocery,Marvel Lady Panty Liners 20 Pcs,https://www.daraz.lk/products/marvel-lady-panty-liners-20-pcs-i100614453.html,8/17/25,TRUE,5,GOOD,Pack Size:13-20,0,,,,,
grocery,Marvel Lady Panty Liners 20 Pcs,https://www.daraz.lk/products/marvel-lady-panty-liners-20-pcs-i100614453.html,4/16/25,TRUE,5,good,Pack Size:13-20,0,,,,,
grocery,Marvel Lady Panty Liners 20 Pcs,https://www.daraz.lk/products/marvel-lady-panty-liners-20-pcs-i100614453.html,5/2/25,TRUE,5,best,Pack Size:13-20,0,,,,,
grocery,Marvel Lady Panty Liners 20 Pcs,https://www.daraz.lk/products/marvel-lady-panty-liners-20-pcs-i100614453.html,10/18/25,TRUE,5,good,Pack Size:13-20,0,,,,,
grocery,Marvel Lady Panty Liners 20 Pcs,https://www.daraz.lk/products/marvel-lady-panty-liners-20-pcs-i100614453.html,2/6/25,TRUE,5,good,Pack Size:13-20,0,,,,,
grocery,Marvel Lady Panty Liners 20 Pcs,https://www.daraz.lk/products/marvel-lady-panty-liners-20-pcs-i100614453.html,9/3/25,TRUE,5,Good 👍,Pack Size:13-20,0,,,,,
grocery,Marvel Lady Panty Liners 20 Pcs,https://www.daraz.lk/products/marvel-lady-panty-liners-20-pcs-i100614453.html,11/9/24,TRUE,5,Good,Pack Size:13-20,0,,,,,
grocery,Marvel Lady Panty Liners 20 Pcs,https://www.daraz.lk/products/marvel-lady-panty-liners-20-pcs-i100614453.html,9/6/24,TRUE,5,thats not good,ඇසුරුමෙහි ප්‍රමාණය:13-20,0,,,,,
grocery,Marvel Lady Panty Liners 20 Pcs,https://www.daraz.lk/products/marvel-lady-panty-liners-20-pcs-i100614453.html,4/4/25,TRUE,5,good,Pack Size:13-20,0,,,,,
grocery,Marvel Lady Panty Liners 20 Pcs,https://www.daraz.lk/products/marvel-lady-panty-liners-20-pcs-i100614453.html,9/28/25,TRUE,5,Good,ඇසුරුමෙහි ප්‍රමාණය:13-20,0,,,,,
grocery,Marvel Lady Panty Liners 20 Pcs,https://www.daraz.lk/products/marvel-lady-panty-liners-20-pcs-i100614453.html,12/21/24,TRUE,5,🥰thanks,Pack Size:13-20,0,,,,,
grocery,Marvel Lady Panty Liners 20 Pcs,https://www.daraz.lk/products/marvel-lady-panty-liners-20-pcs-i100614453.html,11/13/24,TRUE,5,Super 👌,Pack Size:13-20,0,,,,,
grocery,Marvel Lady Panty Liners 20 Pcs,https://www.daraz.lk/products/marvel-lady-panty-liners-20-pcs-i100614453.html,9/26/24,TRUE,5,Good👍,Pack Size:13-20,0,,,,,
grocery,Marvel Lady Panty Liners 20 Pcs,https://www.daraz.lk/products/marvel-lady-panty-liners-20-pcs-i100614453.html,3/29/25,TRUE,5,good one,Pack Size:13-20,0,,,,,
grocery,Marvel Lady Panty Liners 20 Pcs,https://www.daraz.lk/products/marvel-lady-panty-liners-20-pcs-i100614453.html,11/13/24,TRUE,5,"Rcvd,👍👍",Pack Size:13-20,0,,,,,
grocery,Marvel Lady Panty Liners 20 Pcs,https://www.daraz.lk/products/marvel-lady-panty-liners-20-pcs-i100614453.html,11/23/25,TRUE,5,good,Pack Size:13-20,0,,,,,
grocery,Marvel Lady Panty Liners 20 Pcs,https://www.daraz.lk/products/marvel-lady-panty-liners-20-pcs-i100614453.html,5/7/25,TRUE,5,good,Pack Size:13-20,0,,,,,
grocery,Marvel Lady Panty Liners 20 Pcs,https://www.daraz.lk/products/marvel-lady-panty-liners-20-pcs-i100614453.html,6/6/26,TRUE,5,good,Pack Size:13-20,0,,,,,
grocery,Eye Colour Contact Lenses 2 pcs (Pair) for Men / Women High Quality 1 Year use + Free full set (Case + Liquid 5ml) Blue Brown Green Eye Contacts lenses,https://www.daraz.lk/products/eye-colour-contact-lenses-2-pcs-pair-for-men-women-high-quality-1-year-use-full-set-case-liquid-5ml-case-blue-brown-green-eye-contacts-lenses-i505139513.html,5/27/26,TRUE,5,actually this product really good. and nothing to say about it best quality but that liquid bottle is not good,Color Group:Green,0,,,,,
grocery,Eye Colour Contact Lenses 2 pcs (Pair) for Men / Women High Quality 1 Year use + Free full set (Case + Liquid 5ml) Blue Brown Green Eye Contacts lenses,https://www.daraz.lk/products/eye-colour-contact-lenses-2-pcs-pair-for-men-women-high-quality-1-year-use-full-set-case-liquid-5ml-case-blue-brown-green-eye-contacts-lenses-i505139513.html,3/31/26,TRUE,5,well this is cool ngl its better than I expected it to be thank you sellerrr,Color Group:Green,0,,,,,
grocery,Eye Colour Contact Lenses 2 pcs (Pair) for Men / Women High Quality 1 Year use + Free full set (Case + Liquid 5ml) Blue Brown Green Eye Contacts lenses,https://www.daraz.lk/products/eye-colour-contact-lenses-2-pcs-pair-for-men-women-high-quality-1-year-use-full-set-case-liquid-5ml-case-blue-brown-green-eye-contacts-lenses-i505139513.html,1/27/26,TRUE,5,The delivery guy had thrown the parcel away. From my gate.😒😒,Color Group:Pure Hazel,2,,,,,
grocery,Eye Colour Contact Lenses 2 pcs (Pair) for Men / Women High Quality 1 Year use + Free full set (Case + Liquid 5ml) Blue Brown Green Eye Contacts lenses,https://www.daraz.lk/products/eye-colour-contact-lenses-2-pcs-pair-for-men-women-high-quality-1-year-use-full-set-case-liquid-5ml-case-blue-brown-green-eye-contacts-lenses-i505139513.html,3/12/26,TRUE,5,Ohhh this one is soo good like it’s not even drying my eyes 😻,Color Group:Honey,4,,,,,
grocery,Eye Colour Contact Lenses 2 pcs (Pair) for Men / Women High Quality 1 Year use + Free full set (Case + Liquid 5ml) Blue Brown Green Eye Contacts lenses,https://www.daraz.lk/products/eye-colour-contact-lenses-2-pcs-pair-for-men-women-high-quality-1-year-use-full-set-case-liquid-5ml-case-blue-brown-green-eye-contacts-lenses-i505139513.html,8/5/25,TRUE,5,yesterday i order this product... Its rally good product,Color Group:Grey,3,,,,,
grocery,Eye Colour Contact Lenses 2 pcs (Pair) for Men / Women High Quality 1 Year use + Free full set (Case + Liquid 5ml) Blue Brown Green Eye Contacts lenses,https://www.daraz.lk/products/eye-colour-contact-lenses-2-pcs-pair-for-men-women-high-quality-1-year-use-full-set-case-liquid-5ml-case-blue-brown-green-eye-contacts-lenses-i505139513.html,11/23/25,TRUE,5,"I wear contact lenses a lot, but this is irritating me.",Color Group:Grey,1,,,,,
grocery,Eye Colour Contact Lenses 2 pcs (Pair) for Men / Women High Quality 1 Year use + Free full set (Case + Liquid 5ml) Blue Brown Green Eye Contacts lenses,https://www.daraz.lk/products/eye-colour-contact-lenses-2-pcs-pair-for-men-women-high-quality-1-year-use-full-set-case-liquid-5ml-case-blue-brown-green-eye-contacts-lenses-i505139513.html,2/18/26,TRUE,5,good product and fast delivery 💯🙌 thankyou daraz,Color Group:Honey,0,,,,,
grocery,Eye Colour Contact Lenses 2 pcs (Pair) for Men / Women High Quality 1 Year use + Free full set (Case + Liquid 5ml) Blue Brown Green Eye Contacts lenses,https://www.daraz.lk/products/eye-colour-contact-lenses-2-pcs-pair-for-men-women-high-quality-1-year-use-full-set-case-liquid-5ml-case-blue-brown-green-eye-contacts-lenses-i505139513.html,11/6/25,TRUE,5,"fast delivery and good service 🥰
thanks daraz",Color Group:Brown,1,,,,,
grocery,Eye Colour Contact Lenses 2 pcs (Pair) for Men / Women High Quality 1 Year use + Free full set (Case + Liquid 5ml) Blue Brown Green Eye Contacts lenses,https://www.daraz.lk/products/eye-colour-contact-lenses-2-pcs-pair-for-men-women-high-quality-1-year-use-full-set-case-liquid-5ml-case-blue-brown-green-eye-contacts-lenses-i505139513.html,9/12/25,TRUE,5,"Actually good, colorful and comfortable",Color Group:Brown,0,,,,,
grocery,Eye Colour Contact Lenses 2 pcs (Pair) for Men / Women High Quality 1 Year use + Free full set (Case + Liquid 5ml) Blue Brown Green Eye Contacts lenses,https://www.daraz.lk/products/eye-colour-contact-lenses-2-pcs-pair-for-men-women-high-quality-1-year-use-full-set-case-liquid-5ml-case-blue-brown-green-eye-contacts-lenses-i505139513.html,6/13/26,TRUE,5,Good. Everything is fine as expected 💗,Color Group:Turquoise,0,,,,,
grocery,Eye Colour Contact Lenses 2 pcs (Pair) for Men / Women High Quality 1 Year use + Free full set (Case + Liquid 5ml) Blue Brown Green Eye Contacts lenses,https://www.daraz.lk/products/eye-colour-contact-lenses-2-pcs-pair-for-men-women-high-quality-1-year-use-full-set-case-liquid-5ml-case-blue-brown-green-eye-contacts-lenses-i505139513.html,10/12/25,TRUE,5,Good product and fast delivery 💗,Color Group:Brown,6,,,,,
grocery,Eye Colour Contact Lenses 2 pcs (Pair) for Men / Women High Quality 1 Year use + Free full set (Case + Liquid 5ml) Blue Brown Green Eye Contacts lenses,https://www.daraz.lk/products/eye-colour-contact-lenses-2-pcs-pair-for-men-women-high-quality-1-year-use-full-set-case-liquid-5ml-case-blue-brown-green-eye-contacts-lenses-i505139513.html,3/11/26,TRUE,5,it's really good,Color Group:Blue,0,,,,,
grocery,Eye Colour Contact Lenses 2 pcs (Pair) for Men / Women High Quality 1 Year use + Free full set (Case + Liquid 5ml) Blue Brown Green Eye Contacts lenses,https://www.daraz.lk/products/eye-colour-contact-lenses-2-pcs-pair-for-men-women-high-quality-1-year-use-full-set-case-liquid-5ml-case-blue-brown-green-eye-contacts-lenses-i505139513.html,12/19/25,TRUE,5,beautiful ❤️,Color Group:Brown,1,,,,,
grocery,Eye Colour Contact Lenses 2 pcs (Pair) for Men / Women High Quality 1 Year use + Free full set (Case + Liquid 5ml) Blue Brown Green Eye Contacts lenses,https://www.daraz.lk/products/eye-colour-contact-lenses-2-pcs-pair-for-men-women-high-quality-1-year-use-full-set-case-liquid-5ml-case-blue-brown-green-eye-contacts-lenses-i505139513.html,6/20/26,TRUE,5,එල,වර්ණ කාණ්ඩය:Green,0,,,,,
grocery,Eye Colour Contact Lenses 2 pcs (Pair) for Men / Women High Quality 1 Year use + Free full set (Case + Liquid 5ml) Blue Brown Green Eye Contacts lenses,https://www.daraz.lk/products/eye-colour-contact-lenses-2-pcs-pair-for-men-women-high-quality-1-year-use-full-set-case-liquid-5ml-case-blue-brown-green-eye-contacts-lenses-i505139513.html,12/31/25,TRUE,5,super,Color Group:Blue,0,,,,,
grocery,Eye Colour Contact Lenses 2 pcs (Pair) for Men / Women High Quality 1 Year use + Free full set (Case + Liquid 5ml) Blue Brown Green Eye Contacts lenses,https://www.daraz.lk/products/eye-colour-contact-lenses-2-pcs-pair-for-men-women-high-quality-1-year-use-full-set-case-liquid-5ml-case-blue-brown-green-eye-contacts-lenses-i505139513.html,11/7/25,TRUE,5,😘💕🫶,වර්ණ කාණ්ඩය:දුඹුරු,3,,,,,
grocery,Eye Colour Contact Lenses 2 pcs (Pair) for Men / Women High Quality 1 Year use + Free full set (Case + Liquid 5ml) Blue Brown Green Eye Contacts lenses,https://www.daraz.lk/products/eye-colour-contact-lenses-2-pcs-pair-for-men-women-high-quality-1-year-use-full-set-case-liquid-5ml-case-blue-brown-green-eye-contacts-lenses-i505139513.html,4/7/26,TRUE,5,ii didn't get this fuckin order but it marked as delivered I don't know what the heck is wrong and it took more than 1 week,Color Group:Blue,0,,,,,
grocery,Eye Colour Contact Lenses 2 pcs (Pair) for Men / Women High Quality 1 Year use + Free full set (Case + Liquid 5ml) Blue Brown Green Eye Contacts lenses,https://www.daraz.lk/products/eye-colour-contact-lenses-2-pcs-pair-for-men-women-high-quality-1-year-use-full-set-case-liquid-5ml-case-blue-brown-green-eye-contacts-lenses-i505139513.html,4/25/26,TRUE,1,Received a yellowish greenish color when I ordered the same Hazel color I am used to wearing which is a brownish color. I’ve shared a comparison of the correct color and the one I received fyr.,Color Group:Pure Hazel,0,,,,,
grocery,Eye Colour Contact Lenses 2 pcs (Pair) for Men / Women High Quality 1 Year use + Free full set (Case + Liquid 5ml) Blue Brown Green Eye Contacts lenses,https://www.daraz.lk/products/eye-colour-contact-lenses-2-pcs-pair-for-men-women-high-quality-1-year-use-full-set-case-liquid-5ml-case-blue-brown-green-eye-contacts-lenses-i505139513.html,9/18/25,TRUE,5,"super experience!the lens is perfect no dameges on it,delivery was quick, and communication was smooth, totally satisfied.",Color Group:Brown,0,,,,,
grocery,Eye Colour Contact Lenses 2 pcs (Pair) for Men / Women High Quality 1 Year use + Free full set (Case + Liquid 5ml) Blue Brown Green Eye Contacts lenses,https://www.daraz.lk/products/eye-colour-contact-lenses-2-pcs-pair-for-men-women-high-quality-1-year-use-full-set-case-liquid-5ml-case-blue-brown-green-eye-contacts-lenses-i505139513.html,3/29/26,TRUE,5,"im so happy to review this product because good quality and i like to also.. thank you.. guys dont thinking
wrong decision dont worry product will. 100% sure",Color Group:Blue,0,,,,,
grocery,Eye Colour Contact Lenses 2 pcs (Pair) for Men / Women High Quality 1 Year use + Free full set (Case + Liquid 5ml) Blue Brown Green Eye Contacts lenses,https://www.daraz.lk/products/eye-colour-contact-lenses-2-pcs-pair-for-men-women-high-quality-1-year-use-full-set-case-liquid-5ml-case-blue-brown-green-eye-contacts-lenses-i505139513.html,6/19/25,TRUE,5,good quality of lens 1 year use ...very use full👍👍clear lens eye comfortable❤️pleas take care,Color Group:Grey,0,,,,,
grocery,Eye Colour Contact Lenses 2 pcs (Pair) for Men / Women High Quality 1 Year use + Free full set (Case + Liquid 5ml) Blue Brown Green Eye Contacts lenses,https://www.daraz.lk/products/eye-colour-contact-lenses-2-pcs-pair-for-men-women-high-quality-1-year-use-full-set-case-liquid-5ml-case-blue-brown-green-eye-contacts-lenses-i505139513.html,3/7/26,TRUE,5,This is an amazing product. I've been using these lenses for years. highly recommended.,Color Group:Blue,0,,,,,
grocery,Eye Colour Contact Lenses 2 pcs (Pair) for Men / Women High Quality 1 Year use + Free full set (Case + Liquid 5ml) Blue Brown Green Eye Contacts lenses,https://www.daraz.lk/products/eye-colour-contact-lenses-2-pcs-pair-for-men-women-high-quality-1-year-use-full-set-case-liquid-5ml-case-blue-brown-green-eye-contacts-lenses-i505139513.html,11/4/25,TRUE,5,"The eye lens is match for my skin type  
best prodect and fast delivery service",Color Group:Grey,1,,,,,
grocery,Eye Colour Contact Lenses 2 pcs (Pair) for Men / Women High Quality 1 Year use + Free full set (Case + Liquid 5ml) Blue Brown Green Eye Contacts lenses,https://www.daraz.lk/products/eye-colour-contact-lenses-2-pcs-pair-for-men-women-high-quality-1-year-use-full-set-case-liquid-5ml-case-blue-brown-green-eye-contacts-lenses-i505139513.html,1/27/26,TRUE,5,ane  mela nam  pissuvak eka mara lassanai  🥰🥺mata mara  vidiyat mach veno.eka,Color Group:Grey,0,,,,,
grocery,Eye Colour Contact Lenses 2 pcs (Pair) for Men / Women High Quality 1 Year use + Free full set (Case + Liquid 5ml) Blue Brown Green Eye Contacts lenses,https://www.daraz.lk/products/eye-colour-contact-lenses-2-pcs-pair-for-men-women-high-quality-1-year-use-full-set-case-liquid-5ml-case-blue-brown-green-eye-contacts-lenses-i505139513.html,3/26/26,TRUE,5,"It's really awesome.... Highly recommend 👌 
Good quality and quick delivery.",Color Group:Brown,0,,,,,
grocery,Eye Colour Contact Lenses 2 pcs (Pair) for Men / Women High Quality 1 Year use + Free full set (Case + Liquid 5ml) Blue Brown Green Eye Contacts lenses,https://www.daraz.lk/products/eye-colour-contact-lenses-2-pcs-pair-for-men-women-high-quality-1-year-use-full-set-case-liquid-5ml-case-blue-brown-green-eye-contacts-lenses-i505139513.html,1/14/26,TRUE,5,It not brown it was not the same lenses color which shows on the picture.,Color Group:Brown,0,,,,,
grocery,Eye Colour Contact Lenses 2 pcs (Pair) for Men / Women High Quality 1 Year use + Free full set (Case + Liquid 5ml) Blue Brown Green Eye Contacts lenses,https://www.daraz.lk/products/eye-colour-contact-lenses-2-pcs-pair-for-men-women-high-quality-1-year-use-full-set-case-liquid-5ml-case-blue-brown-green-eye-contacts-lenses-i505139513.html,1/14/26,TRUE,5,I place the oder for gray but I received a blue shaded. contact lenses,Color Group:Grey,0,,,,,
grocery,Eye Colour Contact Lenses 2 pcs (Pair) for Men / Women High Quality 1 Year use + Free full set (Case + Liquid 5ml) Blue Brown Green Eye Contacts lenses,https://www.daraz.lk/products/eye-colour-contact-lenses-2-pcs-pair-for-men-women-high-quality-1-year-use-full-set-case-liquid-5ml-case-blue-brown-green-eye-contacts-lenses-i505139513.html,6/13/26,TRUE,5,අවුලක් නෑ.දාන්නක්.ලේසියි.හැබැයි eye solution එක ටිකක් වැඩි කරානම් හොදයි,Color Group:Blue,0,,,,,
grocery,Eye Colour Contact Lenses 2 pcs (Pair) for Men / Women High Quality 1 Year use + Free full set (Case + Liquid 5ml) Blue Brown Green Eye Contacts lenses,https://www.daraz.lk/products/eye-colour-contact-lenses-2-pcs-pair-for-men-women-high-quality-1-year-use-full-set-case-liquid-5ml-case-blue-brown-green-eye-contacts-lenses-i505139513.html,11/16/25,TRUE,5,"it's good 👍 and it's my first time  
l really love it 😀 ❤️",Color Group:Honey,0,,,,,
grocery,Eye Colour Contact Lenses 2 pcs (Pair) for Men / Women High Quality 1 Year use + Free full set (Case + Liquid 5ml) Blue Brown Green Eye Contacts lenses,https://www.daraz.lk/products/eye-colour-contact-lenses-2-pcs-pair-for-men-women-high-quality-1-year-use-full-set-case-liquid-5ml-case-blue-brown-green-eye-contacts-lenses-i505139513.html,4/8/26,TRUE,5,"fast delivery and good product 
highly recommended ❤️❤️",Color Group:Brown,0,,,,,
grocery,Eye Colour Contact Lenses 2 pcs (Pair) for Men / Women High Quality 1 Year use + Free full set (Case + Liquid 5ml) Blue Brown Green Eye Contacts lenses,https://www.daraz.lk/products/eye-colour-contact-lenses-2-pcs-pair-for-men-women-high-quality-1-year-use-full-set-case-liquid-5ml-case-blue-brown-green-eye-contacts-lenses-i505139513.html,2/19/26,TRUE,5,♥️♥️♥️♥️♥️♥️♥️♥️♥️♥️♥️♥️♥️♥️♥️♥️♥️♥️♥️♥️♥️♥️,Color Group:Green,0,,,,,
grocery,Eye Colour Contact Lenses 2 pcs (Pair) for Men / Women High Quality 1 Year use + Free full set (Case + Liquid 5ml) Blue Brown Green Eye Contacts lenses,https://www.daraz.lk/products/eye-colour-contact-lenses-2-pcs-pair-for-men-women-high-quality-1-year-use-full-set-case-liquid-5ml-case-blue-brown-green-eye-contacts-lenses-i505139513.html,9/3/25,TRUE,5,"hodai, ikmanata awa.... recommended,",Color Group:Brown,0,,,,,
grocery,Eye Colour Contact Lenses 2 pcs (Pair) for Men / Women High Quality 1 Year use + Free full set (Case + Liquid 5ml) Blue Brown Green Eye Contacts lenses,https://www.daraz.lk/products/eye-colour-contact-lenses-2-pcs-pair-for-men-women-high-quality-1-year-use-full-set-case-liquid-5ml-case-blue-brown-green-eye-contacts-lenses-i505139513.html,4 hours ago,TRUE,5,"well packed 
soft and same colour",Color Group:Honey,0,,,,,
grocery,Eye Colour Contact Lenses 2 pcs (Pair) for Men / Women High Quality 1 Year use + Free full set (Case + Liquid 5ml) Blue Brown Green Eye Contacts lenses,https://www.daraz.lk/products/eye-colour-contact-lenses-2-pcs-pair-for-men-women-high-quality-1-year-use-full-set-case-liquid-5ml-case-blue-brown-green-eye-contacts-lenses-i505139513.html,10/24/25,TRUE,5,nice 😀😀😀😀😀😀🥰🥰🥰🥰🥰😀😀,Color Group:Brown,0,,,,,
grocery,Eye Colour Contact Lenses 2 pcs (Pair) for Men / Women High Quality 1 Year use + Free full set (Case + Liquid 5ml) Blue Brown Green Eye Contacts lenses,https://www.daraz.lk/products/eye-colour-contact-lenses-2-pcs-pair-for-men-women-high-quality-1-year-use-full-set-case-liquid-5ml-case-blue-brown-green-eye-contacts-lenses-i505139513.html,2/10/26,TRUE,5,Supiri kiyala vadak nh 🥺❤️❤️,වර්ණ කාණ්ඩය:Blue,0,,,,,
grocery,Eye Colour Contact Lenses 2 pcs (Pair) for Men / Women High Quality 1 Year use + Free full set (Case + Liquid 5ml) Blue Brown Green Eye Contacts lenses,https://www.daraz.lk/products/eye-colour-contact-lenses-2-pcs-pair-for-men-women-high-quality-1-year-use-full-set-case-liquid-5ml-case-blue-brown-green-eye-contacts-lenses-i505139513.html,1/17/26,TRUE,5,very fast delivery 🚚 good,Color Group:Grey,0,,,,,
grocery,Eye Colour Contact Lenses 2 pcs (Pair) for Men / Women High Quality 1 Year use + Free full set (Case + Liquid 5ml) Blue Brown Green Eye Contacts lenses,https://www.daraz.lk/products/eye-colour-contact-lenses-2-pcs-pair-for-men-women-high-quality-1-year-use-full-set-case-liquid-5ml-case-blue-brown-green-eye-contacts-lenses-i505139513.html,5/24/26,TRUE,5,l like it ..so beautiful,Color Group:Grey,0,,,,,
grocery,Eye Colour Contact Lenses 2 pcs (Pair) for Men / Women High Quality 1 Year use + Free full set (Case + Liquid 5ml) Blue Brown Green Eye Contacts lenses,https://www.daraz.lk/products/eye-colour-contact-lenses-2-pcs-pair-for-men-women-high-quality-1-year-use-full-set-case-liquid-5ml-case-blue-brown-green-eye-contacts-lenses-i505139513.html,11/19/25,TRUE,5,very good product 😍🥰,Color Group:Brown,0,,,,,
grocery,Eye Colour Contact Lenses 2 pcs (Pair) for Men / Women High Quality 1 Year use + Free full set (Case + Liquid 5ml) Blue Brown Green Eye Contacts lenses,https://www.daraz.lk/products/eye-colour-contact-lenses-2-pcs-pair-for-men-women-high-quality-1-year-use-full-set-case-liquid-5ml-case-blue-brown-green-eye-contacts-lenses-i505139513.html,9/17/25,TRUE,5,"oder eka awa,supiri❤️",Color Group:දුඹුරු,0,,,,,
grocery,Eye Colour Contact Lenses 2 pcs (Pair) for Men / Women High Quality 1 Year use + Free full set (Case + Liquid 5ml) Blue Brown Green Eye Contacts lenses,https://www.daraz.lk/products/eye-colour-contact-lenses-2-pcs-pair-for-men-women-high-quality-1-year-use-full-set-case-liquid-5ml-case-blue-brown-green-eye-contacts-lenses-i505139513.html,1/27/26,TRUE,5,super and original,Color Group:Turquoise,0,,,,,
grocery,Eye Colour Contact Lenses 2 pcs (Pair) for Men / Women High Quality 1 Year use + Free full set (Case + Liquid 5ml) Blue Brown Green Eye Contacts lenses,https://www.daraz.lk/products/eye-colour-contact-lenses-2-pcs-pair-for-men-women-high-quality-1-year-use-full-set-case-liquid-5ml-case-blue-brown-green-eye-contacts-lenses-i505139513.html,6/6/26,TRUE,5,ලස්සනට තිබුනා ❤️,වර්ණ කාණ්ඩය:Blue,0,,,,,
grocery,Eye Colour Contact Lenses 2 pcs (Pair) for Men / Women High Quality 1 Year use + Free full set (Case + Liquid 5ml) Blue Brown Green Eye Contacts lenses,https://www.daraz.lk/products/eye-colour-contact-lenses-2-pcs-pair-for-men-women-high-quality-1-year-use-full-set-case-liquid-5ml-case-blue-brown-green-eye-contacts-lenses-i505139513.html,4/27/26,TRUE,5,hodai .aulak na,Color Group:Grey,0,,,,,
grocery,Eye Colour Contact Lenses 2 pcs (Pair) for Men / Women High Quality 1 Year use + Free full set (Case + Liquid 5ml) Blue Brown Green Eye Contacts lenses,https://www.daraz.lk/products/eye-colour-contact-lenses-2-pcs-pair-for-men-women-high-quality-1-year-use-full-set-case-liquid-5ml-case-blue-brown-green-eye-contacts-lenses-i505139513.html,9/6/25,TRUE,5,Good product,Color Group:Grey,0,,,,,
grocery,Eye Colour Contact Lenses 2 pcs (Pair) for Men / Women High Quality 1 Year use + Free full set (Case + Liquid 5ml) Blue Brown Green Eye Contacts lenses,https://www.daraz.lk/products/eye-colour-contact-lenses-2-pcs-pair-for-men-women-high-quality-1-year-use-full-set-case-liquid-5ml-case-blue-brown-green-eye-contacts-lenses-i505139513.html,4/3/26,TRUE,5,i like this,Color Group:Grey,0,,,,,
grocery,Eye Colour Contact Lenses 2 pcs (Pair) for Men / Women High Quality 1 Year use + Free full set (Case + Liquid 5ml) Blue Brown Green Eye Contacts lenses,https://www.daraz.lk/products/eye-colour-contact-lenses-2-pcs-pair-for-men-women-high-quality-1-year-use-full-set-case-liquid-5ml-case-blue-brown-green-eye-contacts-lenses-i505139513.html,6/22/25,TRUE,5,සුපිරියක්,Color Group:Green,0,,,,,
grocery,Eye Colour Contact Lenses 2 pcs (Pair) for Men / Women High Quality 1 Year use + Free full set (Case + Liquid 5ml) Blue Brown Green Eye Contacts lenses,https://www.daraz.lk/products/eye-colour-contact-lenses-2-pcs-pair-for-men-women-high-quality-1-year-use-full-set-case-liquid-5ml-case-blue-brown-green-eye-contacts-lenses-i505139513.html,9/19/25,TRUE,5,niyamai,වර්ණ කාණ්ඩය:දුඹුරු,0,,,,,
grocery,Eye Colour Contact Lenses 2 pcs (Pair) for Men / Women High Quality 1 Year use + Free full set (Case + Liquid 5ml) Blue Brown Green Eye Contacts lenses,https://www.daraz.lk/products/eye-colour-contact-lenses-2-pcs-pair-for-men-women-high-quality-1-year-use-full-set-case-liquid-5ml-case-blue-brown-green-eye-contacts-lenses-i505139513.html,4/3/26,TRUE,5,Nice one,Color Group:Grey,0,,,,,
grocery,Eye Colour Contact Lenses 2 pcs (Pair) for Men / Women High Quality 1 Year use + Free full set (Case + Liquid 5ml) Blue Brown Green Eye Contacts lenses,https://www.daraz.lk/products/eye-colour-contact-lenses-2-pcs-pair-for-men-women-high-quality-1-year-use-full-set-case-liquid-5ml-case-blue-brown-green-eye-contacts-lenses-i505139513.html,8/19/25,TRUE,5,Nice,Color Group:Green,0,,,,,
grocery,Eye Colour Contact Lenses 2 pcs (Pair) for Men / Women High Quality 1 Year use + Free full set (Case + Liquid 5ml) Blue Brown Green Eye Contacts lenses,https://www.daraz.lk/products/eye-colour-contact-lenses-2-pcs-pair-for-men-women-high-quality-1-year-use-full-set-case-liquid-5ml-case-blue-brown-green-eye-contacts-lenses-i505139513.html,4/3/26,TRUE,5,Good,Color Group:Grey,0,,,,,
grocery,Eye Colour Contact Lenses 2 pcs (Pair) for Men / Women High Quality 1 Year use + Free full set (Case + Liquid 5ml) Blue Brown Green Eye Contacts lenses,https://www.daraz.lk/products/eye-colour-contact-lenses-2-pcs-pair-for-men-women-high-quality-1-year-use-full-set-case-liquid-5ml-case-blue-brown-green-eye-contacts-lenses-i505139513.html,11/12/25,TRUE,4,Good🤍,Color Group:Brown,0,,,,,
grocery,Eye Colour Contact Lenses 2 pcs (Pair) for Men / Women High Quality 1 Year use + Free full set (Case + Liquid 5ml) Blue Brown Green Eye Contacts lenses,https://www.daraz.lk/products/eye-colour-contact-lenses-2-pcs-pair-for-men-women-high-quality-1-year-use-full-set-case-liquid-5ml-case-blue-brown-green-eye-contacts-lenses-i505139513.html,5/10/26,TRUE,5,Nice,Color Group:Grey,0,,,,,
grocery,Eye Colour Contact Lenses 2 pcs (Pair) for Men / Women High Quality 1 Year use + Free full set (Case + Liquid 5ml) Blue Brown Green Eye Contacts lenses,https://www.daraz.lk/products/eye-colour-contact-lenses-2-pcs-pair-for-men-women-high-quality-1-year-use-full-set-case-liquid-5ml-case-blue-brown-green-eye-contacts-lenses-i505139513.html,4/10/26,TRUE,5,Good one,Color Group:Blue,0,,,,,
grocery,Eye Colour Contact Lenses 2 pcs (Pair) for Men / Women High Quality 1 Year use + Free full set (Case + Liquid 5ml) Blue Brown Green Eye Contacts lenses,https://www.daraz.lk/products/eye-colour-contact-lenses-2-pcs-pair-for-men-women-high-quality-1-year-use-full-set-case-liquid-5ml-case-blue-brown-green-eye-contacts-lenses-i505139513.html,1/25/26,TRUE,5,,Color Group:Blue,2,,,,,
grocery,Eye Colour Contact Lenses 2 pcs (Pair) for Men / Women High Quality 1 Year use + Free full set (Case + Liquid 5ml) Blue Brown Green Eye Contacts lenses,https://www.daraz.lk/products/eye-colour-contact-lenses-2-pcs-pair-for-men-women-high-quality-1-year-use-full-set-case-liquid-5ml-case-blue-brown-green-eye-contacts-lenses-i505139513.html,11/19/25,TRUE,5,,Color Group:Brown,0,,,,,
grocery,Eye Colour Contact Lenses 2 pcs (Pair) for Men / Women High Quality 1 Year use + Free full set (Case + Liquid 5ml) Blue Brown Green Eye Contacts lenses,https://www.daraz.lk/products/eye-colour-contact-lenses-2-pcs-pair-for-men-women-high-quality-1-year-use-full-set-case-liquid-5ml-case-blue-brown-green-eye-contacts-lenses-i505139513.html,6/13/26,TRUE,5,,Color Group:Honey,0,,,,,
grocery,Eye Colour Contact Lenses 2 pcs (Pair) for Men / Women High Quality 1 Year use + Free full set (Case + Liquid 5ml) Blue Brown Green Eye Contacts lenses,https://www.daraz.lk/products/eye-colour-contact-lenses-2-pcs-pair-for-men-women-high-quality-1-year-use-full-set-case-liquid-5ml-case-blue-brown-green-eye-contacts-lenses-i505139513.html,21 hours ago,TRUE,5,,Color Group:Blue,0,,,,,
grocery,Eye Colour Contact Lenses 2 pcs (Pair) for Men / Women High Quality 1 Year use + Free full set (Case + Liquid 5ml) Blue Brown Green Eye Contacts lenses,https://www.daraz.lk/products/eye-colour-contact-lenses-2-pcs-pair-for-men-women-high-quality-1-year-use-full-set-case-liquid-5ml-case-blue-brown-green-eye-contacts-lenses-i505139513.html,3/23/26,TRUE,1,"Very very low quality product don't buy it
Very worst this is damage your eyes it's irritating to eyes and eye change to red coler in a 5 seconds don't buy low price lenses it's always a  worst product buy a good quality lens Use less money",Color Group:Pure Hazel,0,,,,,
grocery,Eye Colour Contact Lenses 2 pcs (Pair) for Men / Women High Quality 1 Year use + Free full set (Case + Liquid 5ml) Blue Brown Green Eye Contacts lenses,https://www.daraz.lk/products/eye-colour-contact-lenses-2-pcs-pair-for-men-women-high-quality-1-year-use-full-set-case-liquid-5ml-case-blue-brown-green-eye-contacts-lenses-i505139513.html,2/26/26,TRUE,1,I ordered gray but this is siri gray,Color Group:Grey,0,,,,,
grocery,Eye Colour Contact Lenses 2 pcs (Pair) for Men / Women High Quality 1 Year use + Free full set (Case + Liquid 5ml) Blue Brown Green Eye Contacts lenses,https://www.daraz.lk/products/eye-colour-contact-lenses-2-pcs-pair-for-men-women-high-quality-1-year-use-full-set-case-liquid-5ml-case-blue-brown-green-eye-contacts-lenses-i505139513.html,9/13/25,TRUE,1,item damage,Color Group:Brown,0,,,,,
grocery,Eye Colour Contact Lenses 2 pcs (Pair) for Men / Women High Quality 1 Year use + Free full set (Case + Liquid 5ml) Blue Brown Green Eye Contacts lenses,https://www.daraz.lk/products/eye-colour-contact-lenses-2-pcs-pair-for-men-women-high-quality-1-year-use-full-set-case-liquid-5ml-case-blue-brown-green-eye-contacts-lenses-i505139513.html,6/13/26,TRUE,1,brown 🤢👀,Color Group:Brown,0,,,,,
grocery,"50PCS Deep Cleaning Dental Floss Picks – Original Flavor, Strong Polyester Thread for Gentle but Effective Oral Care – Convenient and Disposable for Daily and Travel Use",https://www.daraz.lk/products/50pcs-cleaning-dental-floss-picks-flavor-polyester-thread-gentle-but-effective-oral-convenient-disposable-use-i563081893.html,1/5/26,TRUE,5,"The product is good, i like the thing, good packaging, arrived panctually and safely
Will purchase product again here, hope this shop will grow bigger and always have good product",Color:50pcs,0,,,,,
grocery,"50PCS Deep Cleaning Dental Floss Picks – Original Flavor, Strong Polyester Thread for Gentle but Effective Oral Care – Convenient and Disposable for Daily and Travel Use",https://www.daraz.lk/products/50pcs-cleaning-dental-floss-picks-flavor-polyester-thread-gentle-but-effective-oral-convenient-disposable-use-i563081893.html,9/4/25,TRUE,5,This product is considered very suitable for cleaning the university. And it was very effective in removing food particles from between the 🪥🪥🪥🪥🪥🪥#win,Color:50pcs,0,,,,,
grocery,"50PCS Deep Cleaning Dental Floss Picks – Original Flavor, Strong Polyester Thread for Gentle but Effective Oral Care – Convenient and Disposable for Daily and Travel Use",https://www.daraz.lk/products/50pcs-cleaning-dental-floss-picks-flavor-polyester-thread-gentle-but-effective-oral-convenient-disposable-use-i563081893.html,6/20/26,TRUE,5,"fast delivery, good product, worth the money.",Color:50pcs,0,,,,,
grocery,"50PCS Deep Cleaning Dental Floss Picks – Original Flavor, Strong Polyester Thread for Gentle but Effective Oral Care – Convenient and Disposable for Daily and Travel Use",https://www.daraz.lk/products/50pcs-cleaning-dental-floss-picks-flavor-polyester-thread-gentle-but-effective-oral-convenient-disposable-use-i563081893.html,3/7/26,TRUE,5,very very good product and very useful,Color:50pcs,0,,,,,
grocery,"50PCS Deep Cleaning Dental Floss Picks – Original Flavor, Strong Polyester Thread for Gentle but Effective Oral Care – Convenient and Disposable for Daily and Travel Use",https://www.daraz.lk/products/50pcs-cleaning-dental-floss-picks-flavor-polyester-thread-gentle-but-effective-oral-convenient-disposable-use-i563081893.html,10/3/25,TRUE,5,The product is Good. very Useful item,Color:50pcs,0,,,,,
grocery,"50PCS Deep Cleaning Dental Floss Picks – Original Flavor, Strong Polyester Thread for Gentle but Effective Oral Care – Convenient and Disposable for Daily and Travel Use",https://www.daraz.lk/products/50pcs-cleaning-dental-floss-picks-flavor-polyester-thread-gentle-but-effective-oral-convenient-disposable-use-i563081893.html,9/6/25,TRUE,5,Good worth for the price,Color:50pcs,0,,,,,
grocery,"50PCS Deep Cleaning Dental Floss Picks – Original Flavor, Strong Polyester Thread for Gentle but Effective Oral Care – Convenient and Disposable for Daily and Travel Use",https://www.daraz.lk/products/50pcs-cleaning-dental-floss-picks-flavor-polyester-thread-gentle-but-effective-oral-convenient-disposable-use-i563081893.html,4/5/26,TRUE,5,Good product 👌 👍 👏 ☺️,Color:50pcs,0,,,,,
grocery,"50PCS Deep Cleaning Dental Floss Picks – Original Flavor, Strong Polyester Thread for Gentle but Effective Oral Care – Convenient and Disposable for Daily and Travel Use",https://www.daraz.lk/products/50pcs-cleaning-dental-floss-picks-flavor-polyester-thread-gentle-but-effective-oral-convenient-disposable-use-i563081893.html,9/1/25,TRUE,5,fast delivery 😍,Color:50pcs,0,,,,,
grocery,"50PCS Deep Cleaning Dental Floss Picks – Original Flavor, Strong Polyester Thread for Gentle but Effective Oral Care – Convenient and Disposable for Daily and Travel Use",https://www.daraz.lk/products/50pcs-cleaning-dental-floss-picks-flavor-polyester-thread-gentle-but-effective-oral-convenient-disposable-use-i563081893.html,9/13/25,TRUE,5,Good product,Color:50pcs,0,,,,,
grocery,"50PCS Deep Cleaning Dental Floss Picks – Original Flavor, Strong Polyester Thread for Gentle but Effective Oral Care – Convenient and Disposable for Daily and Travel Use",https://www.daraz.lk/products/50pcs-cleaning-dental-floss-picks-flavor-polyester-thread-gentle-but-effective-oral-convenient-disposable-use-i563081893.html,4/30/26,TRUE,5,nice 👍,Color:50pcs,0,,,,,
grocery,"50PCS Deep Cleaning Dental Floss Picks – Original Flavor, Strong Polyester Thread for Gentle but Effective Oral Care – Convenient and Disposable for Daily and Travel Use",https://www.daraz.lk/products/50pcs-cleaning-dental-floss-picks-flavor-polyester-thread-gentle-but-effective-oral-convenient-disposable-use-i563081893.html,5/6/26,TRUE,5,Good,Color:50pcs,0,,,,,
grocery,"50PCS Deep Cleaning Dental Floss Picks – Original Flavor, Strong Polyester Thread for Gentle but Effective Oral Care – Convenient and Disposable for Daily and Travel Use",https://www.daraz.lk/products/50pcs-cleaning-dental-floss-picks-flavor-polyester-thread-gentle-but-effective-oral-convenient-disposable-use-i563081893.html,10/21/25,TRUE,5,"Very good quality, strong,most impressed will purchase again , very good.",Color:50pcs,0,,,,,
grocery,"50PCS Deep Cleaning Dental Floss Picks – Original Flavor, Strong Polyester Thread for Gentle but Effective Oral Care – Convenient and Disposable for Daily and Travel Use",https://www.daraz.lk/products/50pcs-cleaning-dental-floss-picks-flavor-polyester-thread-gentle-but-effective-oral-convenient-disposable-use-i563081893.html,3/19/26,TRUE,5,fast delivery and very good in condition happy with the order!,Color:50pcs,0,,,,,
grocery,"50PCS Deep Cleaning Dental Floss Picks – Original Flavor, Strong Polyester Thread for Gentle but Effective Oral Care – Convenient and Disposable for Daily and Travel Use",https://www.daraz.lk/products/50pcs-cleaning-dental-floss-picks-flavor-polyester-thread-gentle-but-effective-oral-convenient-disposable-use-i563081893.html,9/19/25,TRUE,5,"Good packaging, and quality of the picks are also good.",Color:50pcs,0,,,,,
grocery,"50PCS Deep Cleaning Dental Floss Picks – Original Flavor, Strong Polyester Thread for Gentle but Effective Oral Care – Convenient and Disposable for Daily and Travel Use",https://www.daraz.lk/products/50pcs-cleaning-dental-floss-picks-flavor-polyester-thread-gentle-but-effective-oral-convenient-disposable-use-i563081893.html,9/11/25,TRUE,5,qualityය හොදයි. එන්න ඕන කාලය ඇතුලත ලැබුනා.,Color:50pcs,0,,,,,
grocery,"50PCS Deep Cleaning Dental Floss Picks – Original Flavor, Strong Polyester Thread for Gentle but Effective Oral Care – Convenient and Disposable for Daily and Travel Use",https://www.daraz.lk/products/50pcs-cleaning-dental-floss-picks-flavor-polyester-thread-gentle-but-effective-oral-convenient-disposable-use-i563081893.html,8/31/25,TRUE,5,Just what I wanted and really good value.,Color:50pcs,0,,,,,
grocery,"50PCS Deep Cleaning Dental Floss Picks – Original Flavor, Strong Polyester Thread for Gentle but Effective Oral Care – Convenient and Disposable for Daily and Travel Use",https://www.daraz.lk/products/50pcs-cleaning-dental-floss-picks-flavor-polyester-thread-gentle-but-effective-oral-convenient-disposable-use-i563081893.html,1/16/26,TRUE,5,Quality Product. Reasonable Price ❤️,Color:50pcs,0,,,,,
grocery,"50PCS Deep Cleaning Dental Floss Picks – Original Flavor, Strong Polyester Thread for Gentle but Effective Oral Care – Convenient and Disposable for Daily and Travel Use",https://www.daraz.lk/products/50pcs-cleaning-dental-floss-picks-flavor-polyester-thread-gentle-but-effective-oral-convenient-disposable-use-i563081893.html,9/12/25,TRUE,1,soow jsjsja jajasmkxlao lsox wonz ak,Color:50pcs,0,,,,,
grocery,"50PCS Deep Cleaning Dental Floss Picks – Original Flavor, Strong Polyester Thread for Gentle but Effective Oral Care – Convenient and Disposable for Daily and Travel Use",https://www.daraz.lk/products/50pcs-cleaning-dental-floss-picks-flavor-polyester-thread-gentle-but-effective-oral-convenient-disposable-use-i563081893.html,9/21/25,TRUE,5,all are good and fast delivery,Color:50pcs,0,,,,,
grocery,"50PCS Deep Cleaning Dental Floss Picks – Original Flavor, Strong Polyester Thread for Gentle but Effective Oral Care – Convenient and Disposable for Daily and Travel Use",https://www.daraz.lk/products/50pcs-cleaning-dental-floss-picks-flavor-polyester-thread-gentle-but-effective-oral-convenient-disposable-use-i563081893.html,5/20/26,TRUE,5,it is good trust the seller,Color:50pcs,0,,,,,
grocery,"50PCS Deep Cleaning Dental Floss Picks – Original Flavor, Strong Polyester Thread for Gentle but Effective Oral Care – Convenient and Disposable for Daily and Travel Use",https://www.daraz.lk/products/50pcs-cleaning-dental-floss-picks-flavor-polyester-thread-gentle-but-effective-oral-convenient-disposable-use-i563081893.html,4/6/26,TRUE,5,"Good 
worth the money",Color:50pcs,0,,,,,
grocery,"50PCS Deep Cleaning Dental Floss Picks – Original Flavor, Strong Polyester Thread for Gentle but Effective Oral Care – Convenient and Disposable for Daily and Travel Use",https://www.daraz.lk/products/50pcs-cleaning-dental-floss-picks-flavor-polyester-thread-gentle-but-effective-oral-convenient-disposable-use-i563081893.html,12/6/25,TRUE,5,Excellent product 👍,Color:50pcs,0,,,,,
grocery,"50PCS Deep Cleaning Dental Floss Picks – Original Flavor, Strong Polyester Thread for Gentle but Effective Oral Care – Convenient and Disposable for Daily and Travel Use",https://www.daraz.lk/products/50pcs-cleaning-dental-floss-picks-flavor-polyester-thread-gentle-but-effective-oral-convenient-disposable-use-i563081893.html,11/16/25,TRUE,5,quality product,Color:50pcs,0,,,,,
grocery,"50PCS Deep Cleaning Dental Floss Picks – Original Flavor, Strong Polyester Thread for Gentle but Effective Oral Care – Convenient and Disposable for Daily and Travel Use",https://www.daraz.lk/products/50pcs-cleaning-dental-floss-picks-flavor-polyester-thread-gentle-but-effective-oral-convenient-disposable-use-i563081893.html,10/25/25,TRUE,5,good product,Color:50pcs,0,,,,,
grocery,"50PCS Deep Cleaning Dental Floss Picks – Original Flavor, Strong Polyester Thread for Gentle but Effective Oral Care – Convenient and Disposable for Daily and Travel Use",https://www.daraz.lk/products/50pcs-cleaning-dental-floss-picks-flavor-polyester-thread-gentle-but-effective-oral-convenient-disposable-use-i563081893.html,10/18/25,TRUE,5,good products,Color:50pcs,0,,,,,
grocery,"50PCS Deep Cleaning Dental Floss Picks – Original Flavor, Strong Polyester Thread for Gentle but Effective Oral Care – Convenient and Disposable for Daily and Travel Use",https://www.daraz.lk/products/50pcs-cleaning-dental-floss-picks-flavor-polyester-thread-gentle-but-effective-oral-convenient-disposable-use-i563081893.html,5/30/26,TRUE,5,good quality,Color:50pcs,0,,,,,
grocery,"50PCS Deep Cleaning Dental Floss Picks – Original Flavor, Strong Polyester Thread for Gentle but Effective Oral Care – Convenient and Disposable for Daily and Travel Use",https://www.daraz.lk/products/50pcs-cleaning-dental-floss-picks-flavor-polyester-thread-gentle-but-effective-oral-convenient-disposable-use-i563081893.html,3/14/26,TRUE,5,nice good,Color:50pcs,0,,,,,
grocery,"50PCS Deep Cleaning Dental Floss Picks – Original Flavor, Strong Polyester Thread for Gentle but Effective Oral Care – Convenient and Disposable for Daily and Travel Use",https://www.daraz.lk/products/50pcs-cleaning-dental-floss-picks-flavor-polyester-thread-gentle-but-effective-oral-convenient-disposable-use-i563081893.html,22 hours ago,TRUE,5,very good,Color:50pcs,0,,,,,
grocery,"50PCS Deep Cleaning Dental Floss Picks – Original Flavor, Strong Polyester Thread for Gentle but Effective Oral Care – Convenient and Disposable for Daily and Travel Use",https://www.daraz.lk/products/50pcs-cleaning-dental-floss-picks-flavor-polyester-thread-gentle-but-effective-oral-convenient-disposable-use-i563081893.html,5/7/26,TRUE,5,good one,Color:50pcs,0,,,,,
grocery,"50PCS Deep Cleaning Dental Floss Picks – Original Flavor, Strong Polyester Thread for Gentle but Effective Oral Care – Convenient and Disposable for Daily and Travel Use",https://www.daraz.lk/products/50pcs-cleaning-dental-floss-picks-flavor-polyester-thread-gentle-but-effective-oral-convenient-disposable-use-i563081893.html,9/15/25,TRUE,5,good,Color:50pcs,0,,,,,
grocery,"50PCS Deep Cleaning Dental Floss Picks – Original Flavor, Strong Polyester Thread for Gentle but Effective Oral Care – Convenient and Disposable for Daily and Travel Use",https://www.daraz.lk/products/50pcs-cleaning-dental-floss-picks-flavor-polyester-thread-gentle-but-effective-oral-convenient-disposable-use-i563081893.html,11/18/25,TRUE,5,nice,Color:50pcs,0,,,,,
grocery,"50PCS Deep Cleaning Dental Floss Picks – Original Flavor, Strong Polyester Thread for Gentle but Effective Oral Care – Convenient and Disposable for Daily and Travel Use",https://www.daraz.lk/products/50pcs-cleaning-dental-floss-picks-flavor-polyester-thread-gentle-but-effective-oral-convenient-disposable-use-i563081893.html,3/8/26,TRUE,5,A +++,Color:50pcs,0,,,,,
grocery,"50PCS Deep Cleaning Dental Floss Picks – Original Flavor, Strong Polyester Thread for Gentle but Effective Oral Care – Convenient and Disposable for Daily and Travel Use",https://www.daraz.lk/products/50pcs-cleaning-dental-floss-picks-flavor-polyester-thread-gentle-but-effective-oral-convenient-disposable-use-i563081893.html,5/2/26,TRUE,5,good,Color:50pcs,0,,,,,
grocery,"50PCS Deep Cleaning Dental Floss Picks – Original Flavor, Strong Polyester Thread for Gentle but Effective Oral Care – Convenient and Disposable for Daily and Travel Use",https://www.daraz.lk/products/50pcs-cleaning-dental-floss-picks-flavor-polyester-thread-gentle-but-effective-oral-convenient-disposable-use-i563081893.html,5/16/26,TRUE,5,10-Oct,Color:50pcs,0,,,,,
grocery,"50PCS Deep Cleaning Dental Floss Picks – Original Flavor, Strong Polyester Thread for Gentle but Effective Oral Care – Convenient and Disposable for Daily and Travel Use",https://www.daraz.lk/products/50pcs-cleaning-dental-floss-picks-flavor-polyester-thread-gentle-but-effective-oral-convenient-disposable-use-i563081893.html,5/20/26,TRUE,5,good,Color:50pcs,0,,,,,
grocery,"50PCS Deep Cleaning Dental Floss Picks – Original Flavor, Strong Polyester Thread for Gentle but Effective Oral Care – Convenient and Disposable for Daily and Travel Use",https://www.daraz.lk/products/50pcs-cleaning-dental-floss-picks-flavor-polyester-thread-gentle-but-effective-oral-convenient-disposable-use-i563081893.html,9/9/25,TRUE,5,Good,Color:50pcs,0,,,,,
grocery,"50PCS Deep Cleaning Dental Floss Picks – Original Flavor, Strong Polyester Thread for Gentle but Effective Oral Care – Convenient and Disposable for Daily and Travel Use",https://www.daraz.lk/products/50pcs-cleaning-dental-floss-picks-flavor-polyester-thread-gentle-but-effective-oral-convenient-disposable-use-i563081893.html,12/25/25,TRUE,5,,Color:50pcs,0,,,,,
grocery,"50PCS Deep Cleaning Dental Floss Picks – Original Flavor, Strong Polyester Thread for Gentle but Effective Oral Care – Convenient and Disposable for Daily and Travel Use",https://www.daraz.lk/products/50pcs-cleaning-dental-floss-picks-flavor-polyester-thread-gentle-but-effective-oral-convenient-disposable-use-i563081893.html,12/19/25,TRUE,5,,Color:50pcs,0,,,,,
grocery,Smartt Pregnancy Test Midstream,https://www.daraz.lk/products/smartt-midstream-i183512195.html,7/9/24,TRUE,5,Super fast delivery ❤️,,0,,,,,
grocery,Smartt Pregnancy Test Midstream,https://www.daraz.lk/products/smartt-midstream-i183512195.html,1/13/26,TRUE,5,"Order eka nam ekmntma labuna, et box ewa talila , podi wela tibune .",,0,,,,,
grocery,Smartt Pregnancy Test Midstream,https://www.daraz.lk/products/smartt-midstream-i183512195.html,9/26/24,TRUE,5,"good 👍 
it's extra sensitive it detects hcg before missed period",,0,,,,,
grocery,Smartt Pregnancy Test Midstream,https://www.daraz.lk/products/smartt-midstream-i183512195.html,2/15/24,TRUE,5,"Excellent delivery service, I received the parcel within 6 hours of placing the order",,0,,,,,
grocery,Smartt Pregnancy Test Midstream,https://www.daraz.lk/products/smartt-midstream-i183512195.html,4/10/25,TRUE,5,Good product.Highly recommend 😘,,0,,,,,
grocery,Smartt Pregnancy Test Midstream,https://www.daraz.lk/products/smartt-midstream-i183512195.html,8/6/25,TRUE,5,thanks good product,,0,,,,,
grocery,Smartt Pregnancy Test Midstream,https://www.daraz.lk/products/smartt-midstream-i183512195.html,4/2/25,TRUE,5,good fast delivery,,0,,,,,
grocery,Smartt Pregnancy Test Midstream,https://www.daraz.lk/products/smartt-midstream-i183512195.html,9/12/25,TRUE,5,good prodait,,0,,,,,
grocery,Smartt Pregnancy Test Midstream,https://www.daraz.lk/products/smartt-midstream-i183512195.html,1/16/25,TRUE,5,bnn,,0,,,,,
grocery,Smartt Pregnancy Test Midstream,https://www.daraz.lk/products/smartt-midstream-i183512195.html,8/1/24,TRUE,5,super fast delivered thank you 💯🙏🏻,,0,,,,,
grocery,Smartt Pregnancy Test Midstream,https://www.daraz.lk/products/smartt-midstream-i183512195.html,8/27/24,TRUE,5,Didnt diliver yet,,0,,,,,
grocery,Smartt Pregnancy Test Midstream,https://www.daraz.lk/products/smartt-midstream-i183512195.html,8/6/24,TRUE,5,Good,,0,,,,,
grocery,Smartt Pregnancy Test Midstream,https://www.daraz.lk/products/smartt-midstream-i183512195.html,8/5/24,TRUE,5,good product,,0,,,,,
grocery,Smartt Pregnancy Test Midstream,https://www.daraz.lk/products/smartt-midstream-i183512195.html,7/30/24,TRUE,5,Supportive rider,,0,,,,,
grocery,Smartt Pregnancy Test Midstream,https://www.daraz.lk/products/smartt-midstream-i183512195.html,7/26/24,TRUE,4,Gd,,0,,,,,
grocery,Smartt Pregnancy Test Midstream,https://www.daraz.lk/products/smartt-midstream-i183512195.html,9/26/24,TRUE,5,"good product 👌 
it detects hcg before missed periods
extra sensitive pregnancy test",,0,,,,,
grocery,Smartt Pregnancy Test Midstream,https://www.daraz.lk/products/smartt-midstream-i183512195.html,7/29/23,TRUE,5,good product 👍,,0,,,,,
grocery,Smartt Pregnancy Test Midstream,https://www.daraz.lk/products/smartt-midstream-i183512195.html,3/22/25,TRUE,5,Perfect its detected before my period missed. Highly recommended.,,0,,,,,
grocery,Smartt Pregnancy Test Midstream,https://www.daraz.lk/products/smartt-midstream-i183512195.html,11/21/24,TRUE,5,Excellent service. Quick delivery. Highly recommended seller.,,0,,,,,
grocery,Smartt Pregnancy Test Midstream,https://www.daraz.lk/products/smartt-midstream-i183512195.html,1/18/25,TRUE,5,"super fast delivery 🥰
Thank you 
this my 2nd order",,0,,,,,
grocery,Smartt Pregnancy Test Midstream,https://www.daraz.lk/products/smartt-midstream-i183512195.html,8/19/25,TRUE,5,Quick delivery. Accurate results. Thank you so much,,0,,,,,
grocery,Smartt Pregnancy Test Midstream,https://www.daraz.lk/products/smartt-midstream-i183512195.html,1/4/25,TRUE,5,fast delivery didn't test yet . hope itll works,,0,,,,,
grocery,Smartt Pregnancy Test Midstream,https://www.daraz.lk/products/smartt-midstream-i183512195.html,9/15/25,TRUE,5,I ordered 4 of them good quality reliable tests,,0,,,,,
grocery,Smartt Pregnancy Test Midstream,https://www.daraz.lk/products/smartt-midstream-i183512195.html,12/7/23,TRUE,5,I placed the order in the morning and delivered it in the evening. superfast delivery!,,0,,,,,
grocery,Smartt Pregnancy Test Midstream,https://www.daraz.lk/products/smartt-midstream-i183512195.html,12/10/24,TRUE,5,Thats good but only one timw can use 🥲,,0,,,,,
grocery,Smartt Pregnancy Test Midstream,https://www.daraz.lk/products/smartt-midstream-i183512195.html,8/15/25,TRUE,5,මගේ දෙවනි ඇණවුම.හොදයි.ගෙවන මිලට වටිනවා.,,0,,,,,
grocery,Smartt Pregnancy Test Midstream,https://www.daraz.lk/products/smartt-midstream-i183512195.html,11/11/25,TRUE,5,"very good product ,it works properly",,0,,,,,
grocery,Smartt Pregnancy Test Midstream,https://www.daraz.lk/products/smartt-midstream-i183512195.html,6/5/25,TRUE,5,fast delivery.and good product...,,0,,,,,
grocery,Smartt Pregnancy Test Midstream,https://www.daraz.lk/products/smartt-midstream-i183512195.html,4/25/25,TRUE,5,fast delivery and good product,,0,,,,,
grocery,Smartt Pregnancy Test Midstream,https://www.daraz.lk/products/smartt-midstream-i183512195.html,4/25/25,TRUE,5,fast delivery:) not yet used,fast delivery:) not yet used  ,0,,,,,
grocery,Smartt Pregnancy Test Midstream,https://www.daraz.lk/products/smartt-midstream-i183512195.html,2/19/26,TRUE,5,thanks for the delivery,,0,,,,,
grocery,Smartt Pregnancy Test Midstream,https://www.daraz.lk/products/smartt-midstream-i183512195.html,11/22/24,TRUE,5,Quick delivery 📦 👍🏻,,0,,,,,
grocery,Smartt Pregnancy Test Midstream,https://www.daraz.lk/products/smartt-midstream-i183512195.html,3/4/25,TRUE,5,it's very good product,,0,,,,,
grocery,Smartt Pregnancy Test Midstream,https://www.daraz.lk/products/smartt-midstream-i183512195.html,3/31/25,TRUE,5,good fast delivery 🚚,,0,,,,,
grocery,Smartt Pregnancy Test Midstream,https://www.daraz.lk/products/smartt-midstream-i183512195.html,11/24/25,TRUE,5,very quick delivery,,0,,,,,
grocery,Smartt Pregnancy Test Midstream,https://www.daraz.lk/products/smartt-midstream-i183512195.html,4/30/25,TRUE,5,Recived. Thank you,,0,,,,,
grocery,Smartt Pregnancy Test Midstream,https://www.daraz.lk/products/smartt-midstream-i183512195.html,2/12/25,TRUE,5,Its not working,,0,,,,,
grocery,Smartt Pregnancy Test Midstream,https://www.daraz.lk/products/smartt-midstream-i183512195.html,9/25/25,TRUE,5,Fast delivery 👍,,0,,,,,
grocery,Smartt Pregnancy Test Midstream,https://www.daraz.lk/products/smartt-midstream-i183512195.html,11/20/25,TRUE,5,good product!,,0,,,,,
grocery,Smartt Pregnancy Test Midstream,https://www.daraz.lk/products/smartt-midstream-i183512195.html,11/13/24,TRUE,5,good product,,0,,,,,
grocery,Smartt Pregnancy Test Midstream,https://www.daraz.lk/products/smartt-midstream-i183512195.html,11/26/24,TRUE,5,worked well,,0,,,,,
grocery,Smartt Pregnancy Test Midstream,https://www.daraz.lk/products/smartt-midstream-i183512195.html,7/28/24,TRUE,3,"Best product 
Speed delivery 👍👍",,0,,,,,
grocery,Smartt Pregnancy Test Midstream,https://www.daraz.lk/products/smartt-midstream-i183512195.html,11/16/24,TRUE,5,Good,,0,,,,,
grocery,Smartt Pregnancy Test Midstream,https://www.daraz.lk/products/smartt-midstream-i183512195.html,1/8/25,TRUE,5,Good,,0,,,,,
grocery,Smartt Pregnancy Test Midstream,https://www.daraz.lk/products/smartt-midstream-i183512195.html,2/10/25,TRUE,5,received,,0,,,,,
grocery,Smartt Pregnancy Test Midstream,https://www.daraz.lk/products/smartt-midstream-i183512195.html,11/27/25,TRUE,5,nice.,,0,,,,,
grocery,Smartt Pregnancy Test Midstream,https://www.daraz.lk/products/smartt-midstream-i183512195.html,11/19/24,TRUE,5,nice,,0,,,,,
grocery,Smartt Pregnancy Test Midstream,https://www.daraz.lk/products/smartt-midstream-i183512195.html,7/1/25,TRUE,5,Good,,0,,,,,
grocery,Smartt Pregnancy Test Midstream,https://www.daraz.lk/products/smartt-midstream-i183512195.html,4/4/25,TRUE,5,super,,0,,,,,
grocery,Smartt Pregnancy Test Midstream,https://www.daraz.lk/products/smartt-midstream-i183512195.html,3/25/25,TRUE,5,good,,0,,,,,
grocery,Smartt Pregnancy Test Midstream,https://www.daraz.lk/products/smartt-midstream-i183512195.html,8/22/25,TRUE,5,❤️❤️,,0,,,,,
grocery,Smartt Pregnancy Test Midstream,https://www.daraz.lk/products/smartt-midstream-i183512195.html,5/19/26,TRUE,5,Good,,0,,,,,
grocery,Smartt Pregnancy Test Midstream,https://www.daraz.lk/products/smartt-midstream-i183512195.html,8/15/24,TRUE,5,👍🏻good,,0,,,,,
grocery,Smartt Pregnancy Test Midstream,https://www.daraz.lk/products/smartt-midstream-i183512195.html,11/12/23,TRUE,5,Delivered within a day 🙌,,0,,,,,
grocery,Smartt Pregnancy Test Midstream,https://www.daraz.lk/products/smartt-midstream-i183512195.html,7/16/23,TRUE,5,fast deliver service .... thank you daraz ❤,,0,,,,,
grocery,Smartt Pregnancy Test Midstream,https://www.daraz.lk/products/smartt-midstream-i183512195.html,7/5/23,TRUE,5,This is one-time use product,,0,,,,,
grocery,Smartt Pregnancy Test Midstream,https://www.daraz.lk/products/smartt-midstream-i183512195.html,6/25/23,TRUE,5,"Packed nicely, yet to use.",,1,,,,,
grocery,Smartt Pregnancy Test Midstream,https://www.daraz.lk/products/smartt-midstream-i183512195.html,7/14/23,TRUE,5,👍🏻👍🏻👍🏻,,0,,,,,
grocery,Smartt Pregnancy Test Midstream,https://www.daraz.lk/products/smartt-midstream-i183512195.html,7/14/23,TRUE,5,👍🏻👍🏻👍🏻,,0,,,,,
grocery,Smartt Pregnancy Test Midstream,https://www.daraz.lk/products/smartt-midstream-i183512195.html,9/9/23,TRUE,5,👍🏻👍🏻👍🏻,,0,,,,,
grocery,Smartt Pregnancy Test Midstream,https://www.daraz.lk/products/smartt-midstream-i183512195.html,9/9/23,TRUE,5,👍🏻👍🏻👍🏻,,0,,,,,
grocery,Smartt Pregnancy Test Midstream,https://www.daraz.lk/products/smartt-midstream-i183512195.html,8/3/23,TRUE,5,👍🏻👍🏻👍🏻,,0,,,,,
grocery,Smartt Pregnancy Test Midstream,https://www.daraz.lk/products/smartt-midstream-i183512195.html,11/17/24,TRUE,5,,,0,,,,,
grocery,Smartt Pregnancy Test Midstream,https://www.daraz.lk/products/smartt-midstream-i183512195.html,9/2/24,TRUE,5,,,0,,,,,
grocery,Smartt Pregnancy Test Midstream,https://www.daraz.lk/products/smartt-midstream-i183512195.html,2/17/24,TRUE,1,Not working. Defect,,0,,,,,
grocery,Smartt Pregnancy Test Midstream,https://www.daraz.lk/products/smartt-midstream-i183512195.html,7/2/24,TRUE,5,,,0,,,,,
grocery,Smartt Pregnancy Test Midstream,https://www.daraz.lk/products/smartt-midstream-i183512195.html,2/22/25,TRUE,1,i didn't receive this yet,,0,,,,,
grocery,Smartt Pregnancy Test Midstream,https://www.daraz.lk/products/smartt-midstream-i183512195.html,7/15/24,TRUE,5,,,0,,,,,
grocery,Smartt Pregnancy Test Midstream,https://www.daraz.lk/products/smartt-midstream-i183512195.html,7/7/24,TRUE,5,,,0,,,,,
grocery,Ear Digging Spoon Set - 6 Piece Metal Tools for Gentle Ear Cleaning and Care,https://www.daraz.lk/products/digging-6-gentle-cleaning-i223292343.html,12/8/25,TRUE,5,"Delivery - Very fast
Outer package - Low quality
Product - High quality
Tool holder tube's cap is broken within 12hrs.
(Highly recommended.)",,0,,,,,
grocery,Ear Digging Spoon Set - 6 Piece Metal Tools for Gentle Ear Cleaning and Care,https://www.daraz.lk/products/digging-6-gentle-cleaning-i223292343.html,11/15/25,TRUE,5,"Worth for money 
fast delivery 
very useful",,0,,,,,
grocery,Ear Digging Spoon Set - 6 Piece Metal Tools for Gentle Ear Cleaning and Care,https://www.daraz.lk/products/digging-6-gentle-cleaning-i223292343.html,10/8/24,TRUE,5,very poor not in picture i wont to returned,,5,,,,,
grocery,Ear Digging Spoon Set - 6 Piece Metal Tools for Gentle Ear Cleaning and Care,https://www.daraz.lk/products/digging-6-gentle-cleaning-i223292343.html,6/6/26,TRUE,5,Really good. Nicely packed. Worth the price,,0,,,,,
grocery,Ear Digging Spoon Set - 6 Piece Metal Tools for Gentle Ear Cleaning and Care,https://www.daraz.lk/products/digging-6-gentle-cleaning-i223292343.html,4/9/26,TRUE,5,hodata thiyenawa. pic eke thiyenawa wagemai,,0,,,,,
grocery,Ear Digging Spoon Set - 6 Piece Metal Tools for Gentle Ear Cleaning and Care,https://www.daraz.lk/products/digging-6-gentle-cleaning-i223292343.html,12/12/25,TRUE,5,Delivered quiclky. Nice product by the way,,0,,,,,
grocery,Ear Digging Spoon Set - 6 Piece Metal Tools for Gentle Ear Cleaning and Care,https://www.daraz.lk/products/digging-6-gentle-cleaning-i223292343.html,12/15/25,TRUE,5,Very good does the job and can’t complain,,0,,,,,
grocery,Ear Digging Spoon Set - 6 Piece Metal Tools for Gentle Ear Cleaning and Care,https://www.daraz.lk/products/digging-6-gentle-cleaning-i223292343.html,3/24/26,TRUE,5,hodayi hoqata pak karala thibba damej na,,0,,,,,
grocery,Ear Digging Spoon Set - 6 Piece Metal Tools for Gentle Ear Cleaning and Care,https://www.daraz.lk/products/digging-6-gentle-cleaning-i223292343.html,5/20/26,TRUE,5,fast delivery. very useful. thank u.,,0,,,,,
grocery,Ear Digging Spoon Set - 6 Piece Metal Tools for Gentle Ear Cleaning and Care,https://www.daraz.lk/products/digging-6-gentle-cleaning-i223292343.html,5/27/25,TRUE,5,ගොඩක් හොඳියි.❤️,,2,,,,,
grocery,Ear Digging Spoon Set - 6 Piece Metal Tools for Gentle Ear Cleaning and Care,https://www.daraz.lk/products/digging-6-gentle-cleaning-i223292343.html,5/20/26,TRUE,5,10 pieces wow,,0,,,,,
grocery,Ear Digging Spoon Set - 6 Piece Metal Tools for Gentle Ear Cleaning and Care,https://www.daraz.lk/products/digging-6-gentle-cleaning-i223292343.html,6/23/26,TRUE,5,good product.,,0,,,,,
grocery,Ear Digging Spoon Set - 6 Piece Metal Tools for Gentle Ear Cleaning and Care,https://www.daraz.lk/products/digging-6-gentle-cleaning-i223292343.html,2/12/26,TRUE,5,Super one,,0,,,,,
grocery,Ear Digging Spoon Set - 6 Piece Metal Tools for Gentle Ear Cleaning and Care,https://www.daraz.lk/products/digging-6-gentle-cleaning-i223292343.html,4/12/26,TRUE,5,නියමඉ,,0,,,,,
grocery,Ear Digging Spoon Set - 6 Piece Metal Tools for Gentle Ear Cleaning and Care,https://www.daraz.lk/products/digging-6-gentle-cleaning-i223292343.html,1/25/26,TRUE,5,good job,,0,,,,,
grocery,Ear Digging Spoon Set - 6 Piece Metal Tools for Gentle Ear Cleaning and Care,https://www.daraz.lk/products/digging-6-gentle-cleaning-i223292343.html,9/30/25,TRUE,5,good,,0,,,,,
grocery,Ear Digging Spoon Set - 6 Piece Metal Tools for Gentle Ear Cleaning and Care,https://www.daraz.lk/products/digging-6-gentle-cleaning-i223292343.html,7/30/25,TRUE,5,thats a good product. value for money. some thing that everybody must own.,,0,,,,,
grocery,Ear Digging Spoon Set - 6 Piece Metal Tools for Gentle Ear Cleaning and Care,https://www.daraz.lk/products/digging-6-gentle-cleaning-i223292343.html,11/12/25,TRUE,5,මරු අයිටම් එක කනට එක එක ජාතියේ ආතල් දෙන්න පුලුවන් ටූල් සෙට් එකක්,,3,,,,,
grocery,Ear Digging Spoon Set - 6 Piece Metal Tools for Gentle Ear Cleaning and Care,https://www.daraz.lk/products/digging-6-gentle-cleaning-i223292343.html,7/27/25,TRUE,5,very good product. worth it for the money spent.,,0,,,,,
grocery,Ear Digging Spoon Set - 6 Piece Metal Tools for Gentle Ear Cleaning and Care,https://www.daraz.lk/products/digging-6-gentle-cleaning-i223292343.html,11/8/25,TRUE,5,දැන් මෙවැනි දෙයක් ඇවිල්ල තියෙන්නෙ වෙන දේයක්,,0,,,,,
grocery,Ear Digging Spoon Set - 6 Piece Metal Tools for Gentle Ear Cleaning and Care,https://www.daraz.lk/products/digging-6-gentle-cleaning-i223292343.html,4/20/26,TRUE,1,Mt ewal thiyenne mm illapu item eka newei,,0,,,,,
grocery,Ear Digging Spoon Set - 6 Piece Metal Tools for Gentle Ear Cleaning and Care,https://www.daraz.lk/products/digging-6-gentle-cleaning-i223292343.html,7/25/25,TRUE,5,good but small as shown as the picture,,0,,,,,
grocery,Ear Digging Spoon Set - 6 Piece Metal Tools for Gentle Ear Cleaning and Care,https://www.daraz.lk/products/digging-6-gentle-cleaning-i223292343.html,12/25/25,TRUE,5,very good product 🤩🤩,,0,,,,,
grocery,Ear Digging Spoon Set - 6 Piece Metal Tools for Gentle Ear Cleaning and Care,https://www.daraz.lk/products/digging-6-gentle-cleaning-i223292343.html,5/12/26,TRUE,5,good product 👌 👍 👏,,0,,,,,
grocery,Ear Digging Spoon Set - 6 Piece Metal Tools for Gentle Ear Cleaning and Care,https://www.daraz.lk/products/digging-6-gentle-cleaning-i223292343.html,1/12/26,TRUE,5,highly recommended,,0,,,,,
grocery,Ear Digging Spoon Set - 6 Piece Metal Tools for Gentle Ear Cleaning and Care,https://www.daraz.lk/products/digging-6-gentle-cleaning-i223292343.html,12/9/25,TRUE,5,"100% recommended,",,0,,,,,
grocery,Ear Digging Spoon Set - 6 Piece Metal Tools for Gentle Ear Cleaning and Care,https://www.daraz.lk/products/digging-6-gentle-cleaning-i223292343.html,9/14/24,TRUE,5,මේක හොදයි වටිනවා,,0,,,,,
grocery,Ear Digging Spoon Set - 6 Piece Metal Tools for Gentle Ear Cleaning and Care,https://www.daraz.lk/products/digging-6-gentle-cleaning-i223292343.html,4/12/26,TRUE,5,Product is good,,0,,,,,
grocery,Ear Digging Spoon Set - 6 Piece Metal Tools for Gentle Ear Cleaning and Care,https://www.daraz.lk/products/digging-6-gentle-cleaning-i223292343.html,12/12/25,TRUE,5,best for using,,0,,,,,
grocery,Ear Digging Spoon Set - 6 Piece Metal Tools for Gentle Ear Cleaning and Care,https://www.daraz.lk/products/digging-6-gentle-cleaning-i223292343.html,7/9/25,TRUE,5,Good quality ❤️,,0,,,,,
grocery,Ear Digging Spoon Set - 6 Piece Metal Tools for Gentle Ear Cleaning and Care,https://www.daraz.lk/products/digging-6-gentle-cleaning-i223292343.html,9/23/24,TRUE,5,good product 💯,,0,,,,,
grocery,Ear Digging Spoon Set - 6 Piece Metal Tools for Gentle Ear Cleaning and Care,https://www.daraz.lk/products/digging-6-gentle-cleaning-i223292343.html,6/3/25,TRUE,5,good 👍👍👍👍😊,,1,,,,,
grocery,Ear Digging Spoon Set - 6 Piece Metal Tools for Gentle Ear Cleaning and Care,https://www.daraz.lk/products/digging-6-gentle-cleaning-i223292343.html,8/20/25,TRUE,5,Good product 😊,,0,,,,,
grocery,Ear Digging Spoon Set - 6 Piece Metal Tools for Gentle Ear Cleaning and Care,https://www.daraz.lk/products/digging-6-gentle-cleaning-i223292343.html,6/24/25,TRUE,5,as advertised,,0,,,,,
grocery,Ear Digging Spoon Set - 6 Piece Metal Tools for Gentle Ear Cleaning and Care,https://www.daraz.lk/products/digging-6-gentle-cleaning-i223292343.html,6/22/26,TRUE,5,good job nice,,0,,,,,
grocery,Ear Digging Spoon Set - 6 Piece Metal Tools for Gentle Ear Cleaning and Care,https://www.daraz.lk/products/digging-6-gentle-cleaning-i223292343.html,8/10/25,TRUE,5,Super product,,0,,,,,
grocery,Ear Digging Spoon Set - 6 Piece Metal Tools for Gentle Ear Cleaning and Care,https://www.daraz.lk/products/digging-6-gentle-cleaning-i223292343.html,8/1/25,TRUE,5,nice product,,0,,,,,
grocery,Ear Digging Spoon Set - 6 Piece Metal Tools for Gentle Ear Cleaning and Care,https://www.daraz.lk/products/digging-6-gentle-cleaning-i223292343.html,2/11/26,TRUE,5,Poor quality,,0,,,,,
grocery,Ear Digging Spoon Set - 6 Piece Metal Tools for Gentle Ear Cleaning and Care,https://www.daraz.lk/products/digging-6-gentle-cleaning-i223292343.html,11/7/24,TRUE,5,good quality,,0,,,,,
grocery,Ear Digging Spoon Set - 6 Piece Metal Tools for Gentle Ear Cleaning and Care,https://www.daraz.lk/products/digging-6-gentle-cleaning-i223292343.html,11/11/24,TRUE,5,good product,,0,,,,,
grocery,Ear Digging Spoon Set - 6 Piece Metal Tools for Gentle Ear Cleaning and Care,https://www.daraz.lk/products/digging-6-gentle-cleaning-i223292343.html,6/3/25,TRUE,5,good product,,0,,,,,
grocery,Ear Digging Spoon Set - 6 Piece Metal Tools for Gentle Ear Cleaning and Care,https://www.daraz.lk/products/digging-6-gentle-cleaning-i223292343.html,12/21/25,TRUE,5,good product,,0,,,,,
grocery,Ear Digging Spoon Set - 6 Piece Metal Tools for Gentle Ear Cleaning and Care,https://www.daraz.lk/products/digging-6-gentle-cleaning-i223292343.html,8/25/25,TRUE,5,ok good 👍,,0,,,,,
grocery,Ear Digging Spoon Set - 6 Piece Metal Tools for Gentle Ear Cleaning and Care,https://www.daraz.lk/products/digging-6-gentle-cleaning-i223292343.html,11/22/25,TRUE,5,Very good,,0,,,,,
grocery,Ear Digging Spoon Set - 6 Piece Metal Tools for Gentle Ear Cleaning and Care,https://www.daraz.lk/products/digging-6-gentle-cleaning-i223292343.html,7/10/25,TRUE,5,හොදයි 🤩👍,,0,,,,,
grocery,Ear Digging Spoon Set - 6 Piece Metal Tools for Gentle Ear Cleaning and Care,https://www.daraz.lk/products/digging-6-gentle-cleaning-i223292343.html,7/17/25,TRUE,5,❤️,,0,,,,,
grocery,Ear Digging Spoon Set - 6 Piece Metal Tools for Gentle Ear Cleaning and Care,https://www.daraz.lk/products/digging-6-gentle-cleaning-i223292343.html,6/13/26,TRUE,5,good,,0,,,,,
grocery,Ear Digging Spoon Set - 6 Piece Metal Tools for Gentle Ear Cleaning and Care,https://www.daraz.lk/products/digging-6-gentle-cleaning-i223292343.html,2/16/26,TRUE,5,good,,0,,,,,
grocery,Ear Digging Spoon Set - 6 Piece Metal Tools for Gentle Ear Cleaning and Care,https://www.daraz.lk/products/digging-6-gentle-cleaning-i223292343.html,12/9/25,TRUE,5,good,,0,,,,,
grocery,Ear Digging Spoon Set - 6 Piece Metal Tools for Gentle Ear Cleaning and Care,https://www.daraz.lk/products/digging-6-gentle-cleaning-i223292343.html,7/3/25,TRUE,5,good,,0,,,,,
grocery,Ear Digging Spoon Set - 6 Piece Metal Tools for Gentle Ear Cleaning and Care,https://www.daraz.lk/products/digging-6-gentle-cleaning-i223292343.html,2/15/26,TRUE,5,good,,0,,,,,
grocery,Ear Digging Spoon Set - 6 Piece Metal Tools for Gentle Ear Cleaning and Care,https://www.daraz.lk/products/digging-6-gentle-cleaning-i223292343.html,11/17/24,TRUE,5,Good One,,0,,,,,
grocery,Ear Digging Spoon Set - 6 Piece Metal Tools for Gentle Ear Cleaning and Care,https://www.daraz.lk/products/digging-6-gentle-cleaning-i223292343.html,11/19/25,TRUE,5,nice,,0,,,,,
grocery,Ear Digging Spoon Set - 6 Piece Metal Tools for Gentle Ear Cleaning and Care,https://www.daraz.lk/products/digging-6-gentle-cleaning-i223292343.html,8/27/25,TRUE,5,ok ok,,0,,,,,
grocery,Ear Digging Spoon Set - 6 Piece Metal Tools for Gentle Ear Cleaning and Care,https://www.daraz.lk/products/digging-6-gentle-cleaning-i223292343.html,1/25/26,TRUE,5,ok good,,0,,,,,
grocery,Ear Digging Spoon Set - 6 Piece Metal Tools for Gentle Ear Cleaning and Care,https://www.daraz.lk/products/digging-6-gentle-cleaning-i223292343.html,8/22/25,TRUE,5,Wooow😍,,0,,,,,
grocery,Ear Digging Spoon Set - 6 Piece Metal Tools for Gentle Ear Cleaning and Care,https://www.daraz.lk/products/digging-6-gentle-cleaning-i223292343.html,11/25/25,TRUE,5,good,,0,,,,,
grocery,Ear Digging Spoon Set - 6 Piece Metal Tools for Gentle Ear Cleaning and Care,https://www.daraz.lk/products/digging-6-gentle-cleaning-i223292343.html,12/5/25,TRUE,5,Good,,0,,,,,
grocery,Ear Digging Spoon Set - 6 Piece Metal Tools for Gentle Ear Cleaning and Care,https://www.daraz.lk/products/digging-6-gentle-cleaning-i223292343.html,7/9/24,TRUE,5,Good one,,0,,,,,
grocery,Ear Digging Spoon Set - 6 Piece Metal Tools for Gentle Ear Cleaning and Care,https://www.daraz.lk/products/digging-6-gentle-cleaning-i223292343.html,11/27/25,TRUE,3,Handles are very thin but it's great for removing ear wax,,0,,,,,
grocery,Ear Digging Spoon Set - 6 Piece Metal Tools for Gentle Ear Cleaning and Care,https://www.daraz.lk/products/digging-6-gentle-cleaning-i223292343.html,1/21/26,TRUE,3,"Not the best quality, but its decent for the price",,0,,,,,
grocery,Ear Digging Spoon Set - 6 Piece Metal Tools for Gentle Ear Cleaning and Care,https://www.daraz.lk/products/digging-6-gentle-cleaning-i223292343.html,12/23/25,TRUE,5,,,0,,,,,
grocery,WideCare HCG Pregnancy Test Strip Maternity Tool - Pack of 5,https://www.daraz.lk/products/widecare-hcg-pregnancy-test-strip-maternity-tool-pack-of-5-i198632672.html,9/3/25,TRUE,5,Hodata pack karala thibuna strip 5ma labuna widecare brand ekenma ewa thibuna ikmnta parsal ekath labuna baya nathuwa oyalath order karanna😍😍,Color Family:Orange,0,,,,,
grocery,WideCare HCG Pregnancy Test Strip Maternity Tool - Pack of 5,https://www.daraz.lk/products/widecare-hcg-pregnancy-test-strip-maternity-tool-pack-of-5-i198632672.html,1/31/25,TRUE,5,Got it delivered on time. but it expires in just 10 months.,වර්ණ කාණ්ඩය:Orange,0,,,,,
grocery,WideCare HCG Pregnancy Test Strip Maternity Tool - Pack of 5,https://www.daraz.lk/products/widecare-hcg-pregnancy-test-strip-maternity-tool-pack-of-5-i198632672.html,1/23/24,TRUE,5,"very quick and good service
product also very good as mentioned",වර්ණ කාණ්ඩය:Orange,0,,,,,
grocery,WideCare HCG Pregnancy Test Strip Maternity Tool - Pack of 5,https://www.daraz.lk/products/widecare-hcg-pregnancy-test-strip-maternity-tool-pack-of-5-i198632672.html,9/21/25,TRUE,5,it is detecting pregnancy perfectly,Color Family:Orange,0,,,,,
grocery,WideCare HCG Pregnancy Test Strip Maternity Tool - Pack of 5,https://www.daraz.lk/products/widecare-hcg-pregnancy-test-strip-maternity-tool-pack-of-5-i198632672.html,8/21/25,TRUE,5,fast delivery👍thanks seller,Color Family:Orange,0,,,,,
grocery,WideCare HCG Pregnancy Test Strip Maternity Tool - Pack of 5,https://www.daraz.lk/products/widecare-hcg-pregnancy-test-strip-maternity-tool-pack-of-5-i198632672.html,8/21/25,TRUE,5,fast delivery👍thanks seller,Color Family:Orange,0,,,,,
grocery,WideCare HCG Pregnancy Test Strip Maternity Tool - Pack of 5,https://www.daraz.lk/products/widecare-hcg-pregnancy-test-strip-maternity-tool-pack-of-5-i198632672.html,9/3/25,TRUE,5,fast delivery thank you,Color Family:Orange,0,,,,,
grocery,WideCare HCG Pregnancy Test Strip Maternity Tool - Pack of 5,https://www.daraz.lk/products/widecare-hcg-pregnancy-test-strip-maternity-tool-pack-of-5-i198632672.html,10/2/24,TRUE,5,unexpected delivery 🙏🙏,වර්ණ කාණ්ඩය:Orange,0,,,,,
grocery,WideCare HCG Pregnancy Test Strip Maternity Tool - Pack of 5,https://www.daraz.lk/products/widecare-hcg-pregnancy-test-strip-maternity-tool-pack-of-5-i198632672.html,4/28/26,TRUE,5,evening is good,Color Family:Orange,0,,,,,
grocery,WideCare HCG Pregnancy Test Strip Maternity Tool - Pack of 5,https://www.daraz.lk/products/widecare-hcg-pregnancy-test-strip-maternity-tool-pack-of-5-i198632672.html,12/28/25,TRUE,5,order eka labuna,Color Family:Orange,0,,,,,
grocery,WideCare HCG Pregnancy Test Strip Maternity Tool - Pack of 5,https://www.daraz.lk/products/widecare-hcg-pregnancy-test-strip-maternity-tool-pack-of-5-i198632672.html,3/2/25,TRUE,5,its very safe,වර්ණ කාණ්ඩය:Orange,0,,,,,
grocery,WideCare HCG Pregnancy Test Strip Maternity Tool - Pack of 5,https://www.daraz.lk/products/widecare-hcg-pregnancy-test-strip-maternity-tool-pack-of-5-i198632672.html,3/9/25,TRUE,5,Good,වර්ණ කාණ්ඩය:Orange,0,,,,,
grocery,WideCare HCG Pregnancy Test Strip Maternity Tool - Pack of 5,https://www.daraz.lk/products/widecare-hcg-pregnancy-test-strip-maternity-tool-pack-of-5-i198632672.html,2/14/26,TRUE,5,best,Color Family:Orange,0,,,,,
grocery,WideCare HCG Pregnancy Test Strip Maternity Tool - Pack of 5,https://www.daraz.lk/products/widecare-hcg-pregnancy-test-strip-maternity-tool-pack-of-5-i198632672.html,10/24/25,TRUE,5,Good,Color Family:Orange,0,,,,,
grocery,WideCare HCG Pregnancy Test Strip Maternity Tool - Pack of 5,https://www.daraz.lk/products/widecare-hcg-pregnancy-test-strip-maternity-tool-pack-of-5-i198632672.html,10/30/24,TRUE,5,good,වර්ණ කාණ්ඩය:Orange,0,,,,,
grocery,WideCare HCG Pregnancy Test Strip Maternity Tool - Pack of 5,https://www.daraz.lk/products/widecare-hcg-pregnancy-test-strip-maternity-tool-pack-of-5-i198632672.html,11/12/25,TRUE,5,Good!,Color Family:Orange,0,,,,,
grocery,WideCare HCG Pregnancy Test Strip Maternity Tool - Pack of 5,https://www.daraz.lk/products/widecare-hcg-pregnancy-test-strip-maternity-tool-pack-of-5-i198632672.html,6/17/25,TRUE,5,,Color Family:Orange,0,,,,,
grocery,Marvel Super Lady Tampons 10 Pcs,https://www.daraz.lk/products/marvel-super-lady-tampons-10-pcs-i106594353.html,7/31/24,TRUE,5,"I received the items within two days. Don't hasitate to buy from them. 
Appreciate your service. 
Recommended !",Pack Size:7-12,1,,,,,
grocery,Marvel Super Lady Tampons 10 Pcs,https://www.daraz.lk/products/marvel-super-lady-tampons-10-pcs-i106594353.html,3/7/26,TRUE,5,Thanks. Fast delivery and good packaging.,Pack Size:7-12,0,,,,,
grocery,Marvel Super Lady Tampons 10 Pcs,https://www.daraz.lk/products/marvel-super-lady-tampons-10-pcs-i106594353.html,4/24/24,TRUE,5,The product is similar to what is being advertised. It was delivered in 4 days. The price was similar to what is being bought in the market specially since it was with the delivery. Good to know that it can be ordered online when it's not available in supermarkets. Honest seller right here.,Pack Size:7-12,0,,,,,
grocery,Marvel Super Lady Tampons 10 Pcs,https://www.daraz.lk/products/marvel-super-lady-tampons-10-pcs-i106594353.html,6/26/25,TRUE,5,Exactly as described. Fast delivery. Love the product and it's cheaper to buy online than at supermarkets. Most of the supermarkets out of stock most of the time. Highly recommend.,Pack Size:7-12,0,,,,,
grocery,Marvel Super Lady Tampons 10 Pcs,https://www.daraz.lk/products/marvel-super-lady-tampons-10-pcs-i106594353.html,3/12/26,TRUE,5,"Why is it hard to find thease in supermarkets? 😭
Good quality. The only problem is the price",Pack Size:7-12,0,,,,,
grocery,Marvel Super Lady Tampons 10 Pcs,https://www.daraz.lk/products/marvel-super-lady-tampons-10-pcs-i106594353.html,1/12/23,TRUE,5,Received the items next day itself. Thank you so much . Good seller!!,Pack Size:7-12,0,,,,,
grocery,Marvel Super Lady Tampons 10 Pcs,https://www.daraz.lk/products/marvel-super-lady-tampons-10-pcs-i106594353.html,4/20/26,TRUE,5,Good product.. I always used to buy buy from daraz,Pack Size:7-12,0,,,,,
grocery,Marvel Super Lady Tampons 10 Pcs,https://www.daraz.lk/products/marvel-super-lady-tampons-10-pcs-i106594353.html,4/2/26,TRUE,5,❤💕🌷🥰aththatama hodai baya nethuwa ganna,Pack Size:7-12,0,,,,,
grocery,Marvel Super Lady Tampons 10 Pcs,https://www.daraz.lk/products/marvel-super-lady-tampons-10-pcs-i106594353.html,11/20/25,TRUE,5,"Thank you seller
Happy with delivery",Pack Size:7-12,0,,,,,
grocery,Marvel Super Lady Tampons 10 Pcs,https://www.daraz.lk/products/marvel-super-lady-tampons-10-pcs-i106594353.html,11/23/25,TRUE,5,Good quality and fast delivery....,Pack Size:7-12,0,,,,,
grocery,Marvel Super Lady Tampons 10 Pcs,https://www.daraz.lk/products/marvel-super-lady-tampons-10-pcs-i106594353.html,7/3/24,TRUE,4,very useful. especially during postpartum. but expensive than pads.,Pack Size:7-12,0,,,,,
grocery,Marvel Super Lady Tampons 10 Pcs,https://www.daraz.lk/products/marvel-super-lady-tampons-10-pcs-i106594353.html,7/8/23,TRUE,5,"I’m a man, so I will only comment on the packaging, not the usage experience!
It was packed well and delivered.",Pack Size:7-12,0,,,,,
grocery,Marvel Super Lady Tampons 10 Pcs,https://www.daraz.lk/products/marvel-super-lady-tampons-10-pcs-i106594353.html,11/12/24,TRUE,5,Best product,Pack Size:7-12,0,,,,,
grocery,Marvel Super Lady Tampons 10 Pcs,https://www.daraz.lk/products/marvel-super-lady-tampons-10-pcs-i106594353.html,2/13/25,TRUE,5,good,Pack Size:7-12,0,,,,,
grocery,Marvel Super Lady Tampons 10 Pcs,https://www.daraz.lk/products/marvel-super-lady-tampons-10-pcs-i106594353.html,11/17/24,TRUE,5,Great,Pack Size:7-12,0,,,,,
grocery,Marvel Super Lady Tampons 10 Pcs,https://www.daraz.lk/products/marvel-super-lady-tampons-10-pcs-i106594353.html,2/14/26,TRUE,5,best,Pack Size:7-12,0,,,,,
grocery,Marvel Super Lady Tampons 10 Pcs,https://www.daraz.lk/products/marvel-super-lady-tampons-10-pcs-i106594353.html,3/26/26,TRUE,5,good,Pack Size:7-12,0,,,,,
grocery,Marvel Super Lady Tampons 10 Pcs,https://www.daraz.lk/products/marvel-super-lady-tampons-10-pcs-i106594353.html,1/9/26,TRUE,5,Good 👍,Pack Size:7-12,0,,,,,
grocery,Marvel Super Lady Tampons 10 Pcs,https://www.daraz.lk/products/marvel-super-lady-tampons-10-pcs-i106594353.html,8/30/24,TRUE,5,Thank a lot,Pack Size:7-12,0,,,,,
grocery,Marvel Super Lady Tampons 10 Pcs,https://www.daraz.lk/products/marvel-super-lady-tampons-10-pcs-i106594353.html,8/21/24,TRUE,5,I recommend,Pack Size:7-12,0,,,,,
grocery,Marvel Super Lady Tampons 10 Pcs,https://www.daraz.lk/products/marvel-super-lady-tampons-10-pcs-i106594353.html,5/23/23,TRUE,5,it's really nice 👍👍. thank you for your fast service.,Pack Size:7-12,0,,,,,
grocery,Marvel Super Lady Tampons 10 Pcs,https://www.daraz.lk/products/marvel-super-lady-tampons-10-pcs-i106594353.html,6/28/23,TRUE,5,Item is in good condition. Following the store.,Pack Size:7-12,0,,,,,
grocery,Marvel Super Lady Tampons 10 Pcs,https://www.daraz.lk/products/marvel-super-lady-tampons-10-pcs-i106594353.html,6/30/24,TRUE,5,Good 👍🏼,Pack Size:7-12,0,,,,,
grocery,Marvel Super Lady Tampons 10 Pcs,https://www.daraz.lk/products/marvel-super-lady-tampons-10-pcs-i106594353.html,8/18/23,TRUE,5,Quick deliverly. Many thanks.,Pack Size:7-12,0,,,,,
grocery,Marvel Super Lady Tampons 10 Pcs,https://www.daraz.lk/products/marvel-super-lady-tampons-10-pcs-i106594353.html,6/19/21,TRUE,5,thank you so much for having these in stock. I can never find the super size at the supermarkets. at least someone is thinking of women and bringing these for us. very grateful 🙏🙏🥰🥰,Pack Size:7-12,2,,,,,
grocery,Marvel Super Lady Tampons 10 Pcs,https://www.daraz.lk/products/marvel-super-lady-tampons-10-pcs-i106594353.html,3/19/24,TRUE,5,Thank you for the service it’s very useful,Pack Size:7-12,0,,,,,
grocery,Marvel Super Lady Tampons 10 Pcs,https://www.daraz.lk/products/marvel-super-lady-tampons-10-pcs-i106594353.html,6/8/23,TRUE,5,Great services. recommended,Pack Size:7-12,0,,,,,
grocery,Marvel Super Lady Tampons 10 Pcs,https://www.daraz.lk/products/marvel-super-lady-tampons-10-pcs-i106594353.html,5/26/23,TRUE,5,thank you so much.,Pack Size:7-12,0,,,,,
grocery,Marvel Super Lady Tampons 10 Pcs,https://www.daraz.lk/products/marvel-super-lady-tampons-10-pcs-i106594353.html,5/22/23,TRUE,5,good,Pack Size:7-12,0,,,,,
grocery,Marvel Super Lady Tampons 10 Pcs,https://www.daraz.lk/products/marvel-super-lady-tampons-10-pcs-i106594353.html,8/14/20,TRUE,5,"It was fast delivery and finally I'm relieved that there is a way to buy heavy flow ones at a reasonable price, as its not available in supermarket shelves unlike the regular flow. Thanks Marvel and Daraz.",Pack Size:7-12,0,,,,,
grocery,Marvel Super Lady Tampons 10 Pcs,https://www.daraz.lk/products/marvel-super-lady-tampons-10-pcs-i106594353.html,1/11/22,TRUE,5,Fast Delivery. Extremely Happy. Willing to buy again. Good Seller & highly recommended. :) 5 Stars *****,Pack Size:7-12,0,,,,,
grocery,Marvel Super Lady Tampons 10 Pcs,https://www.daraz.lk/products/marvel-super-lady-tampons-10-pcs-i106594353.html,12/28/22,TRUE,5,Super fast delivery. I've ordered it on 27th morning and I received it 28th morning. And I really liked this product. Thank you so much marvel and daraz mart.,Pack Size:7-12,0,,,,,
grocery,Marvel Super Lady Tampons 10 Pcs,https://www.daraz.lk/products/marvel-super-lady-tampons-10-pcs-i106594353.html,2/13/23,TRUE,5,This is my second time I'm buying from marvel products it's really good product I highly recommend it. Thank you,Pack Size:7-12,0,,,,,
grocery,Marvel Super Lady Tampons 10 Pcs,https://www.daraz.lk/products/marvel-super-lady-tampons-10-pcs-i106594353.html,11/23/21,TRUE,4,I find it difficult to take it out of the individual wrapping.,Pack Size:7-12,0,,,,,
grocery,Marvel Super Lady Tampons 10 Pcs,https://www.daraz.lk/products/marvel-super-lady-tampons-10-pcs-i106594353.html,4/2/23,TRUE,5,"well packed,speed delivery ,reasonable price ...",Pack Size:7-12,0,,,,,
grocery,Marvel Super Lady Tampons 10 Pcs,https://www.daraz.lk/products/marvel-super-lady-tampons-10-pcs-i106594353.html,12/13/22,TRUE,5,the best service ever ..  fast delivery …,Pack Size:7-12,0,,,,,
grocery,Marvel Super Lady Tampons 10 Pcs,https://www.daraz.lk/products/marvel-super-lady-tampons-10-pcs-i106594353.html,3/21/23,TRUE,5,Fast delivery thanks Daraz,Pack Size:7-12,0,,,,,
grocery,Marvel Super Lady Tampons 10 Pcs,https://www.daraz.lk/products/marvel-super-lady-tampons-10-pcs-i106594353.html,9/5/21,TRUE,5,It’s really good,Pack Size:7-12,0,,,,,
grocery,Marvel Super Lady Tampons 10 Pcs,https://www.daraz.lk/products/marvel-super-lady-tampons-10-pcs-i106594353.html,11/14/20,TRUE,5,fast delivered,Pack Size:7-12,0,,,,,
grocery,Marvel Super Lady Tampons 10 Pcs,https://www.daraz.lk/products/marvel-super-lady-tampons-10-pcs-i106594353.html,8/2/21,TRUE,5,Thankyou daraz.,Pack Size:7-12,0,,,,,
grocery,Marvel Super Lady Tampons 10 Pcs,https://www.daraz.lk/products/marvel-super-lady-tampons-10-pcs-i106594353.html,11/17/22,TRUE,5,Satisfied,Pack Size:7-12,0,,,,,
grocery,Marvel Super Lady Tampons 10 Pcs,https://www.daraz.lk/products/marvel-super-lady-tampons-10-pcs-i106594353.html,9/22/21,TRUE,5,"Good,",ඇසුරුමෙහි ප්‍රමාණය:7-12,0,,,,,
grocery,"Bausch + Lomb Biotrue Multi-Purpose Contact Lens Solution 60ml – Hydrating & pH Balanced for Soft Contact Lenses – Gentle Cleaning, Disinfection & Moisturization – Travel-Friendly Lens Care",https://www.daraz.lk/products/bausch-lomb-biotrue-multi-purpose-contact-lens-solution-60ml-hydrating-ph-balanced-for-soft-contact-lenses-gentle-cleaning-disinfection-moisturization-travel-friendly-lens-care-i126194043.html,11/16/24,TRUE,5,perfect one.easy to use. thank you daraz. #win 😍,Color Family:Not Specified,0,,,,,
grocery,"Bausch + Lomb Biotrue Multi-Purpose Contact Lens Solution 60ml – Hydrating & pH Balanced for Soft Contact Lenses – Gentle Cleaning, Disinfection & Moisturization – Travel-Friendly Lens Care",https://www.daraz.lk/products/bausch-lomb-biotrue-multi-purpose-contact-lens-solution-60ml-hydrating-ph-balanced-for-soft-contact-lenses-gentle-cleaning-disinfection-moisturization-travel-friendly-lens-care-i126194043.html,8/6/24,TRUE,5,good product,Color Family:Not Specified,0,,,,,
grocery,"Bausch + Lomb Biotrue Multi-Purpose Contact Lens Solution 60ml – Hydrating & pH Balanced for Soft Contact Lenses – Gentle Cleaning, Disinfection & Moisturization – Travel-Friendly Lens Care",https://www.daraz.lk/products/bausch-lomb-biotrue-multi-purpose-contact-lens-solution-60ml-hydrating-ph-balanced-for-soft-contact-lenses-gentle-cleaning-disinfection-moisturization-travel-friendly-lens-care-i126194043.html,4/25/26,TRUE,5,Excellent item as expected with (2 days) fast delivery from Kandy to Gampaha District. Thank you seller & Daraz for the fast delivery!,Color Family:Not Specified,0,,,,,
grocery,"Bausch + Lomb Biotrue Multi-Purpose Contact Lens Solution 60ml – Hydrating & pH Balanced for Soft Contact Lenses – Gentle Cleaning, Disinfection & Moisturization – Travel-Friendly Lens Care",https://www.daraz.lk/products/bausch-lomb-biotrue-multi-purpose-contact-lens-solution-60ml-hydrating-ph-balanced-for-soft-contact-lenses-gentle-cleaning-disinfection-moisturization-travel-friendly-lens-care-i126194043.html,11/14/22,TRUE,5,Super product and fast shipping ♥️ safe packaging & highly recommended Saller,Color Family:Not Specified,3,,,,,
grocery,"Bausch + Lomb Biotrue Multi-Purpose Contact Lens Solution 60ml – Hydrating & pH Balanced for Soft Contact Lenses – Gentle Cleaning, Disinfection & Moisturization – Travel-Friendly Lens Care",https://www.daraz.lk/products/bausch-lomb-biotrue-multi-purpose-contact-lens-solution-60ml-hydrating-ph-balanced-for-soft-contact-lenses-gentle-cleaning-disinfection-moisturization-travel-friendly-lens-care-i126194043.html,5/11/25,TRUE,5,very low to no irritation of eyes..Very good product..,Color Family:Not Specified,0,,,,,
grocery,"Bausch + Lomb Biotrue Multi-Purpose Contact Lens Solution 60ml – Hydrating & pH Balanced for Soft Contact Lenses – Gentle Cleaning, Disinfection & Moisturization – Travel-Friendly Lens Care",https://www.daraz.lk/products/bausch-lomb-biotrue-multi-purpose-contact-lens-solution-60ml-hydrating-ph-balanced-for-soft-contact-lenses-gentle-cleaning-disinfection-moisturization-travel-friendly-lens-care-i126194043.html,1/28/26,TRUE,5,this  is   perfect  🥺😫🥰  thank you  draz,Color Family:Not Specified,0,,,,,
grocery,"Bausch + Lomb Biotrue Multi-Purpose Contact Lens Solution 60ml – Hydrating & pH Balanced for Soft Contact Lenses – Gentle Cleaning, Disinfection & Moisturization – Travel-Friendly Lens Care",https://www.daraz.lk/products/bausch-lomb-biotrue-multi-purpose-contact-lens-solution-60ml-hydrating-ph-balanced-for-soft-contact-lenses-gentle-cleaning-disinfection-moisturization-travel-friendly-lens-care-i126194043.html,7/8/24,TRUE,1,Manufacturing date is 2022-12 expired on 2024-12 only only 6 months for expire,Color Family:Not Specified,1,,,,,
grocery,"Bausch + Lomb Biotrue Multi-Purpose Contact Lens Solution 60ml – Hydrating & pH Balanced for Soft Contact Lenses – Gentle Cleaning, Disinfection & Moisturization – Travel-Friendly Lens Care",https://www.daraz.lk/products/bausch-lomb-biotrue-multi-purpose-contact-lens-solution-60ml-hydrating-ph-balanced-for-soft-contact-lenses-gentle-cleaning-disinfection-moisturization-travel-friendly-lens-care-i126194043.html,3/10/26,TRUE,5,Fast delivery and good product.,Color Family:Not Specified,0,,,,,
grocery,"Bausch + Lomb Biotrue Multi-Purpose Contact Lens Solution 60ml – Hydrating & pH Balanced for Soft Contact Lenses – Gentle Cleaning, Disinfection & Moisturization – Travel-Friendly Lens Care",https://www.daraz.lk/products/bausch-lomb-biotrue-multi-purpose-contact-lens-solution-60ml-hydrating-ph-balanced-for-soft-contact-lenses-gentle-cleaning-disinfection-moisturization-travel-friendly-lens-care-i126194043.html,1/9/25,TRUE,5,"very nice product, thank you",Color Family:Not Specified,0,,,,,
grocery,"Bausch + Lomb Biotrue Multi-Purpose Contact Lens Solution 60ml – Hydrating & pH Balanced for Soft Contact Lenses – Gentle Cleaning, Disinfection & Moisturization – Travel-Friendly Lens Care",https://www.daraz.lk/products/bausch-lomb-biotrue-multi-purpose-contact-lens-solution-60ml-hydrating-ph-balanced-for-soft-contact-lenses-gentle-cleaning-disinfection-moisturization-travel-friendly-lens-care-i126194043.html,6/3/25,TRUE,5,fast shipping and recommend,Color Family:Not Specified,0,,,,,
grocery,"Bausch + Lomb Biotrue Multi-Purpose Contact Lens Solution 60ml – Hydrating & pH Balanced for Soft Contact Lenses – Gentle Cleaning, Disinfection & Moisturization – Travel-Friendly Lens Care",https://www.daraz.lk/products/bausch-lomb-biotrue-multi-purpose-contact-lens-solution-60ml-hydrating-ph-balanced-for-soft-contact-lenses-gentle-cleaning-disinfection-moisturization-travel-friendly-lens-care-i126194043.html,7/3/25,TRUE,5,😻தறமான பொருட்கள்.🥰🥰,Color Family:Not Specified,0,,,,,
grocery,"Bausch + Lomb Biotrue Multi-Purpose Contact Lens Solution 60ml – Hydrating & pH Balanced for Soft Contact Lenses – Gentle Cleaning, Disinfection & Moisturization – Travel-Friendly Lens Care",https://www.daraz.lk/products/bausch-lomb-biotrue-multi-purpose-contact-lens-solution-60ml-hydrating-ph-balanced-for-soft-contact-lenses-gentle-cleaning-disinfection-moisturization-travel-friendly-lens-care-i126194043.html,11/4/24,TRUE,5,Good Qality Product,Color Family:Not Specified,0,,,,,
grocery,"Bausch + Lomb Biotrue Multi-Purpose Contact Lens Solution 60ml – Hydrating & pH Balanced for Soft Contact Lenses – Gentle Cleaning, Disinfection & Moisturization – Travel-Friendly Lens Care",https://www.daraz.lk/products/bausch-lomb-biotrue-multi-purpose-contact-lens-solution-60ml-hydrating-ph-balanced-for-soft-contact-lenses-gentle-cleaning-disinfection-moisturization-travel-friendly-lens-care-i126194043.html,12/24/24,TRUE,5,Good product..💯❤️,Color Family:Not Specified,1,,,,,
grocery,"Bausch + Lomb Biotrue Multi-Purpose Contact Lens Solution 60ml – Hydrating & pH Balanced for Soft Contact Lenses – Gentle Cleaning, Disinfection & Moisturization – Travel-Friendly Lens Care",https://www.daraz.lk/products/bausch-lomb-biotrue-multi-purpose-contact-lens-solution-60ml-hydrating-ph-balanced-for-soft-contact-lenses-gentle-cleaning-disinfection-moisturization-travel-friendly-lens-care-i126194043.html,2/1/25,TRUE,5,Great⭐️⭐️⭐️⭐️⭐️,Color Family:Not Specified,0,,,,,
grocery,"Bausch + Lomb Biotrue Multi-Purpose Contact Lens Solution 60ml – Hydrating & pH Balanced for Soft Contact Lenses – Gentle Cleaning, Disinfection & Moisturization – Travel-Friendly Lens Care",https://www.daraz.lk/products/bausch-lomb-biotrue-multi-purpose-contact-lens-solution-60ml-hydrating-ph-balanced-for-soft-contact-lenses-gentle-cleaning-disinfection-moisturization-travel-friendly-lens-care-i126194043.html,11/3/24,TRUE,5,best,Color Family:Not Specified,0,,,,,
grocery,"Bausch + Lomb Biotrue Multi-Purpose Contact Lens Solution 60ml – Hydrating & pH Balanced for Soft Contact Lenses – Gentle Cleaning, Disinfection & Moisturization – Travel-Friendly Lens Care",https://www.daraz.lk/products/bausch-lomb-biotrue-multi-purpose-contact-lens-solution-60ml-hydrating-ph-balanced-for-soft-contact-lenses-gentle-cleaning-disinfection-moisturization-travel-friendly-lens-care-i126194043.html,6/12/25,TRUE,5,not bad!,Color Family:Not Specified,0,,,,,
grocery,"Bausch + Lomb Biotrue Multi-Purpose Contact Lens Solution 60ml – Hydrating & pH Balanced for Soft Contact Lenses – Gentle Cleaning, Disinfection & Moisturization – Travel-Friendly Lens Care",https://www.daraz.lk/products/bausch-lomb-biotrue-multi-purpose-contact-lens-solution-60ml-hydrating-ph-balanced-for-soft-contact-lenses-gentle-cleaning-disinfection-moisturization-travel-friendly-lens-care-i126194043.html,8/19/24,TRUE,5,Recommended!😍,Color Family:Not Specified,0,,,,,
grocery,"Bausch + Lomb Biotrue Multi-Purpose Contact Lens Solution 60ml – Hydrating & pH Balanced for Soft Contact Lenses – Gentle Cleaning, Disinfection & Moisturization – Travel-Friendly Lens Care",https://www.daraz.lk/products/bausch-lomb-biotrue-multi-purpose-contact-lens-solution-60ml-hydrating-ph-balanced-for-soft-contact-lenses-gentle-cleaning-disinfection-moisturization-travel-friendly-lens-care-i126194043.html,4/17/25,TRUE,5,,Color Family:Not Specified,0,,,,,
grocery,"Bausch + Lomb Biotrue Multi-Purpose Contact Lens Solution 60ml – Hydrating & pH Balanced for Soft Contact Lenses – Gentle Cleaning, Disinfection & Moisturization – Travel-Friendly Lens Care",https://www.daraz.lk/products/bausch-lomb-biotrue-multi-purpose-contact-lens-solution-60ml-hydrating-ph-balanced-for-soft-contact-lenses-gentle-cleaning-disinfection-moisturization-travel-friendly-lens-care-i126194043.html,2/6/23,TRUE,5,,Color Family:Not Specified,1,,,,,
grocery,"Bausch + Lomb Biotrue Multi-Purpose Contact Lens Solution 60ml – Hydrating & pH Balanced for Soft Contact Lenses – Gentle Cleaning, Disinfection & Moisturization – Travel-Friendly Lens Care",https://www.daraz.lk/products/bausch-lomb-biotrue-multi-purpose-contact-lens-solution-60ml-hydrating-ph-balanced-for-soft-contact-lenses-gentle-cleaning-disinfection-moisturization-travel-friendly-lens-care-i126194043.html,12/6/23,TRUE,5,"Thank you, all good",Color Family:Not Specified,0,,,,,
grocery,"Bausch + Lomb Biotrue Multi-Purpose Contact Lens Solution 60ml – Hydrating & pH Balanced for Soft Contact Lenses – Gentle Cleaning, Disinfection & Moisturization – Travel-Friendly Lens Care",https://www.daraz.lk/products/bausch-lomb-biotrue-multi-purpose-contact-lens-solution-60ml-hydrating-ph-balanced-for-soft-contact-lenses-gentle-cleaning-disinfection-moisturization-travel-friendly-lens-care-i126194043.html,11/28/22,TRUE,5,great product 👏,Color Family:Not Specified,0,,,,,
grocery,"Bausch + Lomb Biotrue Multi-Purpose Contact Lens Solution 60ml – Hydrating & pH Balanced for Soft Contact Lenses – Gentle Cleaning, Disinfection & Moisturization – Travel-Friendly Lens Care",https://www.daraz.lk/products/bausch-lomb-biotrue-multi-purpose-contact-lens-solution-60ml-hydrating-ph-balanced-for-soft-contact-lenses-gentle-cleaning-disinfection-moisturization-travel-friendly-lens-care-i126194043.html,2/8/23,TRUE,5,good condition,Color Family:Not Specified,0,,,,,
grocery,"Bausch + Lomb Biotrue Multi-Purpose Contact Lens Solution 60ml – Hydrating & pH Balanced for Soft Contact Lenses – Gentle Cleaning, Disinfection & Moisturization – Travel-Friendly Lens Care",https://www.daraz.lk/products/bausch-lomb-biotrue-multi-purpose-contact-lens-solution-60ml-hydrating-ph-balanced-for-soft-contact-lenses-gentle-cleaning-disinfection-moisturization-travel-friendly-lens-care-i126194043.html,11/10/22,TRUE,5,Superb,Color Family:Not Specified,0,,,,,
grocery,"Bausch + Lomb Biotrue Multi-Purpose Contact Lens Solution 60ml – Hydrating & pH Balanced for Soft Contact Lenses – Gentle Cleaning, Disinfection & Moisturization – Travel-Friendly Lens Care",https://www.daraz.lk/products/bausch-lomb-biotrue-multi-purpose-contact-lens-solution-60ml-hydrating-ph-balanced-for-soft-contact-lenses-gentle-cleaning-disinfection-moisturization-travel-friendly-lens-care-i126194043.html,10/25/23,TRUE,2,too small.,Color Family:Not Specified,0,,,,,
grocery,Marvel Lady Tampons Superhero Period Pack 10 Pcs,https://www.daraz.lk/products/marvel-lady-tampons-superhero-period-pack-10-pcs-i100616359.html,4/4/26,TRUE,5,"pahasu milita, laguna,thankfully. damage mukuth thibune na. api pads packets  15 kuth oder kala. packg eka hodata eqala thibuna",Pack Size:7-12,0,,,,,
grocery,Marvel Lady Tampons Superhero Period Pack 10 Pcs,https://www.daraz.lk/products/marvel-lady-tampons-superhero-period-pack-10-pcs-i100616359.html,4/22/26,TRUE,5,"Very Good Product. Habai delevery wenna godaak kal giya..... customer care ekatath msg dla ikmnta genna ganna pluwnda baluwma..... eylath hmadma try krnnm kiyla kiyanne 🥲

Product eka nm parissmta seal krla ewla thibba....❤️",Pack Size:7-12,0,,,,,
grocery,Marvel Lady Tampons Superhero Period Pack 10 Pcs,https://www.daraz.lk/products/marvel-lady-tampons-superhero-period-pack-10-pcs-i100616359.html,11/4/25,TRUE,5,Best thing ever if you are a woman and reasonable price,Pack Size:7-12,0,,,,,
grocery,Marvel Lady Tampons Superhero Period Pack 10 Pcs,https://www.daraz.lk/products/marvel-lady-tampons-superhero-period-pack-10-pcs-i100616359.html,11/12/25,TRUE,5,Good. fast delivery. I received my order within a day.,Pack Size:7-12,0,,,,,
grocery,Marvel Lady Tampons Superhero Period Pack 10 Pcs,https://www.daraz.lk/products/marvel-lady-tampons-superhero-period-pack-10-pcs-i100616359.html,11/28/25,TRUE,5,Love it and affordable a satisfied customer,Pack Size:7-12,0,,,,,
grocery,Marvel Lady Tampons Superhero Period Pack 10 Pcs,https://www.daraz.lk/products/marvel-lady-tampons-superhero-period-pack-10-pcs-i100616359.html,4/16/26,TRUE,5,good product containing 10 tampoons,Pack Size:7-12,0,,,,,
grocery,Marvel Lady Tampons Superhero Period Pack 10 Pcs,https://www.daraz.lk/products/marvel-lady-tampons-superhero-period-pack-10-pcs-i100616359.html,8/16/24,TRUE,5,fast delivery,ඇසුරුමෙහි ප්‍රමාණය:7-12,0,,,,,
grocery,Marvel Lady Tampons Superhero Period Pack 10 Pcs,https://www.daraz.lk/products/marvel-lady-tampons-superhero-period-pack-10-pcs-i100616359.html,7/8/23,TRUE,5,"I’m a man, so I will only comment on the packaging, not the usage experience!
It was packed well and delivered.",Pack Size:7-12,1,,,,,
grocery,Marvel Lady Tampons Superhero Period Pack 10 Pcs,https://www.daraz.lk/products/marvel-lady-tampons-superhero-period-pack-10-pcs-i100616359.html,7/2/23,TRUE,5,Received the next day! Fast delivery and reasonable price. Will do more purchases in future. Thank you seller. #Win,Pack Size:7-12,0,,,,,
grocery,Marvel Lady Tampons Superhero Period Pack 10 Pcs,https://www.daraz.lk/products/marvel-lady-tampons-superhero-period-pack-10-pcs-i100616359.html,10/15/21,TRUE,3,"Received within 2 days. It would have been better if a thin (slender, less than 1.2 cm) version was also available.",Pack Size:7-12,2,,,,,
grocery,Marvel Lady Tampons Superhero Period Pack 10 Pcs,https://www.daraz.lk/products/marvel-lady-tampons-superhero-period-pack-10-pcs-i100616359.html,6/20/23,TRUE,5,It is really good and very comfortable..,Pack Size:7-12,0,,,,,
grocery,Marvel Lady Tampons Superhero Period Pack 10 Pcs,https://www.daraz.lk/products/marvel-lady-tampons-superhero-period-pack-10-pcs-i100616359.html,4/2/26,TRUE,5,godak hodai hemaparama ganna hemadeyakma hodata pack karala ewala thibuna me parath ehemai. thank you (⌒‿⌒) 🤩🥰🌷💕❤,Pack Size:7-12,0,,,,,
grocery,Marvel Lady Tampons Superhero Period Pack 10 Pcs,https://www.daraz.lk/products/marvel-lady-tampons-superhero-period-pack-10-pcs-i100616359.html,7/7/21,TRUE,5,"This is like my fifth time buying from this shop. I always receive my items REALLY quickly. Im extremely happy with the service. Keep up the awesome work, team! ♥️ You have earned yourselves a regular customer :)",Pack Size:7-12,1,,,,,
grocery,Marvel Lady Tampons Superhero Period Pack 10 Pcs,https://www.daraz.lk/products/marvel-lady-tampons-superhero-period-pack-10-pcs-i100616359.html,10/29/24,TRUE,5,"Really good product I was using little while. 
Highly recommend.",Pack Size:7-12,0,,,,,
grocery,Marvel Lady Tampons Superhero Period Pack 10 Pcs,https://www.daraz.lk/products/marvel-lady-tampons-superhero-period-pack-10-pcs-i100616359.html,9/24/24,TRUE,5,Good product as always and fast delivered... Thanks..♥️🥰,Pack Size:7-12,0,,,,,
grocery,Marvel Lady Tampons Superhero Period Pack 10 Pcs,https://www.daraz.lk/products/marvel-lady-tampons-superhero-period-pack-10-pcs-i100616359.html,8/23/25,TRUE,5,thank you for your for the fast delivery 👍👍👍,Pack Size:7-12,0,,,,,
grocery,Marvel Lady Tampons Superhero Period Pack 10 Pcs,https://www.daraz.lk/products/marvel-lady-tampons-superhero-period-pack-10-pcs-i100616359.html,7/7/21,TRUE,5,Thank youuuuu! Always happy with your super fast service. :) ✨,Thank youuuuu! Always happy with your super fast service. :) ✨,0,,,,,
grocery,Marvel Lady Tampons Superhero Period Pack 10 Pcs,https://www.daraz.lk/products/marvel-lady-tampons-superhero-period-pack-10-pcs-i100616359.html,11/8/24,TRUE,5,Delivered faster than expected. Good quality,Pack Size:7-12,0,,,,,
grocery,Marvel Lady Tampons Superhero Period Pack 10 Pcs,https://www.daraz.lk/products/marvel-lady-tampons-superhero-period-pack-10-pcs-i100616359.html,5/28/22,TRUE,5,life saving product and I got my package within 24 hours 🙏,Pack Size:7-12,0,,,,,
grocery,Marvel Lady Tampons Superhero Period Pack 10 Pcs,https://www.daraz.lk/products/marvel-lady-tampons-superhero-period-pack-10-pcs-i100616359.html,11/23/25,TRUE,5,Good quality and fast delivery....,Pack Size:7-12,0,,,,,
grocery,Marvel Lady Tampons Superhero Period Pack 10 Pcs,https://www.daraz.lk/products/marvel-lady-tampons-superhero-period-pack-10-pcs-i100616359.html,11/20/25,TRUE,5,"Thank you seller💐
Super delivery",Pack Size:7-12,0,,,,,
grocery,Marvel Lady Tampons Superhero Period Pack 10 Pcs,https://www.daraz.lk/products/marvel-lady-tampons-superhero-period-pack-10-pcs-i100616359.html,1/14/25,TRUE,5,Fast delivery. Worth with discount,Pack Size:7-12,0,,,,,
grocery,Marvel Lady Tampons Superhero Period Pack 10 Pcs,https://www.daraz.lk/products/marvel-lady-tampons-superhero-period-pack-10-pcs-i100616359.html,11/22/19,TRUE,5,This product Superb. 👍😍 Thank you.!!!,Pack Size:7-12,0,,,,,
grocery,Marvel Lady Tampons Superhero Period Pack 10 Pcs,https://www.daraz.lk/products/marvel-lady-tampons-superhero-period-pack-10-pcs-i100616359.html,8/30/24,TRUE,5,Thanks a lot easy to carry and use,Pack Size:7-12,0,,,,,
grocery,Marvel Lady Tampons Superhero Period Pack 10 Pcs,https://www.daraz.lk/products/marvel-lady-tampons-superhero-period-pack-10-pcs-i100616359.html,2/6/25,TRUE,5,Thank you fast delivery,Pack Size:7-12,0,,,,,
grocery,Marvel Lady Tampons Superhero Period Pack 10 Pcs,https://www.daraz.lk/products/marvel-lady-tampons-superhero-period-pack-10-pcs-i100616359.html,7/28/25,TRUE,5,Good product 👌,Pack Size:7-12,0,,,,,
grocery,Marvel Lady Tampons Superhero Period Pack 10 Pcs,https://www.daraz.lk/products/marvel-lady-tampons-superhero-period-pack-10-pcs-i100616359.html,10/18/24,TRUE,5,good product,ඇසුරුමෙහි ප්‍රමාණය:7-12,0,,,,,
grocery,Marvel Lady Tampons Superhero Period Pack 10 Pcs,https://www.daraz.lk/products/marvel-lady-tampons-superhero-period-pack-10-pcs-i100616359.html,11/17/24,TRUE,5,great,Pack Size:7-12,0,,,,,
grocery,Marvel Lady Tampons Superhero Period Pack 10 Pcs,https://www.daraz.lk/products/marvel-lady-tampons-superhero-period-pack-10-pcs-i100616359.html,1/10/26,TRUE,5,good,Pack Size:7-12,0,,,,,
grocery,Marvel Lady Tampons Superhero Period Pack 10 Pcs,https://www.daraz.lk/products/marvel-lady-tampons-superhero-period-pack-10-pcs-i100616359.html,12/1/24,TRUE,5,fine,Pack Size:7-12,0,,,,,
grocery,Marvel Lady Tampons Superhero Period Pack 10 Pcs,https://www.daraz.lk/products/marvel-lady-tampons-superhero-period-pack-10-pcs-i100616359.html,8/21/24,TRUE,5,I recommend,Pack Size:7-12,0,,,,,
grocery,Marvel Lady Tampons Superhero Period Pack 10 Pcs,https://www.daraz.lk/products/marvel-lady-tampons-superhero-period-pack-10-pcs-i100616359.html,8/14/24,TRUE,5,It’s really useful,Pack Size:7-12,0,,,,,
grocery,Marvel Lady Tampons Superhero Period Pack 10 Pcs,https://www.daraz.lk/products/marvel-lady-tampons-superhero-period-pack-10-pcs-i100616359.html,6/27/23,TRUE,5,"Thanks for the product.
Safely packed and quality product.",Pack Size:7-12,0,,,,,
grocery,Marvel Lady Tampons Superhero Period Pack 10 Pcs,https://www.daraz.lk/products/marvel-lady-tampons-superhero-period-pack-10-pcs-i100616359.html,7/6/23,TRUE,5,#Win as described the package arrived in well safely,Pack Size:7-12,0,,,,,
grocery,Marvel Lady Tampons Superhero Period Pack 10 Pcs,https://www.daraz.lk/products/marvel-lady-tampons-superhero-period-pack-10-pcs-i100616359.html,6/1/24,TRUE,5,Good quality and fast delivery 😍,Pack Size:7-12,0,,,,,
grocery,Marvel Lady Tampons Superhero Period Pack 10 Pcs,https://www.daraz.lk/products/marvel-lady-tampons-superhero-period-pack-10-pcs-i100616359.html,8/21/24,TRUE,5,I recommend,Pack Size:7-12,0,,,,,
grocery,Marvel Lady Tampons Superhero Period Pack 10 Pcs,https://www.daraz.lk/products/marvel-lady-tampons-superhero-period-pack-10-pcs-i100616359.html,8/14/24,TRUE,5,It’s really useful,Pack Size:7-12,0,,,,,
grocery,Marvel Lady Tampons Superhero Period Pack 10 Pcs,https://www.daraz.lk/products/marvel-lady-tampons-superhero-period-pack-10-pcs-i100616359.html,6/27/23,TRUE,5,"Thanks for the product.
Safely packed and quality product.",Pack Size:7-12,0,,,,,
grocery,Marvel Lady Tampons Superhero Period Pack 10 Pcs,https://www.daraz.lk/products/marvel-lady-tampons-superhero-period-pack-10-pcs-i100616359.html,7/6/23,TRUE,5,#Win as described the package arrived in well safely,Pack Size:7-12,0,,,,,
grocery,Marvel Lady Tampons Superhero Period Pack 10 Pcs,https://www.daraz.lk/products/marvel-lady-tampons-superhero-period-pack-10-pcs-i100616359.html,6/1/24,TRUE,5,Good quality and fast delivery 😍,Pack Size:7-12,0,,,,,
grocery,Marvel Lady Tampons Superhero Period Pack 10 Pcs,https://www.daraz.lk/products/marvel-lady-tampons-superhero-period-pack-10-pcs-i100616359.html,5/22/23,TRUE,5,good,Pack Size:7-12,0,,,,,
grocery,Marvel Lady Tampons Superhero Period Pack 10 Pcs,https://www.daraz.lk/products/marvel-lady-tampons-superhero-period-pack-10-pcs-i100616359.html,3/2/24,TRUE,5,good product,Pack Size:7-12,0,,,,,
grocery,Marvel Lady Tampons Superhero Period Pack 10 Pcs,https://www.daraz.lk/products/marvel-lady-tampons-superhero-period-pack-10-pcs-i100616359.html,10/8/20,TRUE,5,really good product,Pack Size:7-12,1,,,,,
grocery,Marvel Lady Tampons Superhero Period Pack 10 Pcs,https://www.daraz.lk/products/marvel-lady-tampons-superhero-period-pack-10-pcs-i100616359.html,6/19/21,TRUE,5,thank you so much for having these in stock and also at a reduced price...very fast delivery.,Pack Size:7-12,0,,,,,
grocery,Marvel Lady Tampons Superhero Period Pack 10 Pcs,https://www.daraz.lk/products/marvel-lady-tampons-superhero-period-pack-10-pcs-i100616359.html,8/22/20,TRUE,5,It doesn’t have an applicator but I think it’s adequate enough,Pack Size:7-12,0,,,,,
grocery,Marvel Lady Tampons Superhero Period Pack 10 Pcs,https://www.daraz.lk/products/marvel-lady-tampons-superhero-period-pack-10-pcs-i100616359.html,2/22/23,TRUE,5,Super fast delivery. Highly recommended.,Pack Size:7-12,0,,,,,
grocery,Marvel Lady Tampons Superhero Period Pack 10 Pcs,https://www.daraz.lk/products/marvel-lady-tampons-superhero-period-pack-10-pcs-i100616359.html,2/13/23,TRUE,5,Good product thank you. Fast delivery,Pack Size:7-12,0,,,,,
grocery,Marvel Lady Tampons Superhero Period Pack 10 Pcs,https://www.daraz.lk/products/marvel-lady-tampons-superhero-period-pack-10-pcs-i100616359.html,2/26/22,TRUE,5,reasonably priced and good quality.,Pack Size:7-12,0,,,,,
grocery,Marvel Lady Tampons Superhero Period Pack 10 Pcs,https://www.daraz.lk/products/marvel-lady-tampons-superhero-period-pack-10-pcs-i100616359.html,5/26/25,TRUE,2,These tampons do not come with applicators!,Pack Size:7-12,0,,,,,
grocery,Marvel Lady Tampons Superhero Period Pack 10 Pcs,https://www.daraz.lk/products/marvel-lady-tampons-superhero-period-pack-10-pcs-i100616359.html,8/15/21,TRUE,5,very good produst,Pack Size:7-12,0,,,,,
grocery,Marvel Lady Tampons Superhero Period Pack 10 Pcs,https://www.daraz.lk/products/marvel-lady-tampons-superhero-period-pack-10-pcs-i100616359.html,8/15/21,TRUE,5,very good product,Pack Size:7-12,0,,,,,
grocery,Marvel Lady Tampons Superhero Period Pack 10 Pcs,https://www.daraz.lk/products/marvel-lady-tampons-superhero-period-pack-10-pcs-i100616359.html,1/4/22,TRUE,5,fast delivery 👍,Pack Size:7-12,0,,,,,
grocery,Marvel Lady Tampons Superhero Period Pack 10 Pcs,https://www.daraz.lk/products/marvel-lady-tampons-superhero-period-pack-10-pcs-i100616359.html,12/20/21,TRUE,5,No applicator :(,No applicator :(,0,,,,,
grocery,Marvel Lady Tampons Superhero Period Pack 10 Pcs,https://www.daraz.lk/products/marvel-lady-tampons-superhero-period-pack-10-pcs-i100616359.html,5/29/21,TRUE,5,good product,Pack Size:7-12,0,,,,,
grocery,Marvel Lady Tampons Superhero Period Pack 10 Pcs,https://www.daraz.lk/products/marvel-lady-tampons-superhero-period-pack-10-pcs-i100616359.html,5/15/21,TRUE,5,good praduct,Pack Size:7-12,0,,,,,
grocery,Marvel Lady Tampons Superhero Period Pack 10 Pcs,https://www.daraz.lk/products/marvel-lady-tampons-superhero-period-pack-10-pcs-i100616359.html,11/25/23,TRUE,5,,Pack Size:7-12,0,,,,,
grocery,Marvel Lady Tampons Superhero Period Pack 10 Pcs,https://www.daraz.lk/products/marvel-lady-tampons-superhero-period-pack-10-pcs-i100616359.html,11/25/21,TRUE,5,👍,Pack Size:7-12,0,,,,,
grocery,Marvel Lady Tampons Superhero Period Pack 10 Pcs,https://www.daraz.lk/products/marvel-lady-tampons-superhero-period-pack-10-pcs-i100616359.html,7/6/19,TRUE,5,excellent,Pack Size:7-12,1,,,,,
grocery,Medical Grade Silicone Menstrual Cup Sterilizer Feminine Hygiene Menstrual Cup Sterilizing Menstrual Period Cup for Women Lady,https://www.daraz.lk/products/medical-grade-silicone-menstrual-cup-sterilizer-feminine-hygiene-menstrual-cup-sterilizing-menstrual-period-cup-for-women-lady-i362520955.html,1/22/26,TRUE,5,"First time ordering from this seller. Product was well-packed, seems good, and reasonably priced. Happy with the purchase!","Color:CupPink-SterPink, Size:S Size",0,,,,,
grocery,Medical Grade Silicone Menstrual Cup Sterilizer Feminine Hygiene Menstrual Cup Sterilizing Menstrual Period Cup for Women Lady,https://www.daraz.lk/products/medical-grade-silicone-menstrual-cup-sterilizer-feminine-hygiene-menstrual-cup-sterilizing-menstrual-period-cup-for-women-lady-i362520955.html,5/11/26,TRUE,5,Good product,"Color:CupPink-SterPink, Size:S Size",0,,,,,
grocery,Medical Grade Silicone Menstrual Cup Sterilizer Feminine Hygiene Menstrual Cup Sterilizing Menstrual Period Cup for Women Lady,https://www.daraz.lk/products/medical-grade-silicone-menstrual-cup-sterilizer-feminine-hygiene-menstrual-cup-sterilizing-menstrual-period-cup-for-women-lady-i362520955.html,8/1/25,TRUE,5,good,"Color:CupPurple-SterGBlue, Size:L Size",1,,,,,
grocery,Medical Grade Silicone Menstrual Cup Sterilizer Feminine Hygiene Menstrual Cup Sterilizing Menstrual Period Cup for Women Lady,https://www.daraz.lk/products/medical-grade-silicone-menstrual-cup-sterilizer-feminine-hygiene-menstrual-cup-sterilizing-menstrual-period-cup-for-women-lady-i362520955.html,8/9/25,FALSE,5,was looking to buy this for a long time. its definitely life saviour.. so much easier and so comfortable.,"Color:CupPurple-SterGreen, Size:S Size",0,,,,,
grocery,Medical Grade Silicone Menstrual Cup Sterilizer Feminine Hygiene Menstrual Cup Sterilizing Menstrual Period Cup for Women Lady,https://www.daraz.lk/products/medical-grade-silicone-menstrual-cup-sterilizer-feminine-hygiene-menstrual-cup-sterilizing-menstrual-period-cup-for-women-lady-i362520955.html,4/11/26,TRUE,5,Recommend 👍,"Color:CupPink-SterGreen, Size:L Size",0,,,,,
grocery,Medical Grade Silicone Menstrual Cup Sterilizer Feminine Hygiene Menstrual Cup Sterilizing Menstrual Period Cup for Women Lady,https://www.daraz.lk/products/medical-grade-silicone-menstrual-cup-sterilizer-feminine-hygiene-menstrual-cup-sterilizing-menstrual-period-cup-for-women-lady-i362520955.html,4/11/26,TRUE,5,Recommend 👍,"Color:CupPink-SterGreen, Size:L Size",0,,,,,
grocery,Medical Grade Silicone Menstrual Cup Sterilizer Feminine Hygiene Menstrual Cup Sterilizing Menstrual Period Cup for Women Lady,https://www.daraz.lk/products/medical-grade-silicone-menstrual-cup-sterilizer-feminine-hygiene-menstrual-cup-sterilizing-menstrual-period-cup-for-women-lady-i362520955.html,11/27/25,TRUE,5,Good 👍,"Color:CupPink-SterPink, Size:S Size",0,,,,,
grocery,Medical Grade Silicone Menstrual Cup Sterilizer Feminine Hygiene Menstrual Cup Sterilizing Menstrual Period Cup for Women Lady,https://www.daraz.lk/products/medical-grade-silicone-menstrual-cup-sterilizer-feminine-hygiene-menstrual-cup-sterilizing-menstrual-period-cup-for-women-lady-i362520955.html,4/12/25,TRUE,5,Good,"Color:CupPink-SterGBlue, Size:L Size",0,,,,,
grocery,Medical Grade Silicone Menstrual Cup Sterilizer Feminine Hygiene Menstrual Cup Sterilizing Menstrual Period Cup for Women Lady,https://www.daraz.lk/products/medical-grade-silicone-menstrual-cup-sterilizer-feminine-hygiene-menstrual-cup-sterilizing-menstrual-period-cup-for-women-lady-i362520955.html,1/10/26,TRUE,5,Good one,"Color:CupPink-SterPink, Size:S Size",0,,,,,
grocery,Medical Grade Silicone Menstrual Cup Sterilizer Feminine Hygiene Menstrual Cup Sterilizing Menstrual Period Cup for Women Lady,https://www.daraz.lk/products/medical-grade-silicone-menstrual-cup-sterilizer-feminine-hygiene-menstrual-cup-sterilizing-menstrual-period-cup-for-women-lady-i362520955.html,12/26/25,TRUE,5,good,"Color:CupPink-SterPink, Size:L Size",0,,,,,
grocery,Medical Grade Silicone Menstrual Cup Sterilizer Feminine Hygiene Menstrual Cup Sterilizing Menstrual Period Cup for Women Lady,https://www.daraz.lk/products/medical-grade-silicone-menstrual-cup-sterilizer-feminine-hygiene-menstrual-cup-sterilizing-menstrual-period-cup-for-women-lady-i362520955.html,6/26/26,TRUE,1,Charm came off as soon as I put the necklace on,"Color:CupPurple-SterGBlue, Size:S Size",0,,,,,
grocery,Resin Tooth Repair Glue Shapeable Teeth Gaps Filling Solid Glue Temporary Teeth Repair Falseteeth Glue Safety Dental Supplies,https://www.daraz.lk/products/resin-tooth-repair-glue-shapeable-teeth-gaps-filling-solid-glue-temporary-teeth-repair-falseteeth-glue-safety-dental-supplies-i298299578.html,3/6/26,TRUE,5,Haven't tried it yet but received well.,Color:10ml,0,,,,,
grocery,Resin Tooth Repair Glue Shapeable Teeth Gaps Filling Solid Glue Temporary Teeth Repair Falseteeth Glue Safety Dental Supplies,https://www.daraz.lk/products/resin-tooth-repair-glue-shapeable-teeth-gaps-filling-solid-glue-temporary-teeth-repair-falseteeth-glue-safety-dental-supplies-i298299578.html,3/26/26,TRUE,5,"Actually, as it says, it's good for temporary tooth repair, but its color changes after eating",Color:30ml,0,,,,,
grocery,Resin Tooth Repair Glue Shapeable Teeth Gaps Filling Solid Glue Temporary Teeth Repair Falseteeth Glue Safety Dental Supplies,https://www.daraz.lk/products/resin-tooth-repair-glue-shapeable-teeth-gaps-filling-solid-glue-temporary-teeth-repair-falseteeth-glue-safety-dental-supplies-i298299578.html,12/10/25,TRUE,5,I tried to make a filling for the first time yesterday. I like its appearance.,Color:5g,0,,,,,
grocery,Resin Tooth Repair Glue Shapeable Teeth Gaps Filling Solid Glue Temporary Teeth Repair Falseteeth Glue Safety Dental Supplies,https://www.daraz.lk/products/resin-tooth-repair-glue-shapeable-teeth-gaps-filling-solid-glue-temporary-teeth-repair-falseteeth-glue-safety-dental-supplies-i298299578.html,2/10/26,TRUE,5,"Received, the product is at the level as expected !",Color:30ml,0,,,,,
grocery,Resin Tooth Repair Glue Shapeable Teeth Gaps Filling Solid Glue Temporary Teeth Repair Falseteeth Glue Safety Dental Supplies,https://www.daraz.lk/products/resin-tooth-repair-glue-shapeable-teeth-gaps-filling-solid-glue-temporary-teeth-repair-falseteeth-glue-safety-dental-supplies-i298299578.html,6/13/26,TRUE,5,Same as described. very fast delivery,Color:30ml,0,,,,,
grocery,Resin Tooth Repair Glue Shapeable Teeth Gaps Filling Solid Glue Temporary Teeth Repair Falseteeth Glue Safety Dental Supplies,https://www.daraz.lk/products/resin-tooth-repair-glue-shapeable-teeth-gaps-filling-solid-glue-temporary-teeth-repair-falseteeth-glue-safety-dental-supplies-i298299578.html,6/13/26,TRUE,5,Same as described. very fast delivery,Color:30ml,0,,,,,
grocery,Resin Tooth Repair Glue Shapeable Teeth Gaps Filling Solid Glue Temporary Teeth Repair Falseteeth Glue Safety Dental Supplies,https://www.daraz.lk/products/resin-tooth-repair-glue-shapeable-teeth-gaps-filling-solid-glue-temporary-teeth-repair-falseteeth-glue-safety-dental-supplies-i298299578.html,4/5/26,TRUE,5,Quality product. Same as describe.,Color:10ml,0,,,,,
grocery,Resin Tooth Repair Glue Shapeable Teeth Gaps Filling Solid Glue Temporary Teeth Repair Falseteeth Glue Safety Dental Supplies,https://www.daraz.lk/products/resin-tooth-repair-glue-shapeable-teeth-gaps-filling-solid-glue-temporary-teeth-repair-falseteeth-glue-safety-dental-supplies-i298299578.html,11/29/25,TRUE,5,Excellent ❤️❤️,Color:20ml,0,,,,,
grocery,Resin Tooth Repair Glue Shapeable Teeth Gaps Filling Solid Glue Temporary Teeth Repair Falseteeth Glue Safety Dental Supplies,https://www.daraz.lk/products/resin-tooth-repair-glue-shapeable-teeth-gaps-filling-solid-glue-temporary-teeth-repair-falseteeth-glue-safety-dental-supplies-i298299578.html,11/29/25,TRUE,5,Excellent ❤️❤️,Color:10g,0,,,,,
grocery,Resin Tooth Repair Glue Shapeable Teeth Gaps Filling Solid Glue Temporary Teeth Repair Falseteeth Glue Safety Dental Supplies,https://www.daraz.lk/products/resin-tooth-repair-glue-shapeable-teeth-gaps-filling-solid-glue-temporary-teeth-repair-falseteeth-glue-safety-dental-supplies-i298299578.html,9/12/25,TRUE,5,vood product,Color:10g,0,,,,,
grocery,Resin Tooth Repair Glue Shapeable Teeth Gaps Filling Solid Glue Temporary Teeth Repair Falseteeth Glue Safety Dental Supplies,https://www.daraz.lk/products/resin-tooth-repair-glue-shapeable-teeth-gaps-filling-solid-glue-temporary-teeth-repair-falseteeth-glue-safety-dental-supplies-i298299578.html,5/6/26,TRUE,5,වැඩක් නැහැනෙ,Color:10g,0,,,,,
grocery,Resin Tooth Repair Glue Shapeable Teeth Gaps Filling Solid Glue Temporary Teeth Repair Falseteeth Glue Safety Dental Supplies,https://www.daraz.lk/products/resin-tooth-repair-glue-shapeable-teeth-gaps-filling-solid-glue-temporary-teeth-repair-falseteeth-glue-safety-dental-supplies-i298299578.html,7/5/25,TRUE,5,good product,Color:10g,0,,,,,
grocery,Resin Tooth Repair Glue Shapeable Teeth Gaps Filling Solid Glue Temporary Teeth Repair Falseteeth Glue Safety Dental Supplies,https://www.daraz.lk/products/resin-tooth-repair-glue-shapeable-teeth-gaps-filling-solid-glue-temporary-teeth-repair-falseteeth-glue-safety-dental-supplies-i298299578.html,5/1/26,TRUE,5,good,Color:10g,0,,,,,
grocery,Resin Tooth Repair Glue Shapeable Teeth Gaps Filling Solid Glue Temporary Teeth Repair Falseteeth Glue Safety Dental Supplies,https://www.daraz.lk/products/resin-tooth-repair-glue-shapeable-teeth-gaps-filling-solid-glue-temporary-teeth-repair-falseteeth-glue-safety-dental-supplies-i298299578.html,4/29/26,TRUE,5,Good,Color:5g,0,,,,,
grocery,Resin Tooth Repair Glue Shapeable Teeth Gaps Filling Solid Glue Temporary Teeth Repair Falseteeth Glue Safety Dental Supplies,https://www.daraz.lk/products/resin-tooth-repair-glue-shapeable-teeth-gaps-filling-solid-glue-temporary-teeth-repair-falseteeth-glue-safety-dental-supplies-i298299578.html,11/13/25,TRUE,5,good,Color:100g,0,,,,,
grocery,Resin Tooth Repair Glue Shapeable Teeth Gaps Filling Solid Glue Temporary Teeth Repair Falseteeth Glue Safety Dental Supplies,https://www.daraz.lk/products/resin-tooth-repair-glue-shapeable-teeth-gaps-filling-solid-glue-temporary-teeth-repair-falseteeth-glue-safety-dental-supplies-i298299578.html,5/14/26,TRUE,5,good,Color:30ml,0,,,,,
grocery,Resin Tooth Repair Glue Shapeable Teeth Gaps Filling Solid Glue Temporary Teeth Repair Falseteeth Glue Safety Dental Supplies,https://www.daraz.lk/products/resin-tooth-repair-glue-shapeable-teeth-gaps-filling-solid-glue-temporary-teeth-repair-falseteeth-glue-safety-dental-supplies-i298299578.html,12/4/25,TRUE,5,super,Color:10g,0,,,,,
grocery,Resin Tooth Repair Glue Shapeable Teeth Gaps Filling Solid Glue Temporary Teeth Repair Falseteeth Glue Safety Dental Supplies,https://www.daraz.lk/products/resin-tooth-repair-glue-shapeable-teeth-gaps-filling-solid-glue-temporary-teeth-repair-falseteeth-glue-safety-dental-supplies-i298299578.html,3/25/26,TRUE,1,"not satisfied 
pure white tooth thiyene ayete vitherai set venne anith ayete set venni ne nikang salli vesthi karenne epaa",Color:5g,0,,,,,
grocery,Resin Tooth Repair Glue Shapeable Teeth Gaps Filling Solid Glue Temporary Teeth Repair Falseteeth Glue Safety Dental Supplies,https://www.daraz.lk/products/resin-tooth-repair-glue-shapeable-teeth-gaps-filling-solid-glue-temporary-teeth-repair-falseteeth-glue-safety-dental-supplies-i298299578.html,3/7/26,TRUE,1,"just waste of Money, not good",Color:5g,0,,,,,